0.05,5,0,1,0
0.1,5,0,1,0
0.15,5,0,1,0
0.2,5,0,1,0
0.25,5,0,1,0
0.3,5,0,1,0
0.35,5,0,1,0
0.4,5,0,1,0
0.45,5,0,1,0
0.5,5,0,1,0
0.55,5,0,1,0
0.6,5,0,1,0
0.65,5,0,1,0
0.7,5,0,1,0
0.75,5,0,1,0
0.8,5,0,1,0
0.85,5,0,1,0
0.9,5,0,1,0
0.95,5,0,1,0
1,5,0,1,0
1.05,5,0,1,0
1.1,5,0,1,0
1.15,5,0,1,0
1.2,5,0,1,0
1.25,5,0,1,0
1.3,5,0,1,0
1.35,5,0,1,0
1.4,5,0,1,0
1.45,5,0,1,0
1.5,5,0,1,0
1.55,5,0,1,0
1.6,5,0,1,0
1.65,5,0,1,0
1.7,5,0,1,0
1.75,5,0,1,0
1.8,5,0,1,0
1.85,5,0,1,0
1.9,5,0,1,0
1.95,5,0,1,0
2,5,0,1,0
2.05,5,0,1,0
2.1,5,0,1,0
2.15,5,0,1,0
2.2,5,0,1,0
2.25,5,0,1,0
2.3,5,0,1,0
2.35,5,0,1,0
2.4,5,0,1,0
2.45,5,0,1,0
2.5,5,0,1,0
2.55,5,0,1,0
2.6,5,0,1,0
2.65,5,0,1,0
2.7,5,0,1,0
2.75,5,0,1,0
2.8,5,0,1,0
2.85,5,0,1,0
2.9,5,0,1,0
2.95,5,0,1,0
3,5,0,1,0
3.05,5,0,1,0
3.1,5,0,1,0
3.15,5,0,1,0
3.2,5,0,1,0
3.25,5,0,1,0
3.3,5,0,1,0
3.35,5,0,1,0
3.4,5,0,1,0
3.45,5,0,1,0
3.5,5,0,1,0
3.55,5,0,1,0
3.6,5,0,1,0
3.65,5,0,1,0
3.7,5,0,1,0
3.75,5,0,1,0
3.8,5,0,1,0
3.85,5,0,1,0
3.9,5,0,1,0
3.95,5,0,1,0
4,5,0,1,0
4.05,5,0,1,0
4.1,5,0,1,0
4.15,5,0,1,0
4.2,5,0,1,0
4.25,5,0,1,0
4.3,5,0,1,0
4.35,5,0,1,0
4.4,5,0,1,0
4.45,5,0,1,0
4.5,5,0,1,0
4.55,5,0,1,0
4.6,5,0,1,0
4.65,5,0,1,0
4.7,5,0,1,0
4.75,5,0,1,0
4.8,5,0,1,0
4.85,5,0,1,0
4.9,5,0,1,0
4.95,5,0,1,0
5,5,0,1,0
5.05,5,0,1,0
5.1,5,0,1,0
5.15,5,0,1,0
5.2,5,0,1,0
5.25,5,0,1,0
5.3,5,0,1,0
5.35,5,0,1,0
5.4,5,0,1,0
5.45,5,0,1,0
5.5,5,0,1,0
5.55,5,0,1,0
5.6,5,0,1,0
5.65,5,0,1,0
5.7,5,0,1,0
5.75,5,0,1,0
5.8,5,0,1,0
5.85,5,0,1,0
5.9,5,0,1,0
5.95,5,0,1,0
6,5,0,1,0
6.05,5,0,1,0
6.1,5,0,1,0
6.15,5,0,1,0
6.2,5,0,1,0
6.25,5,0,1,0
6.3,5,0,1,0
6.35,5,0,1,0
6.4,5,0,1,0
6.45,5,0,1,0
6.5,5,0,1,0
6.55,5,0,1,0
6.6,5,0,1,0
6.65,5,0,1,0
6.7,5,0,1,0
6.75,5,0,1,0
6.8,5,0,1,0
6.85,5,0,1,0
6.9,5,0,1,0
6.95,5,0,1,0
7,5,0,1,0
7.05,5,0,1,0
7.1,5,0,1,0
7.15,5,0,1,0
7.2,5,0,1,0
7.25,5,0,1,0
7.3,5,0,1,0
7.35,5,0,1,0
7.4,5,0,1,0
7.45,5,0,1,0
7.5,5,0,1,0
7.55,5,0,1,0
7.6,5,0,1,0
7.65,5,0,1,0
7.7,5,0,1,0
7.75,5,0,1,0
7.8,5,0,1,0
7.85,5,0,1,0
7.9,5,0,1,0
7.95,5,0,1,0
8,5,0,1,0
8.05,5,0,1,0
8.1,5,0,1,0
8.15,5,0,1,0
8.2,5,0,1,0
8.25,5,0,1,0
8.3,5,0,1,0
8.35,5,0,1,0
8.4,5,0,1,0
8.45,5,0,1,0
8.5,5,0,1,0
8.55,5,0,1,0
8.6,5,0,1,0
8.65,5,0,1,0
8.7,5,0,1,0
8.75,5,0,1,0
8.8,5,0,1,0
8.85,5,0,1,0
8.9,5,0,1,0
8.95,5,0,1,0
9,5,0,1,0
9.05,5,0,1,0
9.1,5,0,1,0
9.15,5,0,1,0
9.2,5,0,1,0
9.25,5,0,1,0
9.3,5,0,1,0
9.35,5,0,1,0
9.4,5,0,1,0
9.45,5,0,1,0
9.5,5,0,1,0
9.55,5,0,1,0
9.6,5,0,1,0
9.65,5,0,1,0
9.7,5,0,1,0
9.75,5,0,1,0
9.8,5,0,1,0
9.85,5,0,1,0
9.9,5,0,1,0
9.95,5,0,1,0
10,5,0,1,0
10.05,5,0,1,0
10.1,5,0,1,0
10.15,5,0,1,0
10.2,5,0,1,0
10.25,5,0,1,0
10.3,5,0,1,0
10.35,5,0,1,0
10.4,5,0,1,0
10.45,5,0,1,0
10.5,5,0,1,0
10.55,5,0,1,0
10.6,5,0,1,0
10.65,5,0,1,0
10.7,5,0,1,0
10.75,5,0,1,0
10.8,5,0,1,0
10.85,5,0,1,0
10.9,5,0,1,0
10.95,5,0,1,0
11,5,0,1,0
11.05,5,0,1,0
11.1,5,0,1,0
11.15,5,0,1,0
11.2,5,0,1,0
11.25,5,0,1,0
11.3,5,0,1,0
11.35,5,0,1,0
11.4,5,0,1,0
11.45,5,0,1,0
11.5,5,0,1,0
11.55,5,0,1,0
11.6,5,0,1,0
11.65,5,0,1,0
11.7,5,0,1,0
11.75,5,0,1,0
11.8,5,0,1,0
11.85,5,0,1,0
11.9,5,0,1,0
11.95,5,0,1,0
12,5,0,1,0
12.05,5,0,1,0
12.1,5,0,1,0
12.15,5,0,1,0
12.2,5,0,1,0
12.25,5,0,1,0
12.3,5,0,1,0
12.35,5,0,1,0
12.4,5,0,1,0
12.45,5,0,1,0
12.5,5,0,1,0
12.55,5,0,1,0
12.6,5,0,1,0
12.65,5,0,1,0
12.7,5,0,1,0
12.75,5,0,1,0
12.8,5,0,1,0
12.85,5,0,1,0
12.9,5,0,1,0
12.95,5,0,1,0
13,5,0,1,0
13.05,5,0,1,0
13.1,5,0,1,0
13.15,5,0,1,0
13.2,5,0,1,0
13.25,5,0,1,0
13.3,5,0,1,0
13.35,5,0,1,0
13.4,5,0,1,0
13.45,5,0,1,0
13.5,5,0,1,0
13.55,5,0,1,0
13.6,5,0,1,0
13.65,5,0,1,0
13.7,5,0,1,0
13.75,5,0,1,0
13.8,5,0,1,0
13.85,5,0,1,0
13.9,5,0,1,0
13.95,5,0,1,0
14,5,0,1,0
14.05,5,0,1,0
14.1,5,0,1,0
14.15,5,0,1,0
14.2,5,0,1,0
14.25,5,0,1,0
14.3,5,0,1,0
14.35,5,0,1,0
14.4,5,0,1,0
14.45,5,0,1,0
14.5,5,0,1,0
14.55,5,0,1,0
14.6,5,0,1,0
14.65,5,0,1,0
14.7,5,0,1,0
14.75,5,0,1,0
14.8,5,0,1,0
14.85,5,0,1,0
14.9,5,0,1,0
14.95,5,0,1,0
15,5,0,1,0
15.05,5,0,1,0
15.1,5,0,1,0
15.15,5,0,1,0
15.2,5,0,1,0
15.25,5,0,1,0
15.3,5,0,1,0
15.35,5,0,1,0
15.4,5,0,1,0
15.45,5,0,1,0
15.5,5,0,1,0
15.55,5,0,1,0
15.6,5,0,1,0
15.65,5,0,1,0
15.7,5,0,1,0
15.75,5,0,1,0
15.8,5,0,1,0
15.85,5,0,1,0
15.9,5,0,1,0
15.95,5,0,1,0
16,5,0,1,0
16.05,5,0,1,0
16.1,5,0,1,0
16.15,5,0,1,0
16.2,5,0,1,0
16.25,5,0,1,0
16.3,5,0,1,0
16.35,5,0,1,0
16.4,5,0,1,0
16.45,5,0,1,0
16.5,5,0,1,0
16.55,5,0,1,0
16.6,5,0,1,0
16.65,5,0,1,0
16.7,5,0,1,0
16.75,5,0,1,0
16.8,5,0,1,0
16.85,5,0,1,0
16.9,5,0,1,0
16.95,5,0,1,0
17,5,0,1,0
17.05,5,0,1,0
17.1,5,0,1,0
17.15,5,0,1,0
17.2,5,0,1,0
17.25,5,0,1,0
17.3,5,0,1,0
17.35,5,0,1,0
17.4,5,0,1,0
17.45,5,0,1,0
17.5,5,0,1,0
17.55,5,0,1,0
17.6,5,0,1,0
17.65,5,0,1,0
17.7,5,0,1,0
17.75,5,0,1,0
17.8,5,0,1,0
17.85,5,0,1,0
17.9,5,0,1,0
17.95,5,0,1,0
18,5,0,1,0
18.05,5,0,1,0
18.1,5,0,1,0
18.15,5,0,1,0
18.2,5,0,1,0
18.25,5,0,1,0
18.3,5,0,1,0
18.35,5,0,1,0
18.4,5,0,1,0
18.45,5,0,1,0
18.5,5,0,1,0
18.55,5,0,1,0
18.6,5,0,1,0
18.65,5,0,1,0
18.7,5,0,1,0
18.75,5,0,1,0
18.8,5,0,1,0
18.85,5,0,1,0
18.9,5,0,1,0
18.95,5,0,1,0
19,5,0,1,0
19.05,5,0,1,0
19.1,5,0,1,0
19.15,5,0,1,0
19.2,5,0,1,0
19.25,5,0,1,0
19.3,5,0,1,0
19.35,5,0,1,0
19.4,5,0,1,0
19.45,5,0,1,0
19.5,5,0,1,0
19.55,5,0,1,0
19.6,5,0,1,0
19.65,5,0,1,0
19.7,5,0,1,0
19.75,5,0,1,0
19.8,5,0,1,0
19.85,5,0,1,0
19.9,5,0,1,0
19.95,5,0,1,0
20,5,0,1,0
20.05,5,0,1,0
20.1,5,0,1,0
20.15,5,0,1,0
20.2,5,0,1,0
20.25,5,0,1,0
20.3,5,0,1,0
20.35,5,0,1,0
20.4,5,0,1,0
20.45,5,0,1,0
20.5,5,0,1,0
20.55,5,0,1,0
20.6,5,0,1,0
20.65,5,0,1,0
20.7,5,0,1,0
20.75,5,0,1,0
20.8,5,0,1,0
20.85,5,0,1,0
20.9,5,0,1,0
20.95,5,0,1,0
21,5,0,1,0
21.05,5,0,1,0
21.1,5,0,1,0
21.15,5,0,1,0
21.2,5,0,1,0
21.25,5,0,1,0
21.3,5,0,1,0
21.35,5,0,1,0
21.4,5,0,1,0
21.45,5,0,1,0
21.5,5,0,1,0
21.55,5,0,1,0
21.6,5,0,1,0
21.65,5,0,1,0
21.7,5,0,1,0
21.75,5,0,1,0
21.8,5,0,1,0
21.85,5,0,1,0
21.9,5,0,1,0
21.95,5,0,1,0
22,5,0,1,0
22.05,5,0,1,0
22.1,5,0,1,0
22.15,5,0,1,0
22.2,5,0,1,0
22.25,5,0,1,0
22.3,5,0,1,0
22.35,5,0,1,0
22.4,5,0,1,0
22.45,5,0,1,0
22.5,5,0,1,0
22.55,5,0,1,0
22.6,5,0,1,0
22.65,5,0,1,0
22.7,5,0,1,0
22.75,5,0,1,0
22.8,5,0,1,0
22.85,5,0,1,0
22.9,5,0,1,0
22.95,5,0,1,0
23,5,0,1,0
23.05,5,0,1,0
23.1,5,0,1,0
23.15,5,0,1,0
23.2,5,0,1,0
23.25,5,0,1,0
23.3,5,0,1,0
23.35,5,0,1,0
23.4,5,0,1,0
23.45,5,0,1,0
23.5,5,0,1,0
23.55,5,0,1,0
23.6,5,0,1,0
23.65,5,0,1,0
23.7,5,0,1,0
23.75,5,0,1,0
23.8,5,0,1,0
23.85,5,0,1,0
23.9,5,0,1,0
23.95,5,0,1,0
24,5,0,1,0
24.05,5,0,1,0
24.1,5,0,1,0
24.15,5,0,1,0
24.2,5,0,1,0
24.25,5,0,1,0
24.3,5,0,1,0
24.35,5,0,1,0
24.4,5,0,1,0
24.45,5,0,1,0
24.5,5,0,1,0
24.55,5,0,1,0
24.6,5,0,1,0
24.65,5,0,1,0
24.7,5,0,1,0
24.75,5,0,1,0
24.8,5,0,1,0
24.85,5,0,1,0
24.9,5,0,1,0
24.95,5,0,1,0
25,5,0,1,0
25.05,5,0,1,0
25.1,5,0,1,0
25.15,5,0,1,0
25.2,5,0,1,0
25.25,5,0,1,0
25.3,5,0,1,0
25.35,5,0,1,0
25.4,5,0,1,0
25.45,5,0,1,0
25.5,5,0,1,0
25.55,5,0,1,0
25.6,5,0,1,0
25.65,5,0,1,0
25.7,5,0,1,0
25.75,5,0,1,0
25.8,5,0,1,0
25.85,5,0,1,0
25.9,5,0,1,0
25.95,5,0,1,0
26,5,0,1,0
26.05,5,0,1,0
26.1,5,0,1,0
26.15,5,0,1,0
26.2,5,0,1,0
26.25,5,0,1,0
26.3,5,0,1,0
26.35,5,0,1,0
26.4,5,0,1,0
26.45,5,0,1,0
26.5,5,0,1,0
26.55,5,0,1,0
26.6,5,0,1,0
26.65,5,0,1,0
26.7,5,0,1,0
26.75,5,0,1,0
26.8,5,0,1,0
26.85,5,0,1,0
26.9,5,0,1,0
26.95,5,0,1,0
27,5,0,1,0
27.05,5,0,1,0
27.1,5,0,1,0
27.15,5,0,1,0
27.2,5,0,1,0
27.25,5,0,1,0
27.3,5,0,1,0
27.35,5,0,1,0
27.4,5,0,1,0
27.45,5,0,1,0
27.5,5,0,1,0
27.55,5,0,1,0
27.6,5,0,1,0
27.65,5,0,1,0
27.7,5,0,1,0
27.75,5,0,1,0
27.8,5,0,1,0
27.85,5,0,1,0
27.9,5,0,1,0
27.95,5,0,1,0
28,5,0,1,0
28.05,5,0,1,0
28.1,5,0,1,0
28.15,5,0,1,0
28.2,5,0,1,0
28.25,5,0,1,0
28.3,5,0,1,0
28.35,5,0,1,0
28.4,5,0,1,0
28.45,5,0,1,0
28.5,5,0,1,0
28.55,5,0,1,0
28.6,5,0,1,0
28.65,5,0,1,0
28.7,5,0,1,0
28.75,5,0,1,0
28.8,5,0,1,0
28.85,5,0,1,0
28.9,5,0,1,0
28.95,5,0,1,0
29,5,0,1,0
29.05,5,0,1,0
29.1,5,0,1,0
29.15,5,0,1,0
29.2,5,0,1,0
29.25,5,0,1,0
29.3,5,0,1,0
29.35,5,0,1,0
29.4,5,0,1,0
29.45,5,0,1,0
29.5,5,0,1,0
29.55,5,0,1,0
29.6,5,0,1,0
29.65,5,0,1,0
29.7,5,0,1,0
29.75,5,0,1,0
29.8,5,0,1,0
29.85,5,0,1,0
29.9,5,0,1,0
29.95,5,0,1,0
30,5,0,1,0
30.05,5,0,1,0
30.1,5,0,1,0
30.15,5,0,1,0
30.2,5,0,1,0
30.25,5,0,1,0
30.3,5,0,1,0
30.35,5,0,1,0
30.4,5,0,1,0
30.45,5,0,1,0
30.5,5,0,1,0
30.55,5,0,1,0
30.6,5,0,1,0
30.65,5,0,1,0
30.7,5,0,1,0
30.75,5,0,1,0
30.8,5,0,1,0
30.85,5,0,1,0
30.9,5,0,1,0
30.95,5,0,1,0
31,5,0,1,0
31.05,5,0,1,0
31.1,5,0,1,0
31.15,5,0,1,0
31.2,5,0,1,0
31.25,5,0,1,0
31.3,5,0,1,0
31.35,5,0,1,0
31.4,5,0,1,0
31.45,5,0,1,0
31.5,5,0,1,0
31.55,5,0,1,0
31.6,5,0,1,0
31.65,5,0,1,0
31.7,5,0,1,0
31.75,5,0,1,0
31.8,5,0,1,0
31.85,5,0,1,0
31.9,5,0,1,0
31.95,5,0,1,0
32,5,0,1,0
32.05,5,0,1,0
32.1,5,0,1,0
32.15,5,0,1,0
32.2,5,0,1,0
32.25,5,0,1,0
32.3,5,0,1,0
32.35,5,0,1,0
32.4,5,0,1,0
32.45,5,0,1,0
32.5,5,0,1,0
32.55,5,0,1,0
32.6,5,0,1,0
32.65,5,0,1,0
32.7,5,0,1,0
32.75,5,0,1,0
32.8,5,0,1,0
32.85,5,0,1,0
32.9,5,0,1,0
32.95,5,0,1,0
33,5,0,1,0
33.05,5,0,1,0
33.1,5,0,1,0
33.15,5,0,1,0
33.2,5,0,1,0
33.25,5,0,1,0
33.3,5,0,1,0
33.35,5,0,1,0
33.4,5,0,1,0
33.45,5,0,1,0
33.5,5,0,1,0
33.55,5,0,1,0
33.6,5,0,1,0
33.65,5,0,1,0
33.7,5,0,1,0
33.75,5,0,1,0
33.8,5,0,1,0
33.85,5,0,1,0
33.9,5,0,1,0
33.95,5,0,1,0
34,5,0,1,0
34.05,5,0,1,0
34.1,5,0,1,0
34.15,5,0,1,0
34.2,5,0,1,0
34.25,5,0,1,0
34.3,5,0,1,0
34.35,5,0,1,0
34.4,5,0,1,0
34.45,5,0,1,0
34.5,5,0,1,0
34.55,5,0,1,0
34.6,5,0,1,0
34.65,5,0,1,0
34.7,5,0,1,0
34.75,5,0,1,0
34.8,5,0,1,0
34.85,5,0,1,0
34.9,5,0,1,0
34.95,5,0,1,0
35,5,0,1,0
35.05,5,0,1,0
35.1,5,0,1,0
35.15,5,0,1,0
35.2,5,0,1,0
35.25,5,0,1,0
35.3,5,0,1,0
35.35,5,0,1,0
35.4,5,0,1,0
35.45,5,0,1,0
35.5,5,0,1,0
35.55,5,0,1,0
35.6,5,0,1,0
35.65,5,0,1,0
35.7,5,0,1,0
35.75,5,0,1,0
35.8,5,0,1,0
35.85,5,0,1,0
35.9,5,0,1,0
35.95,5,0,1,0
36,5,0,1,0
36.05,5,0,1,0
36.1,5,0,1,0
36.15,5,0,1,0
36.2,5,0,1,0
36.25,5,0,1,0
36.3,5,0,1,0
36.35,5,0,1,0
36.4,5,0,1,0
36.45,5,0,1,0
36.5,5,0,1,0
36.55,5,0,1,0
36.6,5,0,1,0
36.65,5,0,1,0
36.7,5,0,1,0
36.75,5,0,1,0
36.8,5,0,1,0
36.85,5,0,1,0
36.9,5,0,1,0
36.95,5,0,1,0
37,5,0,1,0
37.05,5,0,1,0
37.1,5,0,1,0
37.15,5,0,1,0
37.2,5,0,1,0
37.25,5,0,1,0
37.3,5,0,1,0
37.35,5,0,1,0
37.4,5,0,1,0
37.45,5,0,1,0
37.5,5,0,1,0
37.55,5,0,1,0
37.6,5,0,1,0
37.65,5,0,1,0
37.7,5,0,1,0
37.75,5,0,1,0
37.8,5,0,1,0
37.85,5,0,1,0
37.9,5,0,1,0
37.95,5,0,1,0
38,5,0,1,0
38.05,5,0,1,0
38.1,5,0,1,0
38.15,5,0,1,0
38.2,5,0,1,0
38.25,5,0,1,0
38.3,5,0,1,0
38.35,5,0,1,0
38.4,5,0,1,0
38.45,5,0,1,0
38.5,5,0,1,0
38.55,5,0,1,0
38.6,5,0,1,0
38.65,5,0,1,0
38.7,5,0,1,0
38.75,5,0,1,0
38.8,5,0,1,0
38.85,5,0,1,0
38.9,5,0,1,0
38.95,5,0,1,0
39,5,0,1,0
39.05,5,0,1,0
39.1,5,0,1,0
39.15,5,0,1,0
39.2,5,0,1,0
39.25,5,0,1,0
39.3,5,0,1,0
39.35,5,0,1,0
39.4,5,0,1,0
39.45,5,0,1,0
39.5,5,0,1,0
39.55,5,0,1,0
39.6,5,0,1,0
39.65,5,0,1,0
39.7,5,0,1,0
39.75,5,0,1,0
39.8,5,0,1,0
39.85,5,0,1,0
39.9,5,0,1,0
39.95,5,0,1,0
40,5,0,1,0
40.05,5,0,1,0
40.1,5,0,1,0
40.15,5,0,1,0
40.2,5,0,1,0
40.25,5,0,1,0
40.3,5,0,1,0
40.35,5,0,1,0
40.4,5,0,1,0
40.45,5,0,1,0
40.5,5,0,1,0
40.55,5,0,1,0
40.6,5,0,1,0
40.65,5,0,1,0
40.7,5,0,1,0
40.75,5,0,1,0
40.8,5,0,1,0
40.85,5,0,1,0
40.9,5,0,1,0
40.95,5,0,1,0
41,5,0,1,0
41.05,5,0,1,0
41.1,5,0,1,0
41.15,5,0,1,0
41.2,5,0,1,0
41.25,5,0,1,0
41.3,5,0,1,0
41.35,5,0,1,0
41.4,5,0,1,0
41.45,5,0,1,0
41.5,5,0,1,0
41.55,5,0,1,0
41.6,5,0,1,0
41.65,5,0,1,0
41.7,5,0,1,0
41.75,5,0,1,0
41.8,5,0,1,0
41.85,5,0,1,0
41.9,5,0,1,0
41.95,5,0,1,0
42,5,0,1,0
42.05,5,0,1,0
42.1,5,0,1,0
42.15,5,0,1,0
42.2,5,0,1,0
42.25,5,0,1,0
42.3,5,0,1,0
42.35,5,0,1,0
42.4,5,0,1,0
42.45,5,0,1,0
42.5,5,0,1,0
42.55,5,0,1,0
42.6,5,0,1,0
42.65,5,0,1,0
42.7,5,0,1,0
42.75,5,0,1,0
42.8,5,0,1,0
42.85,5,0,1,0
42.9,5,0,1,0
42.95,5,0,1,0
43,5,0,1,0
43.05,5,0,1,0
43.1,5,0,1,0
43.15,5,0,1,0
43.2,5,0,1,0
43.25,5,0,1,0
43.3,5,0,1,0
43.35,5,0,1,0
43.4,5,0,1,0
43.45,5,0,1,0
43.5,5,0,1,0
43.55,5,0,1,0
43.6,5,0,1,0
43.65,5,0,1,0
43.7,5,0,1,0
43.75,5,0,1,0
43.8,5,0,1,0
43.85,5,0,1,0
43.9,5,0,1,0
43.95,5,0,1,0
44,5,0,1,0
44.05,5,0,1,0
44.1,5,0,1,0
44.15,5,0,1,0
44.2,5,0,1,0
44.25,5,0,1,0
44.3,5,0,1,0
44.35,5,0,1,0
44.4,5,0,1,0
44.45,5,0,1,0
44.5,5,0,1,0
44.55,5,0,1,0
44.6,5,0,1,0
44.65,5,0,1,0
44.7,5,0,1,0
44.75,5,0,1,0
44.8,5,0,1,0
44.85,5,0,1,0
44.9,5,0,1,0
44.95,5,0,1,0
45,5,0,1,0
45.05,5,0,1,0
45.1,5,0,1,0
45.15,5,0,1,0
45.2,5,0,1,0
45.25,5,0,1,0
45.3,5,0,1,0
45.35,5,0,1,0
45.4,5,0,1,0
45.45,5,0,1,0
45.5,5,0,1,0
45.55,5,0,1,0
45.6,5,0,1,0
45.65,5,0,1,0
45.7,5,0,1,0
45.75,5,0,1,0
45.8,5,0,1,0
45.85,5,0,1,0
45.9,5,0,1,0
45.95,5,0,1,0
46,5,0,1,0
46.05,5,0,1,0
46.1,5,0,1,0
46.15,5,0,1,0
46.2,5,0,1,0
46.25,5,0,1,0
46.3,5,0,1,0
46.35,5,0,1,0
46.4,5,0,1,0
46.45,5,0,1,0
46.5,5,0,1,0
46.55,5,0,1,0
46.6,5,0,1,0
46.65,5,0,1,0
46.7,5,0,1,0
46.75,5,0,1,0
46.8,5,0,1,0
46.85,5,0,1,0
46.9,5,0,1,0
46.95,5,0,1,0
47,5,0,1,0
47.05,5,0,1,0
47.1,5,0,1,0
47.15,5,0,1,0
47.2,5,0,1,0
47.25,5,0,1,0
47.3,5,0,1,0
47.35,5,0,1,0
47.4,5,0,1,0
47.45,5,0,1,0
47.5,5,0,1,0
47.55,5,0,1,0
47.6,5,0,1,0
47.65,5,0,1,0
47.7,5,0,1,0
47.75,5,0,1,0
47.8,5,0,1,0
47.85,5,0,1,0
47.9,5,0,1,0
47.95,5,0,1,0
48,5,0,1,0
48.05,5,0,1,0
48.1,5,0,1,0
48.15,5,0,1,0
48.2,5,0,1,0
48.25,5,0,1,0
48.3,5,0,1,0
48.35,5,0,1,0
48.4,5,0,1,0
48.45,5,0,1,0
48.5,5,0,1,0
48.55,5,0,1,0
48.6,5,0,1,0
48.65,5,0,1,0
48.7,5,0,1,0
48.75,5,0,1,0
48.8,5,0,1,0
48.85,5,0,1,0
48.9,5,0,1,0
48.95,5,0,1,0
49,5,0,1,0
49.05,5,0,1,0
49.1,5,0,1,0
49.15,5,0,1,0
49.2,5,0,1,0
49.25,5,0,1,0
49.3,5,0,1,0
49.35,5,0,1,0
49.4,5,0,1,0
49.45,5,0,1,0
49.5,5,0,1,0
49.55,5,0,1,0
49.6,5,0,1,0
49.65,5,0,1,0
49.7,5,0,1,0
49.75,5,0,1,0
49.8,5,0,1,0
49.85,5,0,1,0
49.9,5,0,1,0
49.95,5,0,1,0
50,5,0,1,0
50.05,5,0,1,0
50.1,5,0,1,0
50.15,5,0,1,0
50.2,5,0,1,0
50.25,5,0,1,0
50.3,5,0,1,0
50.35,5,0,1,0
50.4,5,0,1,0
50.45,5,0,1,0
50.5,5,0,1,0
50.55,5,0,1,0
50.6,5,0,1,0
50.65,5,0,1,0
50.7,5,0,1,0
50.75,5,0,1,0
50.8,5,0,1,0
50.85,5,0,1,0
50.9,5,0,1,0
50.95,5,0,1,0
51,5,0,1,0
51.05,5,0,1,0
51.1,5,0,1,0
51.15,5,0,1,0
51.2,5,0,1,0
51.25,5,0,1,0
51.3,5,0,1,0
51.35,5,0,1,0
51.4,5,0,1,0
51.45,5,0,1,0
51.5,5,0,1,0
51.55,5,0,1,0
51.6,5,0,1,0
51.65,5,0,1,0
51.7,5,0,1,0
51.75,5,0,1,0
51.8,5,0,1,0
51.85,5,0,1,0
51.9,5,0,1,0
51.95,5,0,1,0
52,5,0,1,0
52.05,5,0,1,0
52.1,5,0,1,0
52.15,5,0,1,0
52.2,5,0,1,0
52.25,5,0,1,0
52.3,5,0,1,0
52.35,5,0,1,0
52.4,5,0,1,0
52.45,5,0,1,0
52.5,5,0,1,0
52.55,5,0,1,0
52.6,5,0,1,0
52.65,5,0,1,0
52.7,5,0,1,0
52.75,5,0,1,0
52.8,5,0,1,0
52.85,5,0,1,0
52.9,5,0,1,0
52.95,5,0,1,0
53,5,0,1,0
53.05,5,0,1,0
53.1,5,0,1,0
53.15,5,0,1,0
53.2,5,0,1,0
53.25,5,0,1,0
53.3,5,0,1,0
53.35,5,0,1,0
53.4,5,0,1,0
53.45,5,0,1,0
53.5,5,0,1,0
53.55,5,0,1,0
53.6,5,0,1,0
53.65,5,0,1,0
53.7,5,0,1,0
53.75,5,0,1,0
53.8,5,0,1,0
53.85,5,0,1,0
53.9,5,0,1,0
53.95,5,0,1,0
54,5,0,1,0
54.05,5,0,1,0
54.1,5,0,1,0
54.15,5,0,1,0
54.2,5,0,1,0
54.25,5,0,1,0
54.3,5,0,1,0
54.35,5,0,1,0
54.4,5,0,1,0
54.45,5,0,1,0
54.5,5,0,1,0
54.55,5,0,1,0
54.6,5,0,1,0
54.65,5,0,1,0
54.7,5,0,1,0
54.75,5,0,1,0
54.8,5,0,1,0
54.85,5,0,1,0
54.9,5,0,1,0
54.95,5,0,1,0
55,5,0,1,0
55.05,5,0,1,0
55.1,5,0,1,0
55.15,5,0,1,0
55.2,5,0,1,0
55.25,5,0,1,0
55.3,5,0,1,0
55.35,5,0,1,0
55.4,5,0,1,0
55.45,5,0,1,0
55.5,5,0,1,0
55.55,5,0,1,0
55.6,5,0,1,0
55.65,5,0,1,0
55.7,5,0,1,0
55.75,5,0,1,0
55.8,5,0,1,0
55.85,5,0,1,0
55.9,5,0,1,0
55.95,5,0,1,0
56,5,0,1,0
56.05,5,0,1,0
56.1,5,0,1,0
56.15,5,0,1,0
56.2,5,0,1,0
56.25,5,0,1,0
56.3,5,0,1,0
56.35,5,0,1,0
56.4,5,0,1,0
56.45,5,0,1,0
56.5,5,0,1,0
56.55,5,0,1,0
56.6,5,0,1,0
56.65,5,0,1,0
56.7,5,0,1,0
56.75,5,0,1,0
56.8,5,0,1,0
56.85,5,0,1,0
56.9,5,0,1,0
56.95,5,0,1,0
57,5,0,1,0
57.05,5,0,1,0
57.1,5,0,1,0
57.15,5,0,1,0
57.2,5,0,1,0
57.25,5,0,1,0
57.3,5,0,1,0
57.35,5,0,1,0
57.4,5,0,1,0
57.45,5,0,1,0
57.5,5,0,1,0
57.55,5,0,1,0
57.6,5,0,1,0
57.65,5,0,1,0
57.7,5,0,1,0
57.75,5,0,1,0
57.8,5,0,1,0
57.85,5,0,1,0
57.9,5,0,1,0
57.95,5,0,1,0
58,5,0,1,0
58.05,5,0,1,0
58.1,5,0,1,0
58.15,5,0,1,0
58.2,5,0,1,0
58.25,5,0,1,0
58.3,5,0,1,0
58.35,5,0,1,0
58.4,5,0,1,0
58.45,5,0,1,0
58.5,5,0,1,0
58.55,5,0,1,0
58.6,5,0,1,0
58.65,5,0,1,0
58.7,5,0,1,0
58.75,5,0,1,0
58.8,5,0,1,0
58.85,5,0,1,0
58.9,5,0,1,0
58.95,5,0,1,0
59,5,0,1,0
59.05,5,0,1,0
59.1,5,0,1,0
59.15,5,0,1,0
59.2,5,0,1,0
59.25,5,0,1,0
59.3,5,0,1,0
59.35,5,0,1,0
59.4,5,0,1,0
59.45,5,0,1,0
59.5,5,0,1,0
59.55,5,0,1,0
59.6,5,0,1,0
59.65,5,0,1,0
59.7,5,0,1,0
59.75,5,0,1,0
59.8,5,0,1,0
59.85,5,0,1,0
59.9,5,0,1,0
59.95,5,0,1,0
60,5,0,1,0
60.05,5,0,1,0
60.1,5,0,1,0
60.15,5,0,1,0
60.2,5,0,1,0
60.25,5,0,1,0
60.3,5,0,1,0
60.35,5,0,1,0
60.4,5,0,1,0
60.45,5,0,1,0
60.5,5,0,1,0
60.55,5,0,1,0
60.6,5,0,1,0
60.65,5,0,1,0
60.7,5,0,1,0
60.75,5,0,1,0
60.8,5,0,1,0
60.85,5,0,1,0
60.9,5,0,1,0
60.95,5,0,1,0
61,5,0,1,0
61.05,5,0,1,0
61.1,5,0,1,0
61.15,5,0,1,0
61.2,5,0,1,0
61.25,5,0,1,0
61.3,5,0,1,0
61.35,5,0,1,0
61.4,5,0,1,0
61.45,5,0,1,0
61.5,5,0,1,0
61.55,5,0,1,0
61.6,5,0,1,0
61.65,5,0,1,0
61.7,5,0,1,0
61.75,5,0,1,0
61.8,5,0,1,0
61.85,5,0,1,0
61.9,5,0,1,0
61.95,5,0,1,0
62,5,0,1,0
62.05,5,0,1,0
62.1,5,0,1,0
62.15,5,0,1,0
62.2,5,0,1,0
62.25,5,0,1,0
62.3,5,0,1,0
62.35,5,0,1,0
62.4,5,0,1,0
62.45,5,0,1,0
62.5,5,0,1,0
62.55,5,0,1,0
62.6,5,0,1,0
62.65,5,0,1,0
62.7,5,0,1,0
62.75,5,0,1,0
62.8,5,0,1,0
62.85,5,0,1,0
62.9,5,0,1,0
62.95,5,0,1,0
63,5,0,1,0
63.05,5,0,1,0
63.1,5,0,1,0
63.15,5,0,1,0
63.2,5,0,1,0
63.25,5,0,1,0
63.3,5,0,1,0
63.35,5,0,1,0
63.4,5,0,1,0
63.45,5,0,1,0
63.5,5,0,1,0
63.55,5,0,1,0
63.6,5,0,1,0
63.65,5,0,1,0
63.7,5,0,1,0
63.75,5,0,1,0
63.8,5,0,1,0
63.85,5,0,1,0
63.9,5,0,1,0
63.95,5,0,1,0
64,5,0,1,0
64.05,5,0,1,0
64.1,5,0,1,0
64.15,5,0,1,0
64.2,5,0,1,0
64.25,5,0,1,0
64.3,5,0,1,0
64.35,5,0,1,0
64.4,5,0,1,0
64.45,5,0,1,0
64.5,5,0,1,0
64.55,5,0,1,0
64.6,5,0,1,0
64.65,5,0,1,0
64.7,5,0,1,0
64.75,5,0,1,0
64.8,5,0,1,0
64.85,5,0,1,0
64.9,5,0,1,0
64.95,5,0,1,0
65,5,0,1,0
65.05,5,0,1,0
65.1,5,0,1,0
65.15,5,0,1,0
65.2,5,0,1,0
65.25,5,0,1,0
65.3,5,0,1,0
65.35,5,0,1,0
65.4,5,0,1,0
65.45,5,0,1,0
65.5,5,0,1,0
65.55,5,0,1,0
65.6,5,0,1,0
65.65,5,0,1,0
65.7,5,0,1,0
65.75,5,0,1,0
65.8,5,0,1,0
65.85,5,0,1,0
65.9,5,0,1,0
65.95,5,0,1,0
66,5,0,1,0
66.05,5,0,1,0
66.1,5,0,1,0
66.15,5,0,1,0
66.2,5,0,1,0
66.25,5,0,1,0
66.3,5,0,1,0
66.35,5,0,1,0
66.4,5,0,1,0
66.45,5,0,1,0
66.5,5,0,1,0
66.55,5,0,1,0
66.6,5,0,1,0
66.65,5,0,1,0
66.7,5,0,1,0
66.75,5,0,1,0
66.8,5,0,1,0
66.85,5,0,1,0
66.9,5,0,1,0
66.95,5,0,1,0
67,5,0,1,0
67.05,5,0,1,0
67.1,5,0,1,0
67.15,5,0,1,0
67.2,5,0,1,0
67.25,5,0,1,0
67.3,5,0,1,0
67.35,5,0,1,0
67.4,5,0,1,0
67.45,5,0,1,0
67.5,5,0,1,0
67.55,5,0,1,0
67.6,5,0,1,0
67.65,5,0,1,0
67.7,5,0,1,0
67.75,5,0,1,0
67.8,5,0,1,0
67.85,5,0,1,0
67.9,5,0,1,0
67.95,5,0,1,0
68,5,0,1,0
68.05,5,0,1,0
68.1,5,0,1,0
68.15,5,0,1,0
68.2,5,0,1,0
68.25,5,0,1,0
68.3,5,0,1,0
68.35,5,0,1,0
68.4,5,0,1,0
68.45,5,0,1,0
68.5,5,0,1,0
68.55,5,0,1,0
68.6,5,0,1,0
68.65,5,0,1,0
68.7,5,0,1,0
68.75,5,0,1,0
68.8,5,0,1,0
68.85,5,0,1,0
68.9,5,0,1,0
68.95,5,0,1,0
69,5,0,1,0
69.05,5,0,1,0
69.1,5,0,1,0
69.15,5,0,1,0
69.2,5,0,1,0
69.25,5,0,1,0
69.3,5,0,1,0
69.35,5,0,1,0
69.4,5,0,1,0
69.45,5,0,1,0
69.5,5,0,1,0
69.55,5,0,1,0
69.6,5,0,1,0
69.65,5,0,1,0
69.7,5,0,1,0
69.75,5,0,1,0
69.8,5,0,1,0
69.85,5,0,1,0
69.9,5,0,1,0
69.95,5,0,1,0
70,5,0,1,0
70.05,5,0,1,0
70.1,5,0,1,0
70.15,5,0,1,0
70.2,5,0,1,0
70.25,5,0,1,0
70.3,5,0,1,0
70.35,5,0,1,0
70.4,5,0,1,0
70.45,5,0,1,0
70.5,5,0,1,0
70.55,5,0,1,0
70.6,5,0,1,0
70.65,5,0,1,0
70.7,5,0,1,0
70.75,5,0,1,0
70.8,5,0,1,0
70.85,5,0,1,0
70.9,5,0,1,0
70.95,5,0,1,0
71,5,0,1,0
71.05,5,0,1,0
71.1,5,0,1,0
71.15,5,0,1,0
71.2,5,0,1,0
71.25,5,0,1,0
71.3,5,0,1,0
71.35,5,0,1,0
71.4,5,0,1,0
71.45,5,0,1,0
71.5,5,0,1,0
71.55,5,0,1,0
71.6,5,0,1,0
71.65,5,0,1,0
71.7,5,0,1,0
71.75,5,0,1,0
71.8,5,0,1,0
71.85,5,0,1,0
71.9,5,0,1,0
71.95,5,0,1,0
72,5,0,1,0
72.05,5,0,1,0
72.1,5,0,1,0
72.15,5,0,1,0
72.2,5,0,1,0
72.25,5,0,1,0
72.3,5,0,1,0
72.35,5,0,1,0
72.4,5,0,1,0
72.45,5,0,1,0
72.5,5,0,1,0
72.55,5,0,1,0
72.6,5,0,1,0
72.65,5,0,1,0
72.7,5,0,1,0
72.75,5,0,1,0
72.8,5,0,1,0
72.85,5,0,1,0
72.9,5,0,1,0
72.95,5,0,1,0
73,5,0,1,0
73.05,5,0,1,0
73.1,5,0,1,0
73.15,5,0,1,0
73.2,5,0,1,0
73.25,5,0,1,0
73.3,5,0,1,0
73.35,5,0,1,0
73.4,5,0,1,0
73.45,5,0,1,0
73.5,5,0,1,0
73.55,5,0,1,0
73.6,5,0,1,0
73.65,5,0,1,0
73.7,5,0,1,0
73.75,5,0,1,0
73.8,5,0,1,0
73.85,5,0,1,0
73.9,5,0,1,0
73.95,5,0,1,0
74,5,0,1,0
74.05,5,0,1,0
74.1,5,0,1,0
74.15,5,0,1,0
74.2,5,0,1,0
74.25,5,0,1,0
74.3,5,0,1,0
74.35,5,0,1,0
74.4,5,0,1,0
74.45,5,0,1,0
74.5,5,0,1,0
74.55,5,0,1,0
74.6,5,0,1,0
74.65,5,0,1,0
74.7,5,0,1,0
74.75,5,0,1,0
74.8,5,0,1,0
74.85,5,0,1,0
74.9,5,0,1,0
74.95,5,0,1,0
75,5,0,1,0
75.05,5,0,1,0
75.1,5,0,1,0
75.15,5,0,1,0
75.2,5,0,1,0
75.25,5,0,1,0
75.3,5,0,1,0
75.35,5,0,1,0
75.4,5,0,1,0
75.45,5,0,1,0
75.5,5,0,1,0
75.55,5,0,1,0
75.6,5,0,1,0
75.65,5,0,1,0
75.7,5,0,1,0
75.75,5,0,1,0
75.8,5,0,1,0
75.85,5,0,1,0
75.9,5,0,1,0
75.95,5,0,1,0
76,5,0,1,0
76.05,5,0,1,0
76.1,5,0,1,0
76.15,5,0,1,0
76.2,5,0,1,0
76.25,5,0,1,0
76.3,5,0,1,0
76.35,5,0,1,0
76.4,5,0,1,0
76.45,5,0,1,0
76.5,5,0,1,0
76.55,5,0,1,0
76.6,5,0,1,0
76.65,5,0,1,0
76.7,5,0,1,0
76.75,5,0,1,0
76.8,5,0,1,0
76.85,5,0,1,0
76.9,5,0,1,0
76.95,5,0,1,0
77,5,0,1,0
77.05,5,0,1,0
77.1,5,0,1,0
77.15,5,0,1,0
77.2,5,0,1,0
77.25,5,0,1,0
77.3,5,0,1,0
77.35,5,0,1,0
77.4,5,0,1,0
77.45,5,0,1,0
77.5,5,0,1,0
77.55,5,0,1,0
77.6,5,0,1,0
77.65,5,0,1,0
77.7,5,0,1,0
77.75,5,0,1,0
77.8,5,0,1,0
77.85,5,0,1,0
77.9,5,0,1,0
77.95,5,0,1,0
78,5,0,1,0
78.05,5,0,1,0
78.1,5,0,1,0
78.15,5,0,1,0
78.2,5,0,1,0
78.25,5,0,1,0
78.3,5,0,1,0
78.35,5,0,1,0
78.4,5,0,1,0
78.45,5,0,1,0
78.5,5,0,1,0
78.55,5,0,1,0
78.6,5,0,1,0
78.65,5,0,1,0
78.7,5,0,1,0
78.75,5,0,1,0
78.8,5,0,1,0
78.85,5,0,1,0
78.9,5,0,1,0
78.95,5,0,1,0
79,5,0,1,0
79.05,5,0,1,0
79.1,5,0,1,0
79.15,5,0,1,0
79.2,5,0,1,0
79.25,5,0,1,0
79.3,5,0,1,0
79.35,5,0,1,0
79.4,5,0,1,0
79.45,5,0,1,0
79.5,5,0,1,0
79.55,5,0,1,0
79.6,5,0,1,0
79.65,5,0,1,0
79.7,5,0,1,0
79.75,5,0,1,0
79.8,5,0,1,0
79.85,5,0,1,0
79.9,5,0,1,0
79.95,5,0,1,0
80,5,0,1,0
80.05,5,0,1,0
80.1,5,0,1,0
80.15,5,0,1,0
80.2,5,0,1,0
80.25,5,0,1,0
80.3,5,0,1,0
80.35,5,0,1,0
80.4,5,0,1,0
80.45,5,0,1,0
80.5,5,0,1,0
80.55,5,0,1,0
80.6,5,0,1,0
80.65,5,0,1,0
80.7,5,0,1,0
80.75,5,0,1,0
80.8,5,0,1,0
80.85,5,0,1,0
80.9,5,0,1,0
80.95,5,0,1,0
81,5,0,1,0
81.05,5,0,1,0
81.1,5,0,1,0
81.15,5,0,1,0
81.2,5,0,1,0
81.25,5,0,1,0
81.3,5,0,1,0
81.35,5,0,1,0
81.4,5,0,1,0
81.45,5,0,1,0
81.5,5,0,1,0
81.55,5,0,1,0
81.6,5,0,1,0
81.65,5,0,1,0
81.7,5,0,1,0
81.75,5,0,1,0
81.8,5,0,1,0
81.85,5,0,1,0
81.9,5,0,1,0
81.95,5,0,1,0
82,5,0,1,0
82.05,5,0,1,0
82.1,5,0,1,0
82.15,5,0,1,0
82.2,5,0,1,0
82.25,5,0,1,0
82.3,5,0,1,0
82.35,5,0,1,0
82.4,5,0,1,0
82.45,5,0,1,0
82.5,5,0,1,0
82.55,5,0,1,0
82.6,5,0,1,0
82.65,5,0,1,0
82.7,5,0,1,0
82.75,5,0,1,0
82.8,5,0,1,0
82.85,5,0,1,0
82.9,5,0,1,0
82.95,5,0,1,0
83,5,0,1,0
83.05,5,0,1,0
83.1,5,0,1,0
83.15,5,0,1,0
83.2,5,0,1,0
83.25,5,0,1,0
83.3,5,0,1,0
83.35,5,0,1,0
83.4,5,0,1,0
83.45,5,0,1,0
83.5,5,0,1,0
83.55,5,0,1,0
83.6,5,0,1,0
83.65,5,0,1,0
83.7,5,0,1,0
83.75,5,0,1,0
83.8,5,0,1,0
83.85,5,0,1,0
83.9,5,0,1,0
83.95,5,0,1,0
84,5,0,1,0
84.05,5,0,1,0
84.1,5,0,1,0
84.15,5,0,1,0
84.2,5,0,1,0
84.25,5,0,1,0
84.3,5,0,1,0
84.35,5,0,1,0
84.4,5,0,1,0
84.45,5,0,1,0
84.5,5,0,1,0
84.55,5,0,1,0
84.6,5,0,1,0
84.65,5,0,1,0
84.7,5,0,1,0
84.75,5,0,1,0
84.8,5,0,1,0
84.85,5,0,1,0
84.9,5,0,1,0
84.95,5,0,1,0
85,5,0,1,0
85.05,5,0,1,0
85.1,5,0,1,0
85.15,5,0,1,0
85.2,5,0,1,0
85.25,5,0,1,0
85.3,5,0,1,0
85.35,5,0,1,0
85.4,5,0,1,0
85.45,5,0,1,0
85.5,5,0,1,0
85.55,5,0,1,0
85.6,5,0,1,0
85.65,5,0,1,0
85.7,5,0,1,0
85.75,5,0,1,0
85.8,5,0,1,0
85.85,5,0,1,0
85.9,5,0,1,0
85.95,5,0,1,0
86,5,0,1,0
86.05,5,0,1,0
86.1,5,0,1,0
86.15,5,0,1,0
86.2,5,0,1,0
86.25,5,0,1,0
86.3,5,0,1,0
86.35,5,0,1,0
86.4,5,0,1,0
86.45,5,0,1,0
86.5,5,0,1,0
86.55,5,0,1,0
86.6,5,0,1,0
86.65,5,0,1,0
86.7,5,0,1,0
86.75,5,0,1,0
86.8,5,0,1,0
86.85,5,0,1,0
86.9,5,0,1,0
86.95,5,0,1,0
87,5,0,1,0
87.05,5,0,1,0
87.1,5,0,1,0
87.15,5,0,1,0
87.2,5,0,1,0
87.25,5,0,1,0
87.3,5,0,1,0
87.35,5,0,1,0
87.4,5,0,1,0
87.45,5,0,1,0
87.5,5,0,1,0
87.55,5,0,1,0
87.6,5,0,1,0
87.65,5,0,1,0
87.7,5,0,1,0
87.75,5,0,1,0
87.8,5,0,1,0
87.85,5,0,1,0
87.9,5,0,1,0
87.95,5,0,1,0
88,5,0,1,0
88.05,5,0,1,0
88.1,5,0,1,0
88.15,5,0,1,0
88.2,5,0,1,0
88.25,5,0,1,0
88.3,5,0,1,0
88.35,5,0,1,0
88.4,5,0,1,0
88.45,5,0,1,0
88.5,5,0,1,0
88.55,5,0,1,0
88.6,5,0,1,0
88.65,5,0,1,0
88.7,5,0,1,0
88.75,5,0,1,0
88.8,5,0,1,0
88.85,5,0,1,0
88.9,5,0,1,0
88.95,5,0,1,0
89,5,0,1,0
89.05,5,0,1,0
89.1,5,0,1,0
89.15,5,0,1,0
89.2,5,0,1,0
89.25,5,0,1,0
89.3,5,0,1,0
89.35,5,0,1,0
89.4,5,0,1,0
89.45,5,0,1,0
89.5,5,0,1,0
89.55,5,0,1,0
89.6,5,0,1,0
89.65,5,0,1,0
89.7,5,0,1,0
89.75,5,0,1,0
89.8,5,0,1,0
89.85,5,0,1,0
89.9,5,0,1,0
89.95,5,0,1,0
90,5,0,1,0
90.05,5,0,1,0
90.1,5,0,1,0
90.15,5,0,1,0
90.2,5,0,1,0
90.25,5,0,1,0
90.3,5,0,1,0
90.35,5,0,1,0
90.4,5,0,1,0
90.45,5,0,1,0
90.5,5,0,1,0
90.55,5,0,1,0
90.6,5,0,1,0
90.65,5,0,1,0
90.7,5,0,1,0
90.75,5,0,1,0
90.8,5,0,1,0
90.85,5,0,1,0
90.9,5,0,1,0
90.95,5,0,1,0
91,5,0,1,0
91.05,5,0,1,0
91.1,5,0,1,0
91.15,5,0,1,0
91.2,5,0,1,0
91.25,5,0,1,0
91.3,5,0,1,0
91.35,5,0,1,0
91.4,5,0,1,0
91.45,5,0,1,0
91.5,5,0,1,0
91.55,5,0,1,0
91.6,5,0,1,0
91.65,5,0,1,0
91.7,5,0,1,0
91.75,5,0,1,0
91.8,5,0,1,0
91.85,5,0,1,0
91.9,5,0,1,0
91.95,5,0,1,0
92,5,0,1,0
92.05,5,0,1,0
92.1,5,0,1,0
92.15,5,0,1,0
92.2,5,0,1,0
92.25,5,0,1,0
92.3,5,0,1,0
92.35,5,0,1,0
92.4,5,0,1,0
92.45,5,0,1,0
92.5,5,0,1,0
92.55,5,0,1,0
92.6,5,0,1,0
92.65,5,0,1,0
92.7,5,0,1,0
92.75,5,0,1,0
92.8,5,0,1,0
92.85,5,0,1,0
92.9,5,0,1,0
92.95,5,0,1,0
93,5,0,1,0
93.05,5,0,1,0
93.1,5,0,1,0
93.15,5,0,1,0
93.2,5,0,1,0
93.25,5,0,1,0
93.3,5,0,1,0
93.35,5,0,1,0
93.4,5,0,1,0
93.45,5,0,1,0
93.5,5,0,1,0
93.55,5,0,1,0
93.6,5,0,1,0
93.65,5,0,1,0
93.7,5,0,1,0
93.75,5,0,1,0
93.8,5,0,1,0
93.85,5,0,1,0
93.9,5,0,1,0
93.95,5,0,1,0
94,5,0,1,0
94.05,5,0,1,0
94.1,5,0,1,0
94.15,5,0,1,0
94.2,5,0,1,0
94.25,5,0,1,0
94.3,5,0,1,0
94.35,5,0,1,0
94.4,5,0,1,0
94.45,5,0,1,0
94.5,5,0,1,0
94.55,5,0,1,0
94.6,5,0,1,0
94.65,5,0,1,0
94.7,5,0,1,0
94.75,5,0,1,0
94.8,5,0,1,0
94.85,5,0,1,0
94.9,5,0,1,0
94.95,5,0,1,0
95,5,0,1,0
95.05,5,0,1,0
95.1,5,0,1,0
95.15,5,0,1,0
95.2,5,0,1,0
95.25,5,0,1,0
95.3,5,0,1,0
95.35,5,0,1,0
95.4,5,0,1,0
95.45,5,0,1,0
95.5,5,0,1,0
95.55,5,0,1,0
95.6,5,0,1,0
95.65,5,0,1,0
95.7,5,0,1,0
95.75,5,0,1,0
95.8,5,0,1,0
95.85,5,0,1,0
95.9,5,0,1,0
95.95,5,0,1,0
96,5,0,1,0
96.05,5,0,1,0
96.1,5,0,1,0
96.15,5,0,1,0
96.2,5,0,1,0
96.25,5,0,1,0
96.3,5,0,1,0
96.35,5,0,1,0
96.4,5,0,1,0
96.45,5,0,1,0
96.5,5,0,1,0
96.55,5,0,1,0
96.6,5,0,1,0
96.65,5,0,1,0
96.7,5,0,1,0
96.75,5,0,1,0
96.8,5,0,1,0
96.85,5,0,1,0
96.9,5,0,1,0
96.95,5,0,1,0
97,5,0,1,0
97.05,5,0,1,0
97.1,5,0,1,0
97.15,5,0,1,0
97.2,5,0,1,0
97.25,5,0,1,0
97.3,5,0,1,0
97.35,5,0,1,0
97.4,5,0,1,0
97.45,5,0,1,0
97.5,5,0,1,0
97.55,5,0,1,0
97.6,5,0,1,0
97.65,5,0,1,0
97.7,5,0,1,0
97.75,5,0,1,0
97.8,5,0,1,0
97.85,5,0,1,0
97.9,5,0,1,0
97.95,5,0,1,0
98,5,0,1,0
98.05,5,0,1,0
98.1,5,0,1,0
98.15,5,0,1,0
98.2,5,0,1,0
98.25,5,0,1,0
98.3,5,0,1,0
98.35,5,0,1,0
98.4,5,0,1,0
98.45,5,0,1,0
98.5,5,0,1,0
98.55,5,0,1,0
98.6,5,0,1,0
98.65,5,0,1,0
98.7,5,0,1,0
98.75,5,0,1,0
98.8,5,0,1,0
98.85,5,0,1,0
98.9,5,0,1,0
98.95,5,0,1,0
99,5,0,1,0
99.05,5,0,1,0
99.1,5,0,1,0
99.15,5,0,1,0
99.2,5,0,1,0
99.25,5,0,1,0
99.3,5,0,1,0
99.35,5,0,1,0
99.4,5,0,1,0
99.45,5,0,1,0
99.5,5,0,1,0
99.55,5,0,1,0
99.6,5,0,1,0
99.65,5,0,1,0
99.7,5,0,1,0
99.75,5,0,1,0
99.8,5,0,1,0
99.85,5,0,1,0
99.9,5,0,1,0
99.95,5,0,1,0
100,5,0,1,0
100.05,5,0,1,0
100.1,5,0,1,0
100.15,5,0,1,0
100.2,5,0,1,0
100.25,5,0,1,0
100.3,5,0,1,0
100.35,5,0,1,0
100.4,5,0,1,0
100.45,5,0,1,0
100.5,5,0,1,0
100.55,5,0,1,0
100.6,5,0,1,0
100.65,5,0,1,0
100.7,5,0,1,0
100.75,5,0,1,0
100.8,5,0,1,0
100.85,5,0,1,0
100.9,5,0,1,0
100.95,5,0,1,0
101,5,0,1,0
101.05,5,0,1,0
101.1,5,0,1,0
101.15,5,0,1,0
101.2,5,0,1,0
101.25,5,0,1,0
101.3,5,0,1,0
101.35,5,0,1,0
101.4,5,0,1,0
101.45,5,0,1,0
101.5,5,0,1,0
101.55,5,0,1,0
101.6,5,0,1,0
101.65,5,0,1,0
101.7,5,0,1,0
101.75,5,0,1,0
101.8,5,0,1,0
101.85,5,0,1,0
101.9,5,0,1,0
101.95,5,0,1,0
102,5,0,1,0
102.05,5,0,1,0
102.1,5,0,1,0
102.15,5,0,1,0
102.2,5,0,1,0
102.25,5,0,1,0
102.3,5,0,1,0
102.35,5,0,1,0
102.4,5,0,1,0
102.45,5,0,1,0
102.5,5,0,1,0
102.55,5,0,1,0
102.6,5,0,1,0
102.65,5,0,1,0
102.7,5,0,1,0
102.75,5,0,1,0
102.8,5,0,1,0
102.85,5,0,1,0
102.9,5,0,1,0
102.95,5,0,1,0
103,5,0,1,0
103.05,5,0,1,0
103.1,5,0,1,0
103.15,5,0,1,0
103.2,5,0,1,0
103.25,5,0,1,0
103.3,5,0,1,0
103.35,5,0,1,0
103.4,5,0,1,0
103.45,5,0,1,0
103.5,5,0,1,0
103.55,5,0,1,0
103.6,5,0,1,0
103.65,5,0,1,0
103.7,5,0,1,0
103.75,5,0,1,0
103.8,5,0,1,0
103.85,5,0,1,0
103.9,5,0,1,0
103.95,5,0,1,0
104,5,0,1,0
104.05,5,0,1,0
104.1,5,0,1,0
104.15,5,0,1,0
104.2,5,0,1,0
104.25,5,0,1,0
104.3,5,0,1,0
104.35,5,0,1,0
104.4,5,0,1,0
104.45,5,0,1,0
104.5,5,0,1,0
104.55,5,0,1,0
104.6,5,0,1,0
104.65,5,0,1,0
104.7,5,0,1,0
104.75,5,0,1,0
104.8,5,0,1,0
104.85,5,0,1,0
104.9,5,0,1,0
104.95,5,0,1,0
105,5,0,1,0
105.05,5,0,1,0
105.1,5,0,1,0
105.15,5,0,1,0
105.2,5,0,1,0
105.25,5,0,1,0
105.3,5,0,1,0
105.35,5,0,1,0
105.4,5,0,1,0
105.45,5,0,1,0
105.5,5,0,1,0
105.55,5,0,1,0
105.6,5,0,1,0
105.65,5,0,1,0
105.7,5,0,1,0
105.75,5,0,1,0
105.8,5,0,1,0
105.85,5,0,1,0
105.9,5,0,1,0
105.95,5,0,1,0
106,5,0,1,0
106.05,5,0,1,0
106.1,5,0,1,0
106.15,5,0,1,0
106.2,5,0,1,0
106.25,5,0,1,0
106.3,5,0,1,0
106.35,5,0,1,0
106.4,5,0,1,0
106.45,5,0,1,0
106.5,5,0,1,0
106.55,5,0,1,0
106.6,5,0,1,0
106.65,5,0,1,0
106.7,5,0,1,0
106.75,5,0,1,0
106.8,5,0,1,0
106.85,5,0,1,0
106.9,5,0,1,0
106.95,5,0,1,0
107,5,0,1,0
107.05,5,0,1,0
107.1,5,0,1,0
107.15,5,0,1,0
107.2,5,0,1,0
107.25,5,0,1,0
107.3,5,0,1,0
107.35,5,0,1,0
107.4,5,0,1,0
107.45,5,0,1,0
107.5,5,0,1,0
107.55,5,0,1,0
107.6,5,0,1,0
107.65,5,0,1,0
107.7,5,0,1,0
107.75,5,0,1,0
107.8,5,0,1,0
107.85,5,0,1,0
107.9,5,0,1,0
107.95,5,0,1,0
108,5,0,1,0
108.05,5,0,1,0
108.1,5,0,1,0
108.15,5,0,1,0
108.2,5,0,1,0
108.25,5,0,1,0
108.3,5,0,1,0
108.35,5,0,1,0
108.4,5,0,1,0
108.45,5,0,1,0
108.5,5,0,1,0
108.55,5,0,1,0
108.6,5,0,1,0
108.65,5,0,1,0
108.7,5,0,1,0
108.75,5,0,1,0
108.8,5,0,1,0
108.85,5,0,1,0
108.9,5,0,1,0
108.95,5,0,1,0
109,5,0,1,0
109.05,5,0,1,0
109.1,5,0,1,0
109.15,5,0,1,0
109.2,5,0,1,0
109.25,5,0,1,0
109.3,5,0,1,0
109.35,5,0,1,0
109.4,5,0,1,0
109.45,5,0,1,0
109.5,5,0,1,0
109.55,5,0,1,0
109.6,5,0,1,0
109.65,5,0,1,0
109.7,5,0,1,0
109.75,5,0,1,0
109.8,5,0,1,0
109.85,5,0,1,0
109.9,5,0,1,0
109.95,5,0,1,0
110,5,0,1,0
110.05,5,0,1,0
110.1,5,0,1,0
110.15,5,0,1,0
110.2,5,0,1,0
110.25,5,0,1,0
110.3,5,0,1,0
110.35,5,0,1,0
110.4,5,0,1,0
110.45,5,0,1,0
110.5,5,0,1,0
110.55,5,0,1,0
110.6,5,0,1,0
110.65,5,0,1,0
110.7,5,0,1,0
110.75,5,0,1,0
110.8,5,0,1,0
110.85,5,0,1,0
110.9,5,0,1,0
110.95,5,0,1,0
111,5,0,1,0
111.05,5,0,1,0
111.1,5,0,1,0
111.15,5,0,1,0
111.2,5,0,1,0
111.25,5,0,1,0
111.3,5,0,1,0
111.35,5,0,1,0
111.4,5,0,1,0
111.45,5,0,1,0
111.5,5,0,1,0
111.55,5,0,1,0
111.6,5,0,1,0
111.65,5,0,1,0
111.7,5,0,1,0
111.75,5,0,1,0
111.8,5,0,1,0
111.85,5,0,1,0
111.9,5,0,1,0
111.95,5,0,1,0
112,5,0,1,0
112.05,5,0,1,0
112.1,5,0,1,0
112.15,5,0,1,0
112.2,5,0,1,0
112.25,5,0,1,0
112.3,5,0,1,0
112.35,5,0,1,0
112.4,5,0,1,0
112.45,5,0,1,0
112.5,5,0,1,0
112.55,5,0,1,0
112.6,5,0,1,0
112.65,5,0,1,0
112.7,5,0,1,0
112.75,5,0,1,0
112.8,5,0,1,0
112.85,5,0,1,0
112.9,5,0,1,0
112.95,5,0,1,0
113,5,0,1,0
113.05,5,0,1,0
113.1,5,0,1,0
113.15,5,0,1,0
113.2,5,0,1,0
113.25,5,0,1,0
113.3,5,0,1,0
113.35,5,0,1,0
113.4,5,0,1,0
113.45,5,0,1,0
113.5,5,0,1,0
113.55,5,0,1,0
113.6,5,0,1,0
113.65,5,0,1,0
113.7,5,0,1,0
113.75,5,0,1,0
113.8,5,0,1,0
113.85,5,0,1,0
113.9,5,0,1,0
113.95,5,0,1,0
114,5,0,1,0
114.05,5,0,1,0
114.1,5,0,1,0
114.15,5,0,1,0
114.2,5,0,1,0
114.25,5,0,1,0
114.3,5,0,1,0
114.35,5,0,1,0
114.4,5,0,1,0
114.45,5,0,1,0
114.5,5,0,1,0
114.55,5,0,1,0
114.6,5,0,1,0
114.65,5,0,1,0
114.7,5,0,1,0
114.75,5,0,1,0
114.8,5,0,1,0
114.85,5,0,1,0
114.9,5,0,1,0
114.95,5,0,1,0
115,5,0,1,0
115.05,5,0,1,0
115.1,5,0,1,0
115.15,5,0,1,0
115.2,5,0,1,0
115.25,5,0,1,0
115.3,5,0,1,0
115.35,5,0,1,0
115.4,5,0,1,0
115.45,5,0,1,0
115.5,5,0,1,0
115.55,5,0,1,0
115.6,5,0,1,0
115.65,5,0,1,0
115.7,5,0,1,0
115.75,5,0,1,0
115.8,5,0,1,0
115.85,5,0,1,0
115.9,5,0,1,0
115.95,5,0,1,0
116,5,0,1,0
116.05,5,0,1,0
116.1,5,0,1,0
116.15,5,0,1,0
116.2,5,0,1,0
116.25,5,0,1,0
116.3,5,0,1,0
116.35,5,0,1,0
116.4,5,0,1,0
116.45,5,0,1,0
116.5,5,0,1,0
116.55,5,0,1,0
116.6,5,0,1,0
116.65,5,0,1,0
116.7,5,0,1,0
116.75,5,0,1,0
116.8,5,0,1,0
116.85,5,0,1,0
116.9,5,0,1,0
116.95,5,0,1,0
117,5,0,1,0
117.05,5,0,1,0
117.1,5,0,1,0
117.15,5,0,1,0
117.2,5,0,1,0
117.25,5,0,1,0
117.3,5,0,1,0
117.35,5,0,1,0
117.4,5,0,1,0
117.45,5,0,1,0
117.5,5,0,1,0
117.55,5,0,1,0
117.6,5,0,1,0
117.65,5,0,1,0
117.7,5,0,1,0
117.75,5,0,1,0
117.8,5,0,1,0
117.85,5,0,1,0
117.9,5,0,1,0
117.95,5,0,1,0
118,5,0,1,0
118.05,5,0,1,0
118.1,5,0,1,0
118.15,5,0,1,0
118.2,5,0,1,0
118.25,5,0,1,0
118.3,5,0,1,0
118.35,5,0,1,0
118.4,5,0,1,0
118.45,5,0,1,0
118.5,5,0,1,0
118.55,5,0,1,0
118.6,5,0,1,0
118.65,5,0,1,0
118.7,5,0,1,0
118.75,5,0,1,0
118.8,5,0,1,0
118.85,5,0,1,0
118.9,5,0,1,0
118.95,5,0,1,0
119,5,0,1,0
119.05,5,0,1,0
119.1,5,0,1,0
119.15,5,0,1,0
119.2,5,0,1,0
119.25,5,0,1,0
119.3,5,0,1,0
119.35,5,0,1,0
119.4,5,0,1,0
119.45,5,0,1,0
119.5,5,0,1,0
119.55,5,0,1,0
119.6,5,0,1,0
119.65,5,0,1,0
119.7,5,0,1,0
119.75,5,0,1,0
119.8,5,0,1,0
119.85,5,0,1,0
119.9,5,0,1,0
119.95,5,0,1,0
120,5,0,1,0
120.05,5,0,1,0
120.1,5,0,1,0
120.15,5,0,1,0
120.2,5,0,1,0
120.25,5,0,1,0
120.3,5,0,1,0
120.35,5,0,1,0
120.4,5,0,1,0
120.45,5,0,1,0
120.5,5,0,1,0
120.55,5,0,1,0
120.6,5,0,1,0
120.65,5,0,1,0
120.7,5,0,1,0
120.75,5,0,1,0
120.8,5,0,1,0
120.85,5,0,1,0
120.9,5,0,1,0
120.95,5,0,1,0
121,5,0,1,0
121.05,5,0,1,0
121.1,5,0,1,0
121.15,5,0,1,0
121.2,5,0,1,0
121.25,5,0,1,0
121.3,5,0,1,0
121.35,5,0,1,0
121.4,5,0,1,0
121.45,5,0,1,0
121.5,5,0,1,0
121.55,5,0,1,0
121.6,5,0,1,0
121.65,5,0,1,0
121.7,5,0,1,0
121.75,5,0,1,0
121.8,5,0,1,0
121.85,5,0,1,0
121.9,5,0,1,0
121.95,5,0,1,0
122,5,0,1,0
122.05,5,0,1,0
122.1,5,0,1,0
122.15,5,0,1,0
122.2,5,0,1,0
122.25,5,0,1,0
122.3,5,0,1,0
122.35,5,0,1,0
122.4,5,0,1,0
122.45,5,0,1,0
122.5,5,0,1,0
122.55,5,0,1,0
122.6,5,0,1,0
122.65,5,0,1,0
122.7,5,0,1,0
122.75,5,0,1,0
122.8,5,0,1,0
122.85,5,0,1,0
122.9,5,0,1,0
122.95,5,0,1,0
123,5,0,1,0
123.05,5,0,1,0
123.1,5,0,1,0
123.15,5,0,1,0
123.2,5,0,1,0
123.25,5,0,1,0
123.3,5,0,1,0
123.35,5,0,1,0
123.4,5,0,1,0
123.45,5,0,1,0
123.5,5,0,1,0
123.55,5,0,1,0
123.6,5,0,1,0
123.65,5,0,1,0
123.7,5,0,1,0
123.75,5,0,1,0
123.8,5,0,1,0
123.85,5,0,1,0
123.9,5,0,1,0
123.95,5,0,1,0
124,5,0,1,0
124.05,5,0,1,0
124.1,5,0,1,0
124.15,5,0,1,0
124.2,5,0,1,0
124.25,5,0,1,0
124.3,5,0,1,0
124.35,5,0,1,0
124.4,5,0,1,0
124.45,5,0,1,0
124.5,5,0,1,0
124.55,5,0,1,0
124.6,5,0,1,0
124.65,5,0,1,0
124.7,5,0,1,0
124.75,5,0,1,0
124.8,5,0,1,0
124.85,5,0,1,0
124.9,5,0,1,0
124.95,5,0,1,0
125,5,0,1,0
125.05,5,0,1,0
125.1,5,0,1,0
125.15,5,0,1,0
125.2,5,0,1,0
125.25,5,0,1,0
125.3,5,0,1,0
125.35,5,0,1,0
125.4,5,0,1,0
125.45,5,0,1,0
125.5,5,0,1,0
125.55,5,0,1,0
125.6,5,0,1,0
125.65,5,0,1,0
125.7,5,0,1,0
125.75,5,0,1,0
125.8,5,0,1,0
125.85,5,0,1,0
125.9,5,0,1,0
125.95,5,0,1,0
126,5,0,1,0
126.05,5,0,1,0
126.1,5,0,1,0
126.15,5,0,1,0
126.2,5,0,1,0
126.25,5,0,1,0
126.3,5,0,1,0
126.35,5,0,1,0
126.4,5,0,1,0
126.45,5,0,1,0
126.5,5,0,1,0
126.55,5,0,1,0
126.6,5,0,1,0
126.65,5,0,1,0
126.7,5,0,1,0
126.75,5,0,1,0
126.8,5,0,1,0
126.85,5,0,1,0
126.9,5,0,1,0
126.95,5,0,1,0
127,5,0,1,0
127.05,5,0,1,0
127.1,5,0,1,0
127.15,5,0,1,0
127.2,5,0,1,0
127.25,5,0,1,0
127.3,5,0,1,0
127.35,5,0,1,0
127.4,5,0,1,0
127.45,5,0,1,0
127.5,5,0,1,0
127.55,5,0,1,0
127.6,5,0,1,0
127.65,5,0,1,0
127.7,5,0,1,0
127.75,5,0,1,0
127.8,5,0,1,0
127.85,5,0,1,0
127.9,5,0,1,0
127.95,5,0,1,0
128,5,0,1,0
128.05,5,0,1,0
128.1,5,0,1,0
128.15,5,0,1,0
128.2,5,0,1,0
128.25,5,0,1,0
128.3,5,0,1,0
128.35,5,0,1,0
128.4,5,0,1,0
128.45,5,0,1,0
128.5,5,0,1,0
128.55,5,0,1,0
128.6,5,0,1,0
128.65,5,0,1,0
128.7,5,0,1,0
128.75,5,0,1,0
128.8,5,0,1,0
128.85,5,0,1,0
128.9,5,0,1,0
128.95,5,0,1,0
129,5,0,1,0
129.05,5,0,1,0
129.1,5,0,1,0
129.15,5,0,1,0
129.2,5,0,1,0
129.25,5,0,1,0
129.3,5,0,1,0
129.35,5,0,1,0
129.4,5,0,1,0
129.45,5,0,1,0
129.5,5,0,1,0
129.55,5,0,1,0
129.6,5,0,1,0
129.65,5,0,1,0
129.7,5,0,1,0
129.75,5,0,1,0
129.8,5,0,1,0
129.85,5,0,1,0
129.9,5,0,1,0
129.95,5,0,1,0
130,5,0,1,0
130.05,5,0,1,0
130.1,5,0,1,0
130.15,5,0,1,0
130.2,5,0,1,0
130.25,5,0,1,0
130.3,5,0,1,0
130.35,5,0,1,0
130.4,5,0,1,0
130.45,5,0,1,0
130.5,5,0,1,0
130.55,5,0,1,0
130.6,5,0,1,0
130.65,5,0,1,0
130.7,5,0,1,0
130.75,5,0,1,0
130.8,5,0,1,0
130.85,5,0,1,0
130.9,5,0,1,0
130.95,5,0,1,0
131,5,0,1,0
131.05,5,0,1,0
131.1,5,0,1,0
131.15,5,0,1,0
131.2,5,0,1,0
131.25,5,0,1,0
131.3,5,0,1,0
131.35,5,0,1,0
131.4,5,0,1,0
131.45,5,0,1,0
131.5,5,0,1,0
131.55,5,0,1,0
131.6,5,0,1,0
131.65,5,0,1,0
131.7,5,0,1,0
131.75,5,0,1,0
131.8,5,0,1,0
131.85,5,0,1,0
131.9,5,0,1,0
131.95,5,0,1,0
132,5,0,1,0
132.05,5,0,1,0
132.1,5,0,1,0
132.15,5,0,1,0
132.2,5,0,1,0
132.25,5,0,1,0
132.3,5,0,1,0
132.35,5,0,1,0
132.4,5,0,1,0
132.45,5,0,1,0
132.5,5,0,1,0
132.55,5,0,1,0
132.6,5,0,1,0
132.65,5,0,1,0
132.7,5,0,1,0
132.75,5,0,1,0
132.8,5,0,1,0
132.85,5,0,1,0
132.9,5,0,1,0
132.95,5,0,1,0
133,5,0,1,0
133.05,5,0,1,0
133.1,5,0,1,0
133.15,5,0,1,0
133.2,5,0,1,0
133.25,5,0,1,0
133.3,5,0,1,0
133.35,5,0,1,0
133.4,5,0,1,0
133.45,5,0,1,0
133.5,5,0,1,0
133.55,5,0,1,0
133.6,5,0,1,0
133.65,5,0,1,0
133.7,5,0,1,0
133.75,5,0,1,0
133.8,5,0,1,0
133.85,5,0,1,0
133.9,5,0,1,0
133.95,5,0,1,0
134,5,0,1,0
134.05,5,0,1,0
134.1,5,0,1,0
134.15,5,0,1,0
134.2,5,0,1,0
134.25,5,0,1,0
134.3,5,0,1,0
134.35,5,0,1,0
134.4,5,0,1,0
134.45,5,0,1,0
134.5,5,0,1,0
134.55,5,0,1,0
134.6,5,0,1,0
134.65,5,0,1,0
134.7,5,0,1,0
134.75,5,0,1,0
134.8,5,0,1,0
134.85,5,0,1,0
134.9,5,0,1,0
134.95,5,0,1,0
135,5,0,1,0
135.05,5,0,1,0
135.1,5,0,1,0
135.15,5,0,1,0
135.2,5,0,1,0
135.25,5,0,1,0
135.3,5,0,1,0
135.35,5,0,1,0
135.4,5,0,1,0
135.45,5,0,1,0
135.5,5,0,1,0
135.55,5,0,1,0
135.6,5,0,1,0
135.65,5,0,1,0
135.7,5,0,1,0
135.75,5,0,1,0
135.8,5,0,1,0
135.85,5,0,1,0
135.9,5,0,1,0
135.95,5,0,1,0
136,5,0,1,0
136.05,5,0,1,0
136.1,5,0,1,0
136.15,5,0,1,0
136.2,5,0,1,0
136.25,5,0,1,0
136.3,5,0,1,0
136.35,5,0,1,0
136.4,5,0,1,0
136.45,5,0,1,0
136.5,5,0,1,0
136.55,5,0,1,0
136.6,5,0,1,0
136.65,5,0,1,0
136.7,5,0,1,0
136.75,5,0,1,0
136.8,5,0,1,0
136.85,5,0,1,0
136.9,5,0,1,0
136.95,5,0,1,0
137,5,0,1,0
137.05,5,0,1,0
137.1,5,0,1,0
137.15,5,0,1,0
137.2,5,0,1,0
137.25,5,0,1,0
137.3,5,0,1,0
137.35,5,0,1,0
137.4,5,0,1,0
137.45,5,0,1,0
137.5,5,0,1,0
137.55,5,0,1,0
137.6,5,0,1,0
137.65,5,0,1,0
137.7,5,0,1,0
137.75,5,0,1,0
137.8,5,0,1,0
137.85,5,0,1,0
137.9,5,0,1,0
137.95,5,0,1,0
138,5,0,1,0
138.05,5,0,1,0
138.1,5,0,1,0
138.15,5,0,1,0
138.2,5,0,1,0
138.25,5,0,1,0
138.3,5,0,1,0
138.35,5,0,1,0
138.4,5,0,1,0
138.45,5,0,1,0
138.5,5,0,1,0
138.55,5,0,1,0
138.6,5,0,1,0
138.65,5,0,1,0
138.7,5,0,1,0
138.75,5,0,1,0
138.8,5,0,1,0
138.85,5,0,1,0
138.9,5,0,1,0
138.95,5,0,1,0
139,5,0,1,0
139.05,5,0,1,0
139.1,5,0,1,0
139.15,5,0,1,0
139.2,5,0,1,0
139.25,5,0,1,0
139.3,5,0,1,0
139.35,5,0,1,0
139.4,5,0,1,0
139.45,5,0,1,0
139.5,5,0,1,0
139.55,5,0,1,0
139.6,5,0,1,0
139.65,5,0,1,0
139.7,5,0,1,0
139.75,5,0,1,0
139.8,5,0,1,0
139.85,5,0,1,0
139.9,5,0,1,0
139.95,5,0,1,0
140,5,0,1,0
140.05,5,0,1,0
140.1,5,0,1,0
140.15,5,0,1,0
140.2,5,0,1,0
140.25,5,0,1,0
140.3,5,0,1,0
140.35,5,0,1,0
140.4,5,0,1,0
140.45,5,0,1,0
140.5,5,0,1,0
140.55,5,0,1,0
140.6,5,0,1,0
140.65,5,0,1,0
140.7,5,0,1,0
140.75,5,0,1,0
140.8,5,0,1,0
140.85,5,0,1,0
140.9,5,0,1,0
140.95,5,0,1,0
141,5,0,1,0
141.05,5,0,1,0
141.1,5,0,1,0
141.15,5,0,1,0
141.2,5,0,1,0
141.25,5,0,1,0
141.3,5,0,1,0
141.35,5,0,1,0
141.4,5,0,1,0
141.45,5,0,1,0
141.5,5,0,1,0
141.55,5,0,1,0
141.6,5,0,1,0
141.65,5,0,1,0
141.7,5,0,1,0
141.75,5,0,1,0
141.8,5,0,1,0
141.85,5,0,1,0
141.9,5,0,1,0
141.95,5,0,1,0
142,5,0,1,0
142.05,5,0,1,0
142.1,5,0,1,0
142.15,5,0,1,0
142.2,5,0,1,0
142.25,5,0,1,0
142.3,5,0,1,0
142.35,5,0,1,0
142.4,5,0,1,0
142.45,5,0,1,0
142.5,5,0,1,0
142.55,5,0,1,0
142.6,5,0,1,0
142.65,5,0,1,0
142.7,5,0,1,0
142.75,5,0,1,0
142.8,5,0,1,0
142.85,5,0,1,0
142.9,5,0,1,0
142.95,5,0,1,0
143,5,0,1,0
143.05,5,0,1,0
143.1,5,0,1,0
143.15,5,0,1,0
143.2,5,0,1,0
143.25,5,0,1,0
143.3,5,0,1,0
143.35,5,0,1,0
143.4,5,0,1,0
143.45,5,0,1,0
143.5,5,0,1,0
143.55,5,0,1,0
143.6,5,0,1,0
143.65,5,0,1,0
143.7,5,0,1,0
143.75,5,0,1,0
143.8,5,0,1,0
143.85,5,0,1,0
143.9,5,0,1,0
143.95,5,0,1,0
144,5,0,1,0
144.05,5,0,1,0
144.1,5,0,1,0
144.15,5,0,1,0
144.2,5,0,1,0
144.25,5,0,1,0
144.3,5,0,1,0
144.35,5,0,1,0
144.4,5,0,1,0
144.45,5,0,1,0
144.5,5,0,1,0
144.55,5,0,1,0
144.6,5,0,1,0
144.65,5,0,1,0
144.7,5,0,1,0
144.75,5,0,1,0
144.8,5,0,1,0
144.85,5,0,1,0
144.9,5,0,1,0
144.95,5,0,1,0
145,5,0,1,0
145.05,5,0,1,0
145.1,5,0,1,0
145.15,5,0,1,0
145.2,5,0,1,0
145.25,5,0,1,0
145.3,5,0,1,0
145.35,5,0,1,0
145.4,5,0,1,0
145.45,5,0,1,0
145.5,5,0,1,0
145.55,5,0,1,0
145.6,5,0,1,0
145.65,5,0,1,0
145.7,5,0,1,0
145.75,5,0,1,0
145.8,5,0,1,0
145.85,5,0,1,0
145.9,5,0,1,0
145.95,5,0,1,0
146,5,0,1,0
146.05,5,0,1,0
146.1,5,0,1,0
146.15,5,0,1,0
146.2,5,0,1,0
146.25,5,0,1,0
146.3,5,0,1,0
146.35,5,0,1,0
146.4,5,0,1,0
146.45,5,0,1,0
146.5,5,0,1,0
146.55,5,0,1,0
146.6,5,0,1,0
146.65,5,0,1,0
146.7,5,0,1,0
146.75,5,0,1,0
146.8,5,0,1,0
146.85,5,0,1,0
146.9,5,0,1,0
146.95,5,0,1,0
147,5,0,1,0
147.05,5,0,1,0
147.1,5,0,1,0
147.15,5,0,1,0
147.2,5,0,1,0
147.25,5,0,1,0
147.3,5,0,1,0
147.35,5,0,1,0
147.4,5,0,1,0
147.45,5,0,1,0
147.5,5,0,1,0
147.55,5,0,1,0
147.6,5,0,1,0
147.65,5,0,1,0
147.7,5,0,1,0
147.75,5,0,1,0
147.8,5,0,1,0
147.85,5,0,1,0
147.9,5,0,1,0
147.95,5,0,1,0
148,5,0,1,0
148.05,5,0,1,0
148.1,5,0,1,0
148.15,5,0,1,0
148.2,5,0,1,0
148.25,5,0,1,0
148.3,5,0,1,0
148.35,5,0,1,0
148.4,5,0,1,0
148.45,5,0,1,0
148.5,5,0,1,0
148.55,5,0,1,0
148.6,5,0,1,0
148.65,5,0,1,0
148.7,5,0,1,0
148.75,5,0,1,0
148.8,5,0,1,0
148.85,5,0,1,0
148.9,5,0,1,0
148.95,5,0,1,0
149,5,0,1,0
149.05,5,0,1,0
149.1,5,0,1,0
149.15,5,0,1,0
149.2,5,0,1,0
149.25,5,0,1,0
149.3,5,0,1,0
149.35,5,0,1,0
149.4,5,0,1,0
149.45,5,0,1,0
149.5,5,0,1,0
149.55,5,0,1,0
149.6,5,0,1,0
149.65,5,0,1,0
149.7,5,0,1,0
149.75,5,0,1,0
149.8,5,0,1,0
149.85,5,0,1,0
149.9,5,0,1,0
149.95,5,0,1,0
150,5,0,1,0
150.05,5,0,1,0
150.1,5,0,1,0
150.15,5,0,1,0
150.2,5,0,1,0
150.25,5,0,1,0
150.3,5,0,1,0
150.35,5,0,1,0
150.4,5,0,1,0
150.45,5,0,1,0
150.5,5,0,1,0
150.55,5,0,1,0
150.6,5,0,1,0
150.65,5,0,1,0
150.7,5,0,1,0
150.75,5,0,1,0
150.8,5,0,1,0
150.85,5,0,1,0
150.9,5,0,1,0
150.95,5,0,1,0
151,5,0,1,0
151.05,5,0,1,0
151.1,5,0,1,0
151.15,5,0,1,0
151.2,5,0,1,0
151.25,5,0,1,0
151.3,5,0,1,0
151.35,5,0,1,0
151.4,5,0,1,0
151.45,5,0,1,0
151.5,5,0,1,0
151.55,5,0,1,0
151.6,5,0,1,0
151.65,5,0,1,0
151.7,5,0,1,0
151.75,5,0,1,0
151.8,5,0,1,0
151.85,5,0,1,0
151.9,5,0,1,0
151.95,5,0,1,0
152,5,0,1,0
152.05,5,0,1,0
152.1,5,0,1,0
152.15,5,0,1,0
152.2,5,0,1,0
152.25,5,0,1,0
152.3,5,0,1,0
152.35,5,0,1,0
152.4,5,0,1,0
152.45,5,0,1,0
152.5,5,0,1,0
152.55,5,0,1,0
152.6,5,0,1,0
152.65,5,0,1,0
152.7,5,0,1,0
152.75,5,0,1,0
152.8,5,0,1,0
152.85,5,0,1,0
152.9,5,0,1,0
152.95,5,0,1,0
153,5,0,1,0
153.05,5,0,1,0
153.1,5,0,1,0
153.15,5,0,1,0
153.2,5,0,1,0
153.25,5,0,1,0
153.3,5,0,1,0
153.35,5,0,1,0
153.4,5,0,1,0
153.45,5,0,1,0
153.5,5,0,1,0
153.55,5,0,1,0
153.6,5,0,1,0
153.65,5,0,1,0
153.7,5,0,1,0
153.75,5,0,1,0
153.8,5,0,1,0
153.85,5,0,1,0
153.9,5,0,1,0
153.95,5,0,1,0
154,5,0,1,0
154.05,5,0,1,0
154.1,5,0,1,0
154.15,5,0,1,0
154.2,5,0,1,0
154.25,5,0,1,0
154.3,5,0,1,0
154.35,5,0,1,0
154.4,5,0,1,0
154.45,5,0,1,0
154.5,5,0,1,0
154.55,5,0,1,0
154.6,5,0,1,0
154.65,5,0,1,0
154.7,5,0,1,0
154.75,5,0,1,0
154.8,5,0,1,0
154.85,5,0,1,0
154.9,5,0,1,0
154.95,5,0,1,0
155,5,0,1,0
155.05,5,0,1,0
155.1,5,0,1,0
155.15,5,0,1,0
155.2,5,0,1,0
155.25,5,0,1,0
155.3,5,0,1,0
155.35,5,0,1,0
155.4,5,0,1,0
155.45,5,0,1,0
155.5,5,0,1,0
155.55,5,0,1,0
155.6,5,0,1,0
155.65,5,0,1,0
155.7,5,0,1,0
155.75,5,0,1,0
155.8,5,0,1,0
155.85,5,0,1,0
155.9,5,0,1,0
155.95,5,0,1,0
156,5,0,1,0
156.05,5,0,1,0
156.1,5,0,1,0
156.15,5,0,1,0
156.2,5,0,1,0
156.25,5,0,1,0
156.3,5,0,1,0
156.35,5,0,1,0
156.4,5,0,1,0
156.45,5,0,1,0
156.5,5,0,1,0
156.55,5,0,1,0
156.6,5,0,1,0
156.65,5,0,1,0
156.7,5,0,1,0
156.75,5,0,1,0
156.8,5,0,1,0
156.85,5,0,1,0
156.9,5,0,1,0
156.95,5,0,1,0
157,5,0,1,0
157.05,5,0,1,0
157.1,5,0,1,0
157.15,5,0,1,0
157.2,5,0,1,0
157.25,5,0,1,0
157.3,5,0,1,0
157.35,5,0,1,0
157.4,5,0,1,0
157.45,5,0,1,0
157.5,5,0,1,0
157.55,5,0,1,0
157.6,5,0,1,0
157.65,5,0,1,0
157.7,5,0,1,0
157.75,5,0,1,0
157.8,5,0,1,0
157.85,5,0,1,0
157.9,5,0,1,0
157.95,5,0,1,0
158,5,0,1,0
158.05,5,0,1,0
158.1,5,0,1,0
158.15,5,0,1,0
158.2,5,0,1,0
158.25,5,0,1,0
158.3,5,0,1,0
158.35,5,0,1,0
158.4,5,0,1,0
158.45,5,0,1,0
158.5,5,0,1,0
158.55,5,0,1,0
158.6,5,0,1,0
158.65,5,0,1,0
158.7,5,0,1,0
158.75,5,0,1,0
158.8,5,0,1,0
158.85,5,0,1,0
158.9,5,0,1,0
158.95,5,0,1,0
159,5,0,1,0
159.05,5,0,1,0
159.1,5,0,1,0
159.15,5,0,1,0
159.2,5,0,1,0
159.25,5,0,1,0
159.3,5,0,1,0
159.35,5,0,1,0
159.4,5,0,1,0
159.45,5,0,1,0
159.5,5,0,1,0
159.55,5,0,1,0
159.6,5,0,1,0
159.65,5,0,1,0
159.7,5,0,1,0
159.75,5,0,1,0
159.8,5,0,1,0
159.85,5,0,1,0
159.9,5,0,1,0
159.95,5,0,1,0
160,5,0,1,0
160.05,5,0,1,0
160.1,5,0,1,0
160.15,5,0,1,0
160.2,5,0,1,0
160.25,5,0,1,0
160.3,5,0,1,0
160.35,5,0,1,0
160.4,5,0,1,0
160.45,5,0,1,0
160.5,5,0,1,0
160.55,5,0,1,0
160.6,5,0,1,0
160.65,5,0,1,0
160.7,5,0,1,0
160.75,5,0,1,0
160.8,5,0,1,0
160.85,5,0,1,0
160.9,5,0,1,0
160.95,5,0,1,0
161,5,0,1,0
161.05,5,0,1,0
161.1,5,0,1,0
161.15,5,0,1,0
161.2,5,0,1,0
161.25,5,0,1,0
161.3,5,0,1,0
161.35,5,0,1,0
161.4,5,0,1,0
161.45,5,0,1,0
161.5,5,0,1,0
161.55,5,0,1,0
161.6,5,0,1,0
161.65,5,0,1,0
161.7,5,0,1,0
161.75,5,0,1,0
161.8,5,0,1,0
161.85,5,0,1,0
161.9,5,0,1,0
161.95,5,0,1,0
162,5,0,1,0
162.05,5,0,1,0
162.1,5,0,1,0
162.15,5,0,1,0
162.2,5,0,1,0
162.25,5,0,1,0
162.3,5,0,1,0
162.35,5,0,1,0
162.4,5,0,1,0
162.45,5,0,1,0
162.5,5,0,1,0
162.55,5,0,1,0
162.6,5,0,1,0
162.65,5,0,1,0
162.7,5,0,1,0
162.75,5,0,1,0
162.8,5,0,1,0
162.85,5,0,1,0
162.9,5,0,1,0
162.95,5,0,1,0
163,5,0,1,0
163.05,5,0,1,0
163.1,5,0,1,0
163.15,5,0,1,0
163.2,5,0,1,0
163.25,5,0,1,0
163.3,5,0,1,0
163.35,5,0,1,0
163.4,5,0,1,0
163.45,5,0,1,0
163.5,5,0,1,0
163.55,5,0,1,0
163.6,5,0,1,0
163.65,5,0,1,0
163.7,5,0,1,0
163.75,5,0,1,0
163.8,5,0,1,0
163.85,5,0,1,0
163.9,5,0,1,0
163.95,5,0,1,0
164,5,0,1,0
164.05,5,0,1,0
164.1,5,0,1,0
164.15,5,0,1,0
164.2,5,0,1,0
164.25,5,0,1,0
164.3,5,0,1,0
164.35,5,0,1,0
164.4,5,0,1,0
164.45,5,0,1,0
164.5,5,0,1,0
164.55,5,0,1,0
164.6,5,0,1,0
164.65,5,0,1,0
164.7,5,0,1,0
164.75,5,0,1,0
164.8,5,0,1,0
164.85,5,0,1,0
164.9,5,0,1,0
164.95,5,0,1,0
165,5,0,1,0
165.05,5,0,1,0
165.1,5,0,1,0
165.15,5,0,1,0
165.2,5,0,1,0
165.25,5,0,1,0
165.3,5,0,1,0
165.35,5,0,1,0
165.4,5,0,1,0
165.45,5,0,1,0
165.5,5,0,1,0
165.55,5,0,1,0
165.6,5,0,1,0
165.65,5,0,1,0
165.7,5,0,1,0
165.75,5,0,1,0
165.8,5,0,1,0
165.85,5,0,1,0
165.9,5,0,1,0
165.95,5,0,1,0
166,5,0,1,0
166.05,5,0,1,0
166.1,5,0,1,0
166.15,5,0,1,0
166.2,5,0,1,0
166.25,5,0,1,0
166.3,5,0,1,0
166.35,5,0,1,0
166.4,5,0,1,0
166.45,5,0,1,0
166.5,5,0,1,0
166.55,5,0,1,0
166.6,5,0,1,0
166.65,5,0,1,0
166.7,5,0,1,0
166.75,5,0,1,0
166.8,5,0,1,0
166.85,5,0,1,0
166.9,5,0,1,0
166.95,5,0,1,0
167,5,0,1,0
167.05,5,0,1,0
167.1,5,0,1,0
167.15,5,0,1,0
167.2,5,0,1,0
167.25,5,0,1,0
167.3,5,0,1,0
167.35,5,0,1,0
167.4,5,0,1,0
167.45,5,0,1,0
167.5,5,0,1,0
167.55,5,0,1,0
167.6,5,0,1,0
167.65,5,0,1,0
167.7,5,0,1,0
167.75,5,0,1,0
167.8,5,0,1,0
167.85,5,0,1,0
167.9,5,0,1,0
167.95,5,0,1,0
168,5,0,1,0
168.05,5,0,1,0
168.1,5,0,1,0
168.15,5,0,1,0
168.2,5,0,1,0
168.25,5,0,1,0
168.3,5,0,1,0
168.35,5,0,1,0
168.4,5,0,1,0
168.45,5,0,1,0
168.5,5,0,1,0
168.55,5,0,1,0
168.6,5,0,1,0
168.65,5,0,1,0
168.7,5,0,1,0
168.75,5,0,1,0
168.8,5,0,1,0
168.85,5,0,1,0
168.9,5,0,1,0
168.95,5,0,1,0
169,5,0,1,0
169.05,5,0,1,0
169.1,5,0,1,0
169.15,5,0,1,0
169.2,5,0,1,0
169.25,5,0,1,0
169.3,5,0,1,0
169.35,5,0,1,0
169.4,5,0,1,0
169.45,5,0,1,0
169.5,5,0,1,0
169.55,5,0,1,0
169.6,5,0,1,0
169.65,5,0,1,0
169.7,5,0,1,0
169.75,5,0,1,0
169.8,5,0,1,0
169.85,5,0,1,0
169.9,5,0,1,0
169.95,5,0,1,0
170,5,0,1,0
170.05,5,0,1,0
170.1,5,0,1,0
170.15,5,0,1,0
170.2,5,0,1,0
170.25,5,0,1,0
170.3,5,0,1,0
170.35,5,0,1,0
170.4,5,0,1,0
170.45,5,0,1,0
170.5,5,0,1,0
170.55,5,0,1,0
170.6,5,0,1,0
170.65,5,0,1,0
170.7,5,0,1,0
170.75,5,0,1,0
170.8,5,0,1,0
170.85,5,0,1,0
170.9,5,0,1,0
170.95,5,0,1,0
171,5,0,1,0
171.05,5,0,1,0
171.1,5,0,1,0
171.15,5,0,1,0
171.2,5,0,1,0
171.25,5,0,1,0
171.3,5,0,1,0
171.35,5,0,1,0
171.4,5,0,1,0
171.45,5,0,1,0
171.5,5,0,1,0
171.55,5,0,1,0
171.6,5,0,1,0
171.65,5,0,1,0
171.7,5,0,1,0
171.75,5,0,1,0
171.8,5,0,1,0
171.85,5,0,1,0
171.9,5,0,1,0
171.95,5,0,1,0
172,5,0,1,0
172.05,5,0,1,0
172.1,5,0,1,0
172.15,5,0,1,0
172.2,5,0,1,0
172.25,5,0,1,0
172.3,5,0,1,0
172.35,5,0,1,0
172.4,5,0,1,0
172.45,5,0,1,0
172.5,5,0,1,0
172.55,5,0,1,0
172.6,5,0,1,0
172.65,5,0,1,0
172.7,5,0,1,0
172.75,5,0,1,0
172.8,5,0,1,0
172.85,5,0,1,0
172.9,5,0,1,0
172.95,5,0,1,0
173,5,0,1,0
173.05,5,0,1,0
173.1,5,0,1,0
173.15,5,0,1,0
173.2,5,0,1,0
173.25,5,0,1,0
173.3,5,0,1,0
173.35,5,0,1,0
173.4,5,0,1,0
173.45,5,0,1,0
173.5,5,0,1,0
173.55,5,0,1,0
173.6,5,0,1,0
173.65,5,0,1,0
173.7,5,0,1,0
173.75,5,0,1,0
173.8,5,0,1,0
173.85,5,0,1,0
173.9,5,0,1,0
173.95,5,0,1,0
174,5,0,1,0
174.05,5,0,1,0
174.1,5,0,1,0
174.15,5,0,1,0
174.2,5,0,1,0
174.25,5,0,1,0
174.3,5,0,1,0
174.35,5,0,1,0
174.4,5,0,1,0
174.45,5,0,1,0
174.5,5,0,1,0
174.55,5,0,1,0
174.6,5,0,1,0
174.65,5,0,1,0
174.7,5,0,1,0
174.75,5,0,1,0
174.8,5,0,1,0
174.85,5,0,1,0
174.9,5,0,1,0
174.95,5,0,1,0
175,5,0,1,0
175.05,5,0,1,0
175.1,5,0,1,0
175.15,5,0,1,0
175.2,5,0,1,0
175.25,5,0,1,0
175.3,5,0,1,0
175.35,5,0,1,0
175.4,5,0,1,0
175.45,5,0,1,0
175.5,5,0,1,0
175.55,5,0,1,0
175.6,5,0,1,0
175.65,5,0,1,0
175.7,5,0,1,0
175.75,5,0,1,0
175.8,5,0,1,0
175.85,5,0,1,0
175.9,5,0,1,0
175.95,5,0,1,0
176,5,0,1,0
176.05,5,0,1,0
176.1,5,0,1,0
176.15,5,0,1,0
176.2,5,0,1,0
176.25,5,0,1,0
176.3,5,0,1,0
176.35,5,0,1,0
176.4,5,0,1,0
176.45,5,0,1,0
176.5,5,0,1,0
176.55,5,0,1,0
176.6,5,0,1,0
176.65,5,0,1,0
176.7,5,0,1,0
176.75,5,0,1,0
176.8,5,0,1,0
176.85,5,0,1,0
176.9,5,0,1,0
176.95,5,0,1,0
177,5,0,1,0
177.05,5,0,1,0
177.1,5,0,1,0
177.15,5,0,1,0
177.2,5,0,1,0
177.25,5,0,1,0
177.3,5,0,1,0
177.35,5,0,1,0
177.4,5,0,1,0
177.45,5,0,1,0
177.5,5,0,1,0
177.55,5,0,1,0
177.6,5,0,1,0
177.65,5,0,1,0
177.7,5,0,1,0
177.75,5,0,1,0
177.8,5,0,1,0
177.85,5,0,1,0
177.9,5,0,1,0
177.95,5,0,1,0
178,5,0,1,0
178.05,5,0,1,0
178.1,5,0,1,0
178.15,5,0,1,0
178.2,5,0,1,0
178.25,5,0,1,0
178.3,5,0,1,0
178.35,5,0,1,0
178.4,5,0,1,0
178.45,5,0,1,0
178.5,5,0,1,0
178.55,5,0,1,0
178.6,5,0,1,0
178.65,5,0,1,0
178.7,5,0,1,0
178.75,5,0,1,0
178.8,5,0,1,0
178.85,5,0,1,0
178.9,5,0,1,0
178.95,5,0,1,0
179,5,0,1,0
179.05,5,0,1,0
179.1,5,0,1,0
179.15,5,0,1,0
179.2,5,0,1,0
179.25,5,0,1,0
179.3,5,0,1,0
179.35,5,0,1,0
179.4,5,0,1,0
179.45,5,0,1,0
179.5,5,0,1,0
179.55,5,0,1,0
179.6,5,0,1,0
179.65,5,0,1,0
179.7,5,0,1,0
179.75,5,0,1,0
179.8,5,0,1,0
179.85,5,0,1,0
179.9,5,0,1,0
179.95,5,0,1,0
180,5,0,1,0
180.05,5,0,1,0
180.1,5,0,1,0
180.15,5,0,1,0
180.2,5,0,1,0
180.25,5,0,1,0
180.3,5,0,1,0
180.35,5,0,1,0
180.4,5,0,1,0
180.45,5,0,1,0
180.5,5,0,1,0
180.55,5,0,1,0
180.6,5,0,1,0
180.65,5,0,1,0
180.7,5,0,1,0
180.75,5,0,1,0
180.8,5,0,1,0
180.85,5,0,1,0
180.9,5,0,1,0
180.95,5,0,1,0
181,5,0,1,0
181.05,5,0,1,0
181.1,5,0,1,0
181.15,5,0,1,0
181.2,5,0,1,0
181.25,5,0,1,0
181.3,5,0,1,0
181.35,5,0,1,0
181.4,5,0,1,0
181.45,5,0,1,0
181.5,5,0,1,0
181.55,5,0,1,0
181.6,5,0,1,0
181.65,5,0,1,0
181.7,5,0,1,0
181.75,5,0,1,0
181.8,5,0,1,0
181.85,5,0,1,0
181.9,5,0,1,0
181.95,5,0,1,0
182,5,0,1,0
182.05,5,0,1,0
182.1,5,0,1,0
182.15,5,0,1,0
182.2,5,0,1,0
182.25,5,0,1,0
182.3,5,0,1,0
182.35,5,0,1,0
182.4,5,0,1,0
182.45,5,0,1,0
182.5,5,0,1,0
182.55,5,0,1,0
182.6,5,0,1,0
182.65,5,0,1,0
182.7,5,0,1,0
182.75,5,0,1,0
182.8,5,0,1,0
182.85,5,0,1,0
182.9,5,0,1,0
182.95,5,0,1,0
183,5,0,1,0
183.05,5,0,1,0
183.1,5,0,1,0
183.15,5,0,1,0
183.2,5,0,1,0
183.25,5,0,1,0
183.3,5,0,1,0
183.35,5,0,1,0
183.4,5,0,1,0
183.45,5,0,1,0
183.5,5,0,1,0
183.55,5,0,1,0
183.6,5,0,1,0
183.65,5,0,1,0
183.7,5,0,1,0
183.75,5,0,1,0
183.8,5,0,1,0
183.85,5,0,1,0
183.9,5,0,1,0
183.95,5,0,1,0
184,5,0,1,0
184.05,5,0,1,0
184.1,5,0,1,0
184.15,5,0,1,0
184.2,5,0,1,0
184.25,5,0,1,0
184.3,5,0,1,0
184.35,5,0,1,0
184.4,5,0,1,0
184.45,5,0,1,0
184.5,5,0,1,0
184.55,5,0,1,0
184.6,5,0,1,0
184.65,5,0,1,0
184.7,5,0,1,0
184.75,5,0,1,0
184.8,5,0,1,0
184.85,5,0,1,0
184.9,5,0,1,0
184.95,5,0,1,0
185,5,0,1,0
185.05,5,0,1,0
185.1,5,0,1,0
185.15,5,0,1,0
185.2,5,0,1,0
185.25,5,0,1,0
185.3,5,0,1,0
185.35,5,0,1,0
185.4,5,0,1,0
185.45,5,0,1,0
185.5,5,0,1,0
185.55,5,0,1,0
185.6,5,0,1,0
185.65,5,0,1,0
185.7,5,0,1,0
185.75,5,0,1,0
185.8,5,0,1,0
185.85,5,0,1,0
185.9,5,0,1,0
185.95,5,0,1,0
186,5,0,1,0
186.05,5,0,1,0
186.1,5,0,1,0
186.15,5,0,1,0
186.2,5,0,1,0
186.25,5,0,1,0
186.3,5,0,1,0
186.35,5,0,1,0
186.4,5,0,1,0
186.45,5,0,1,0
186.5,5,0,1,0
186.55,5,0,1,0
186.6,5,0,1,0
186.65,5,0,1,0
186.7,5,0,1,0
186.75,5,0,1,0
186.8,5,0,1,0
186.85,5,0,1,0
186.9,5,0,1,0
186.95,5,0,1,0
187,5,0,1,0
187.05,5,0,1,0
187.1,5,0,1,0
187.15,5,0,1,0
187.2,5,0,1,0
187.25,5,0,1,0
187.3,5,0,1,0
187.35,5,0,1,0
187.4,5,0,1,0
187.45,5,0,1,0
187.5,5,0,1,0
187.55,5,0,1,0
187.6,5,0,1,0
187.65,5,0,1,0
187.7,5,0,1,0
187.75,5,0,1,0
187.8,5,0,1,0
187.85,5,0,1,0
187.9,5,0,1,0
187.95,5,0,1,0
188,5,0,1,0
188.05,5,0,1,0
188.1,5,0,1,0
188.15,5,0,1,0
188.2,5,0,1,0
188.25,5,0,1,0
188.3,5,0,1,0
188.35,5,0,1,0
188.4,5,0,1,0
188.45,5,0,1,0
188.5,5,0,1,0
188.55,5,0,1,0
188.6,5,0,1,0
188.65,5,0,1,0
188.7,5,0,1,0
188.75,5,0,1,0
188.8,5,0,1,0
188.85,5,0,1,0
188.9,5,0,1,0
188.95,5,0,1,0
189,5,0,1,0
189.05,5,0,1,0
189.1,5,0,1,0
189.15,5,0,1,0
189.2,5,0,1,0
189.25,5,0,1,0
189.3,5,0,1,0
189.35,5,0,1,0
189.4,5,0,1,0
189.45,5,0,1,0
189.5,5,0,1,0
189.55,5,0,1,0
189.6,5,0,1,0
189.65,5,0,1,0
189.7,5,0,1,0
189.75,5,0,1,0
189.8,5,0,1,0
189.85,5,0,1,0
189.9,5,0,1,0
189.95,5,0,1,0
190,5,0,1,0
190.05,5,0,1,0
190.1,5,0,1,0
190.15,5,0,1,0
190.2,5,0,1,0
190.25,5,0,1,0
190.3,5,0,1,0
190.35,5,0,1,0
190.4,5,0,1,0
190.45,5,0,1,0
190.5,5,0,1,0
190.55,5,0,1,0
190.6,5,0,1,0
190.65,5,0,1,0
190.7,5,0,1,0
190.75,5,0,1,0
190.8,5,0,1,0
190.85,5,0,1,0
190.9,5,0,1,0
190.95,5,0,1,0
191,5,0,1,0
191.05,5,0,1,0
191.1,5,0,1,0
191.15,5,0,1,0
191.2,5,0,1,0
191.25,5,0,1,0
191.3,5,0,1,0
191.35,5,0,1,0
191.4,5,0,1,0
191.45,5,0,1,0
191.5,5,0,1,0
191.55,5,0,1,0
191.6,5,0,1,0
191.65,5,0,1,0
191.7,5,0,1,0
191.75,5,0,1,0
191.8,5,0,1,0
191.85,5,0,1,0
191.9,5,0,1,0
191.95,5,0,1,0
192,5,0,1,0
192.05,5,0,1,0
192.1,5,0,1,0
192.15,5,0,1,0
192.2,5,0,1,0
192.25,5,0,1,0
192.3,5,0,1,0
192.35,5,0,1,0
192.4,5,0,1,0
192.45,5,0,1,0
192.5,5,0,1,0
192.55,5,0,1,0
192.6,5,0,1,0
192.65,5,0,1,0
192.7,5,0,1,0
192.75,5,0,1,0
192.8,5,0,1,0
192.85,5,0,1,0
192.9,5,0,1,0
192.95,5,0,1,0
193,5,0,1,0
193.05,5,0,1,0
193.1,5,0,1,0
193.15,5,0,1,0
193.2,5,0,1,0
193.25,5,0,1,0
193.3,5,0,1,0
193.35,5,0,1,0
193.4,5,0,1,0
193.45,5,0,1,0
193.5,5,0,1,0
193.55,5,0,1,0
193.6,5,0,1,0
193.65,5,0,1,0
193.7,5,0,1,0
193.75,5,0,1,0
193.8,5,0,1,0
193.85,5,0,1,0
193.9,5,0,1,0
193.95,5,0,1,0
194,5,0,1,0
194.05,5,0,1,0
194.1,5,0,1,0
194.15,5,0,1,0
194.2,5,0,1,0
194.25,5,0,1,0
194.3,5,0,1,0
194.35,5,0,1,0
194.4,5,0,1,0
194.45,5,0,1,0
194.5,5,0,1,0
194.55,5,0,1,0
194.6,5,0,1,0
194.65,5,0,1,0
194.7,5,0,1,0
194.75,5,0,1,0
194.8,5,0,1,0
194.85,5,0,1,0
194.9,5,0,1,0
194.95,5,0,1,0
195,5,0,1,0
195.05,5,0,1,0
195.1,5,0,1,0
195.15,5,0,1,0
195.2,5,0,1,0
195.25,5,0,1,0
195.3,5,0,1,0
195.35,5,0,1,0
195.4,5,0,1,0
195.45,5,0,1,0
195.5,5,0,1,0
195.55,5,0,1,0
195.6,5,0,1,0
195.65,5,0,1,0
195.7,5,0,1,0
195.75,5,0,1,0
195.8,5,0,1,0
195.85,5,0,1,0
195.9,5,0,1,0
195.95,5,0,1,0
196,5,0,1,0
196.05,5,0,1,0
196.1,5,0,1,0
196.15,5,0,1,0
196.2,5,0,1,0
196.25,5,0,1,0
196.3,5,0,1,0
196.35,5,0,1,0
196.4,5,0,1,0
196.45,5,0,1,0
196.5,5,0,1,0
196.55,5,0,1,0
196.6,5,0,1,0
196.65,5,0,1,0
196.7,5,0,1,0
196.75,5,0,1,0
196.8,5,0,1,0
196.85,5,0,1,0
196.9,5,0,1,0
196.95,5,0,1,0
197,5,0,1,0
197.05,5,0,1,0
197.1,5,0,1,0
197.15,5,0,1,0
197.2,5,0,1,0
197.25,5,0,1,0
197.3,5,0,1,0
197.35,5,0,1,0
197.4,5,0,1,0
197.45,5,0,1,0
197.5,5,0,1,0
197.55,5,0,1,0
197.6,5,0,1,0
197.65,5,0,1,0
197.7,5,0,1,0
197.75,5,0,1,0
197.8,5,0,1,0
197.85,5,0,1,0
197.9,5,0,1,0
197.95,5,0,1,0
198,5,0,1,0
198.05,5,0,1,0
198.1,5,0,1,0
198.15,5,0,1,0
198.2,5,0,1,0
198.25,5,0,1,0
198.3,5,0,1,0
198.35,5,0,1,0
198.4,5,0,1,0
198.45,5,0,1,0
198.5,5,0,1,0
198.55,5,0,1,0
198.6,5,0,1,0
198.65,5,0,1,0
198.7,5,0,1,0
198.75,5,0,1,0
198.8,5,0,1,0
198.85,5,0,1,0
198.9,5,0,1,0
198.95,5,0,1,0
199,5,0,1,0
199.05,5,0,1,0
199.1,5,0,1,0
199.15,5,0,1,0
199.2,5,0,1,0
199.25,5,0,1,0
199.3,5,0,1,0
199.35,5,0,1,0
199.4,5,0,1,0
199.45,5,0,1,0
199.5,5,0,1,0
199.55,5,0,1,0
199.6,5,0,1,0
199.65,5,0,1,0
199.7,5,0,1,0
199.75,5,0,1,0
199.8,5,0,1,0
199.85,5,0,1,0
199.9,5,0,1,0
199.95,5,0,1,0
200,5,0,1,0
200.05,5,0,1,0
200.1,5,0,1,0
200.15,5,0,1,0
200.2,5,0,1,0
200.25,5,0,1,0
200.3,5,0,1,0
200.35,5,0,1,0
200.4,5,0,1,0
200.45,5,0,1,0
200.5,5,0,1,0
200.55,5,0,1,0
200.6,5,0,1,0
200.65,5,0,1,0
200.7,5,0,1,0
200.75,5,0,1,0
200.8,5,0,1,0
200.85,5,0,1,0
200.9,5,0,1,0
200.95,5,0,1,0
201,5,0,1,0
201.05,5,0,1,0
201.1,5,0,1,0
201.15,5,0,1,0
201.2,5,0,1,0
201.25,5,0,1,0
201.3,5,0,1,0
201.35,5,0,1,0
201.4,5,0,1,0
201.45,5,0,1,0
201.5,5,0,1,0
201.55,5,0,1,0
201.6,5,0,1,0
201.65,5,0,1,0
201.7,5,0,1,0
201.75,5,0,1,0
201.8,5,0,1,0
201.85,5,0,1,0
201.9,5,0,1,0
201.95,5,0,1,0
202,5,0,1,0
202.05,5,0,1,0
202.1,5,0,1,0
202.15,5,0,1,0
202.2,5,0,1,0
202.25,5,0,1,0
202.3,5,0,1,0
202.35,5,0,1,0
202.4,5,0,1,0
202.45,5,0,1,0
202.5,5,0,1,0
202.55,5,0,1,0
202.6,5,0,1,0
202.65,5,0,1,0
202.7,5,0,1,0
202.75,5,0,1,0
202.8,5,0,1,0
202.85,5,0,1,0
202.9,5,0,1,0
202.95,5,0,1,0
203,5,0,1,0
203.05,5,0,1,0
203.1,5,0,1,0
203.15,5,0,1,0
203.2,5,0,1,0
203.25,5,0,1,0
203.3,5,0,1,0
203.35,5,0,1,0
203.4,5,0,1,0
203.45,5,0,1,0
203.5,5,0,1,0
203.55,5,0,1,0
203.6,5,0,1,0
203.65,5,0,1,0
203.7,5,0,1,0
203.75,5,0,1,0
203.8,5,0,1,0
203.85,5,0,1,0
203.9,5,0,1,0
203.95,5,0,1,0
204,5,0,1,0
204.05,5,0,1,0
204.1,5,0,1,0
204.15,5,0,1,0
204.2,5,0,1,0
204.25,5,0,1,0
204.3,5,0,1,0
204.35,5,0,1,0
204.4,5,0,1,0
204.45,5,0,1,0
204.5,5,0,1,0
204.55,5,0,1,0
204.6,5,0,1,0
204.65,5,0,1,0
204.7,5,0,1,0
204.75,5,0,1,0
204.8,5,0,1,0
204.85,5,0,1,0
204.9,5,0,1,0
204.95,5,0,1,0
205,5,0,1,0
205.05,5,0,1,0
205.1,5,0,1,0
205.15,5,0,1,0
205.2,5,0,1,0
205.25,5,0,1,0
205.3,5,0,1,0
205.35,5,0,1,0
205.4,5,0,1,0
205.45,5,0,1,0
205.5,5,0,1,0
205.55,5,0,1,0
205.6,5,0,1,0
205.65,5,0,1,0
205.7,5,0,1,0
205.75,5,0,1,0
205.8,5,0,1,0
205.85,5,0,1,0
205.9,5,0,1,0
205.95,5,0,1,0
206,5,0,1,0
206.05,5,0,1,0
206.1,5,0,1,0
206.15,5,0,1,0
206.2,5,0,1,0
206.25,5,0,1,0
206.3,5,0,1,0
206.35,5,0,1,0
206.4,5,0,1,0
206.45,5,0,1,0
206.5,5,0,1,0
206.55,5,0,1,0
206.6,5,0,1,0
206.65,5,0,1,0
206.7,5,0,1,0
206.75,5,0,1,0
206.8,5,0,1,0
206.85,5,0,1,0
206.9,5,0,1,0
206.95,5,0,1,0
207,5,0,1,0
207.05,5,0,1,0
207.1,5,0,1,0
207.15,5,0,1,0
207.2,5,0,1,0
207.25,5,0,1,0
207.3,5,0,1,0
207.35,5,0,1,0
207.4,5,0,1,0
207.45,5,0,1,0
207.5,5,0,1,0
207.55,5,0,1,0
207.6,5,0,1,0
207.65,5,0,1,0
207.7,5,0,1,0
207.75,5,0,1,0
207.8,5,0,1,0
207.85,5,0,1,0
207.9,5,0,1,0
207.95,5,0,1,0
208,5,0,1,0
208.05,5,0,1,0
208.1,5,0,1,0
208.15,5,0,1,0
208.2,5,0,1,0
208.25,5,0,1,0
208.3,5,0,1,0
208.35,5,0,1,0
208.4,5,0,1,0
208.45,5,0,1,0
208.5,5,0,1,0
208.55,5,0,1,0
208.6,5,0,1,0
208.65,5,0,1,0
208.7,5,0,1,0
208.75,5,0,1,0
208.8,5,0,1,0
208.85,5,0,1,0
208.9,5,0,1,0
208.95,5,0,1,0
209,5,0,1,0
209.05,5,0,1,0
209.1,5,0,1,0
209.15,5,0,1,0
209.2,5,0,1,0
209.25,5,0,1,0
209.3,5,0,1,0
209.35,5,0,1,0
209.4,5,0,1,0
209.45,5,0,1,0
209.5,5,0,1,0
209.55,5,0,1,0
209.6,5,0,1,0
209.65,5,0,1,0
209.7,5,0,1,0
209.75,5,0,1,0
209.8,5,0,1,0
209.85,5,0,1,0
209.9,5,0,1,0
209.95,5,0,1,0
210,5,0,1,0
210.05,5,0,1,0
210.1,5,0,1,0
210.15,5,0,1,0
210.2,5,0,1,0
210.25,5,0,1,0
210.3,5,0,1,0
210.35,5,0,1,0
210.4,5,0,1,0
210.45,5,0,1,0
210.5,5,0,1,0
210.55,5,0,1,0
210.6,5,0,1,0
210.65,5,0,1,0
210.7,5,0,1,0
210.75,5,0,1,0
210.8,5,0,1,0
210.85,5,0,1,0
210.9,5,0,1,0
210.95,5,0,1,0
211,5,0,1,0
211.05,5,0,1,0
211.1,5,0,1,0
211.15,5,0,1,0
211.2,5,0,1,0
211.25,5,0,1,0
211.3,5,0,1,0
211.35,5,0,1,0
211.4,5,0,1,0
211.45,5,0,1,0
211.5,5,0,1,0
211.55,5,0,1,0
211.6,5,0,1,0
211.65,5,0,1,0
211.7,5,0,1,0
211.75,5,0,1,0
211.8,5,0,1,0
211.85,5,0,1,0
211.9,5,0,1,0
211.95,5,0,1,0
212,5,0,1,0
212.05,5,0,1,0
212.1,5,0,1,0
212.15,5,0,1,0
212.2,5,0,1,0
212.25,5,0,1,0
212.3,5,0,1,0
212.35,5,0,1,0
212.4,5,0,1,0
212.45,5,0,1,0
212.5,5,0,1,0
212.55,5,0,1,0
212.6,5,0,1,0
212.65,5,0,1,0
212.7,5,0,1,0
212.75,5,0,1,0
212.8,5,0,1,0
212.85,5,0,1,0
212.9,5,0,1,0
212.95,5,0,1,0
213,5,0,1,0
213.05,5,0,1,0
213.1,5,0,1,0
213.15,5,0,1,0
213.2,5,0,1,0
213.25,5,0,1,0
213.3,5,0,1,0
213.35,5,0,1,0
213.4,5,0,1,0
213.45,5,0,1,0
213.5,5,0,1,0
213.55,5,0,1,0
213.6,5,0,1,0
213.65,5,0,1,0
213.7,5,0,1,0
213.75,5,0,1,0
213.8,5,0,1,0
213.85,5,0,1,0
213.9,5,0,1,0
213.95,5,0,1,0
214,5,0,1,0
214.05,5,0,1,0
214.1,5,0,1,0
214.15,5,0,1,0
214.2,5,0,1,0
214.25,5,0,1,0
214.3,5,0,1,0
214.35,5,0,1,0
214.4,5,0,1,0
214.45,5,0,1,0
214.5,5,0,1,0
214.55,5,0,1,0
214.6,5,0,1,0
214.65,5,0,1,0
214.7,5,0,1,0
214.75,5,0,1,0
214.8,5,0,1,0
214.85,5,0,1,0
214.9,5,0,1,0
214.95,5,0,1,0
215,5,0,1,0
215.05,5,0,1,0
215.1,5,0,1,0
215.15,5,0,1,0
215.2,5,0,1,0
215.25,5,0,1,0
215.3,5,0,1,0
215.35,5,0,1,0
215.4,5,0,1,0
215.45,5,0,1,0
215.5,5,0,1,0
215.55,5,0,1,0
215.6,5,0,1,0
215.65,5,0,1,0
215.7,5,0,1,0
215.75,5,0,1,0
215.8,5,0,1,0
215.85,5,0,1,0
215.9,5,0,1,0
215.95,5,0,1,0
216,5,0,1,0
216.05,5,0,1,0
216.1,5,0,1,0
216.15,5,0,1,0
216.2,5,0,1,0
216.25,5,0,1,0
216.3,5,0,1,0
216.35,5,0,1,0
216.4,5,0,1,0
216.45,5,0,1,0
216.5,5,0,1,0
216.55,5,0,1,0
216.6,5,0,1,0
216.65,5,0,1,0
216.7,5,0,1,0
216.75,5,0,1,0
216.8,5,0,1,0
216.85,5,0,1,0
216.9,5,0,1,0
216.95,5,0,1,0
217,5,0,1,0
217.05,5,0,1,0
217.1,5,0,1,0
217.15,5,0,1,0
217.2,5,0,1,0
217.25,5,0,1,0
217.3,5,0,1,0
217.35,5,0,1,0
217.4,5,0,1,0
217.45,5,0,1,0
217.5,5,0,1,0
217.55,5,0,1,0
217.6,5,0,1,0
217.65,5,0,1,0
217.7,5,0,1,0
217.75,5,0,1,0
217.8,5,0,1,0
217.85,5,0,1,0
217.9,5,0,1,0
217.95,5,0,1,0
218,5,0,1,0
218.05,5,0,1,0
218.1,5,0,1,0
218.15,5,0,1,0
218.2,5,0,1,0
218.25,5,0,1,0
218.3,5,0,1,0
218.35,5,0,1,0
218.4,5,0,1,0
218.45,5,0,1,0
218.5,5,0,1,0
218.55,5,0,1,0
218.6,5,0,1,0
218.65,5,0,1,0
218.7,5,0,1,0
218.75,5,0,1,0
218.8,5,0,1,0
218.85,5,0,1,0
218.9,5,0,1,0
218.95,5,0,1,0
219,5,0,1,0
219.05,5,0,1,0
219.1,5,0,1,0
219.15,5,0,1,0
219.2,5,0,1,0
219.25,5,0,1,0
219.3,5,0,1,0
219.35,5,0,1,0
219.4,5,0,1,0
219.45,5,0,1,0
219.5,5,0,1,0
219.55,5,0,1,0
219.6,5,0,1,0
219.65,5,0,1,0
219.7,5,0,1,0
219.75,5,0,1,0
219.8,5,0,1,0
219.85,5,0,1,0
219.9,5,0,1,0
219.95,5,0,1,0
220,5,0,1,0
220.05,5,0,1,0
220.1,5,0,1,0
220.15,5,0,1,0
220.2,5,0,1,0
220.25,5,0,1,0
220.3,5,0,1,0
220.35,5,0,1,0
220.4,5,0,1,0
220.45,5,0,1,0
220.5,5,0,1,0
220.55,5,0,1,0
220.6,5,0,1,0
220.65,5,0,1,0
220.7,5,0,1,0
220.75,5,0,1,0
220.8,5,0,1,0
220.85,5,0,1,0
220.9,5,0,1,0
220.95,5,0,1,0
221,5,0,1,0
221.05,5,0,1,0
221.1,5,0,1,0
221.15,5,0,1,0
221.2,5,0,1,0
221.25,5,0,1,0
221.3,5,0,1,0
221.35,5,0,1,0
221.4,5,0,1,0
221.45,5,0,1,0
221.5,5,0,1,0
221.55,5,0,1,0
221.6,5,0,1,0
221.65,5,0,1,0
221.7,5,0,1,0
221.75,5,0,1,0
221.8,5,0,1,0
221.85,5,0,1,0
221.9,5,0,1,0
221.95,5,0,1,0
222,5,0,1,0
222.05,5,0,1,0
222.1,5,0,1,0
222.15,5,0,1,0
222.2,5,0,1,0
222.25,5,0,1,0
222.3,5,0,1,0
222.35,5,0,1,0
222.4,5,0,1,0
222.45,5,0,1,0
222.5,5,0,1,0
222.55,5,0,1,0
222.6,5,0,1,0
222.65,5,0,1,0
222.7,5,0,1,0
222.75,5,0,1,0
222.8,5,0,1,0
222.85,5,0,1,0
222.9,5,0,1,0
222.95,5,0,1,0
223,5,0,1,0
223.05,5,0,1,0
223.1,5,0,1,0
223.15,5,0,1,0
223.2,5,0,1,0
223.25,5,0,1,0
223.3,5,0,1,0
223.35,5,0,1,0
223.4,5,0,1,0
223.45,5,0,1,0
223.5,5,0,1,0
223.55,5,0,1,0
223.6,5,0,1,0
223.65,5,0,1,0
223.7,5,0,1,0
223.75,5,0,1,0
223.8,5,0,1,0
223.85,5,0,1,0
223.9,5,0,1,0
223.95,5,0,1,0
224,5,0,1,0
224.05,5,0,1,0
224.1,5,0,1,0
224.15,5,0,1,0
224.2,5,0,1,0
224.25,5,0,1,0
224.3,5,0,1,0
224.35,5,0,1,0
224.4,5,0,1,0
224.45,5,0,1,0
224.5,5,0,1,0
224.55,5,0,1,0
224.6,5,0,1,0
224.65,5,0,1,0
224.7,5,0,1,0
224.75,5,0,1,0
224.8,5,0,1,0
224.85,5,0,1,0
224.9,5,0,1,0
224.95,5,0,1,0
225,5,0,1,0
225.05,5,0,1,0
225.1,5,0,1,0
225.15,5,0,1,0
225.2,5,0,1,0
225.25,5,0,1,0
225.3,5,0,1,0
225.35,5,0,1,0
225.4,5,0,1,0
225.45,5,0,1,0
225.5,5,0,1,0
225.55,5,0,1,0
225.6,5,0,1,0
225.65,5,0,1,0
225.7,5,0,1,0
225.75,5,0,1,0
225.8,5,0,1,0
225.85,5,0,1,0
225.9,5,0,1,0
225.95,5,0,1,0
226,5,0,1,0
226.05,5,0,1,0
226.1,5,0,1,0
226.15,5,0,1,0
226.2,5,0,1,0
226.25,5,0,1,0
226.3,5,0,1,0
226.35,5,0,1,0
226.4,5,0,1,0
226.45,5,0,1,0
226.5,5,0,1,0
226.55,5,0,1,0
226.6,5,0,1,0
226.65,5,0,1,0
226.7,5,0,1,0
226.75,5,0,1,0
226.8,5,0,1,0
226.85,5,0,1,0
226.9,5,0,1,0
226.95,5,0,1,0
227,5,0,1,0
227.05,5,0,1,0
227.1,5,0,1,0
227.15,5,0,1,0
227.2,5,0,1,0
227.25,5,0,1,0
227.3,5,0,1,0
227.35,5,0,1,0
227.4,5,0,1,0
227.45,5,0,1,0
227.5,5,0,1,0
227.55,5,0,1,0
227.6,5,0,1,0
227.65,5,0,1,0
227.7,5,0,1,0
227.75,5,0,1,0
227.8,5,0,1,0
227.85,5,0,1,0
227.9,5,0,1,0
227.95,5,0,1,0
228,5,0,1,0
228.05,5,0,1,0
228.1,5,0,1,0
228.15,5,0,1,0
228.2,5,0,1,0
228.25,5,0,1,0
228.3,5,0,1,0
228.35,5,0,1,0
228.4,5,0,1,0
228.45,5,0,1,0
228.5,5,0,1,0
228.55,5,0,1,0
228.6,5,0,1,0
228.65,5,0,1,0
228.7,5,0,1,0
228.75,5,0,1,0
228.8,5,0,1,0
228.85,5,0,1,0
228.9,5,0,1,0
228.95,5,0,1,0
229,5,0,1,0
229.05,5,0,1,0
229.1,5,0,1,0
229.15,5,0,1,0
229.2,5,0,1,0
229.25,5,0,1,0
229.3,5,0,1,0
229.35,5,0,1,0
229.4,5,0,1,0
229.45,5,0,1,0
229.5,5,0,1,0
229.55,5,0,1,0
229.6,5,0,1,0
229.65,5,0,1,0
229.7,5,0,1,0
229.75,5,0,1,0
229.8,5,0,1,0
229.85,5,0,1,0
229.9,5,0,1,0
229.95,5,0,1,0
230,5,0,1,0
230.05,5,0,1,0
230.1,5,0,1,0
230.15,5,0,1,0
230.2,5,0,1,0
230.25,5,0,1,0
230.3,5,0,1,0
230.35,5,0,1,0
230.4,5,0,1,0
230.45,5,0,1,0
230.5,5,0,1,0
230.55,5,0,1,0
230.6,5,0,1,0
230.65,5,0,1,0
230.7,5,0,1,0
230.75,5,0,1,0
230.8,5,0,1,0
230.85,5,0,1,0
230.9,5,0,1,0
230.95,5,0,1,0
231,5,0,1,0
231.05,5,0,1,0
231.1,5,0,1,0
231.15,5,0,1,0
231.2,5,0,1,0
231.25,5,0,1,0
231.3,5,0,1,0
231.35,5,0,1,0
231.4,5,0,1,0
231.45,5,0,1,0
231.5,5,0,1,0
231.55,5,0,1,0
231.6,5,0,1,0
231.65,5,0,1,0
231.7,5,0,1,0
231.75,5,0,1,0
231.8,5,0,1,0
231.85,5,0,1,0
231.9,5,0,1,0
231.95,5,0,1,0
232,5,0,1,0
232.05,5,0,1,0
232.1,5,0,1,0
232.15,5,0,1,0
232.2,5,0,1,0
232.25,5,0,1,0
232.3,5,0,1,0
232.35,5,0,1,0
232.4,5,0,1,0
232.45,5,0,1,0
232.5,5,0,1,0
232.55,5,0,1,0
232.6,5,0,1,0
232.65,5,0,1,0
232.7,5,0,1,0
232.75,5,0,1,0
232.8,5,0,1,0
232.85,5,0,1,0
232.9,5,0,1,0
232.95,5,0,1,0
233,5,0,1,0
233.05,5,0,1,0
233.1,5,0,1,0
233.15,5,0,1,0
233.2,5,0,1,0
233.25,5,0,1,0
233.3,5,0,1,0
233.35,5,0,1,0
233.4,5,0,1,0
233.45,5,0,1,0
233.5,5,0,1,0
233.55,5,0,1,0
233.6,5,0,1,0
233.65,5,0,1,0
233.7,5,0,1,0
233.75,5,0,1,0
233.8,5,0,1,0
233.85,5,0,1,0
233.9,5,0,1,0
233.95,5,0,1,0
234,5,0,1,0
234.05,5,0,1,0
234.1,5,0,1,0
234.15,5,0,1,0
234.2,5,0,1,0
234.25,5,0,1,0
234.3,5,0,1,0
234.35,5,0,1,0
234.4,5,0,1,0
234.45,5,0,1,0
234.5,5,0,1,0
234.55,5,0,1,0
234.6,5,0,1,0
234.65,5,0,1,0
234.7,5,0,1,0
234.75,5,0,1,0
234.8,5,0,1,0
234.85,5,0,1,0
234.9,5,0,1,0
234.95,5,0,1,0
235,5,0,1,0
235.05,5,0,1,0
235.1,5,0,1,0
235.15,5,0,1,0
235.2,5,0,1,0
235.25,5,0,1,0
235.3,5,0,1,0
235.35,5,0,1,0
235.4,5,0,1,0
235.45,5,0,1,0
235.5,5,0,1,0
235.55,5,0,1,0
235.6,5,0,1,0
235.65,5,0,1,0
235.7,5,0,1,0
235.75,5,0,1,0
235.8,5,0,1,0
235.85,5,0,1,0
235.9,5,0,1,0
235.95,5,0,1,0
236,5,0,1,0
236.05,5,0,1,0
236.1,5,0,1,0
236.15,5,0,1,0
236.2,5,0,1,0
236.25,5,0,1,0
236.3,5,0,1,0
236.35,5,0,1,0
236.4,5,0,1,0
236.45,5,0,1,0
236.5,5,0,1,0
236.55,5,0,1,0
236.6,5,0,1,0
236.65,5,0,1,0
236.7,5,0,1,0
236.75,5,0,1,0
236.8,5,0,1,0
236.85,5,0,1,0
236.9,5,0,1,0
236.95,5,0,1,0
237,5,0,1,0
237.05,5,0,1,0
237.1,5,0,1,0
237.15,5,0,1,0
237.2,5,0,1,0
237.25,5,0,1,0
237.3,5,0,1,0
237.35,5,0,1,0
237.4,5,0,1,0
237.45,5,0,1,0
237.5,5,0,1,0
237.55,5,0,1,0
237.6,5,0,1,0
237.65,5,0,1,0
237.7,5,0,1,0
237.75,5,0,1,0
237.8,5,0,1,0
237.85,5,0,1,0
237.9,5,0,1,0
237.95,5,0,1,0
238,5,0,1,0
238.05,5,0,1,0
238.1,5,0,1,0
238.15,5,0,1,0
238.2,5,0,1,0
238.25,5,0,1,0
238.3,5,0,1,0
238.35,5,0,1,0
238.4,5,0,1,0
238.45,5,0,1,0
238.5,5,0,1,0
238.55,5,0,1,0
238.6,5,0,1,0
238.65,5,0,1,0
238.7,5,0,1,0
238.75,5,0,1,0
238.8,5,0,1,0
238.85,5,0,1,0
238.9,5,0,1,0
238.95,5,0,1,0
239,5,0,1,0
239.05,5,0,1,0
239.1,5,0,1,0
239.15,5,0,1,0
239.2,5,0,1,0
239.25,5,0,1,0
239.3,5,0,1,0
239.35,5,0,1,0
239.4,5,0,1,0
239.45,5,0,1,0
239.5,5,0,1,0
239.55,5,0,1,0
239.6,5,0,1,0
239.65,5,0,1,0
239.7,5,0,1,0
239.75,5,0,1,0
239.8,5,0,1,0
239.85,5,0,1,0
239.9,5,0,1,0
239.95,5,0,1,0
240,5,0,1,0
