0.05,5.00217,0,1,0
0.1,5.00643,0,1,0
0.15,5.01271,0,1,0
0.2,5.02096,0,1,0
0.25,5.03109,0,1,0
0.3,5.04306,0,1,0
0.35,5.05679,0,1,0
0.4,5.07223,0,1,0
0.45,5.08932,0,1,0
0.5,5.10801,0,1,0
0.55,5.12824,0,1,0
0.6,5.14997,0,1,0
0.65,5.17313,0,1,0
0.7,5.1977,0,1,0
0.75,5.22361,0,1,0
0.8,5.25082,0,1,0
0.85,5.27929,0,1,0
0.9,5.30898,0,1,0
0.95,5.33985,0,1,0
1,5.37185,0,1,0
1.05,5.40496,0,1,0
1.1,5.43913,0,1,0
1.15,5.47432,0,1,0
1.2,5.51051,0,1,0
1.25,5.54766,0,1,0
1.3,5.58574,0,1,0
1.35,5.62471,0,1,0
1.4,5.66456,0,1,0
1.45,5.70524,0,1,0
1.5,5.74673,0,1,0
1.55,5.78901,0,1,0
1.6,5.83204,0,1,0
1.65,5.8758,0,1,0
1.7,5.92028,0,1,0
1.75,5.96543,0,1,0
1.8,6.01125,0,1,0
1.85,6.05771,0,1,0
1.9,6.10479,0,1,0
1.95,6.15246,0,1,0
2,6.20071,0,1,0
2.05,6.24952,0,1,0
2.1,6.29887,0,1,0
2.15,6.34874,0,1,0
2.2,6.39912,0,1,0
2.25,6.44998,0,1,0
2.3,6.50131,0,1,0
2.35,6.5531,0,1,0
2.4,6.60533,0,1,0
2.45,6.65799,0,1,0
2.5,6.71106,0,1,0
2.55,6.76452,0,1,0
2.6,6.81837,0,1,0
2.65,6.87259,0,1,0
2.7,6.92717,0,1,0
2.75,6.9821,0,1,0
2.8,7.03736,0,1,0
2.85,7.09295,0,1,0
2.9,7.14885,0,1,0
2.95,7.20506,0,1,0
3,7.26155,0,1,0
3.05,7.31834,0,1,0
3.1,7.37539,0,1,0
3.15,7.43271,0,1,0
3.2,7.49029,0,1,0
3.25,7.54811,0,1,0
3.3,7.60617,0,1,0
3.35,7.66447,0,1,0
3.4,7.72299,0,1,0
3.45,7.78172,0,1,0
3.5,7.84066,0,1,0
3.55,7.89981,0,1,0
3.6,7.95915,0,1,0
3.65,8.01868,0,1,0
3.7,8.07839,0,1,0
3.75,8.13827,0,1,0
3.8,8.19833,0,1,0
3.85,8.25855,0,1,0
3.9,8.31894,0,1,0
3.95,8.37947,0,1,0
4,8.44016,0,1,0
4.05,8.50098,0,1,0
4.1,8.56195,0,1,0
4.15,8.62305,0,1,0
4.2,8.68428,0,1,0
4.25,8.74564,0,1,0
4.3,8.80712,0,1,0
4.35,8.86872,0,1,0
4.4,8.93043,0,1,0
4.45,8.99224,0,1,0
4.5,9.05417,0,1,0
4.55,9.1162,0,1,0
4.6,9.17832,0,1,0
4.65,9.24055,0,1,0
4.7,9.30286,0,1,0
4.75,9.36527,0,1,0
4.8,9.42776,0,1,0
4.85,9.49033,0,1,0
4.9,9.55299,0,1,0
4.95,9.61572,0,1,0
5,9.67853,0,1,0
5.05,9.74141,0,1,0
5.1,9.80437,0,1,0
5.15,9.86739,0,1,0
5.2,9.93047,0,1,0
5.25,9.99362,0,1,0
5.3,10.0568,0,1,0
5.35,10.1201,0,1,0
5.4,10.1834,0,1,0
5.45,10.2468,0,1,0
5.5,10.3103,0,1,0
5.55,10.3738,0,1,0
5.6,10.4373,0,1,0
5.65,10.5009,0,1,0
5.7,10.5645,0,1,0
5.75,10.6282,0,1,0
5.8,10.6919,0,1,0
5.85,10.7557,0,1,0
5.9,10.8195,0,1,0
5.95,10.8834,0,1,0
6,10.9472,0,1,0
6.05,11.0112,0,1,0
6.1,11.0751,0,1,0
6.15,11.1391,0,1,0
6.2,11.2032,0,1,0
6.25,11.2672,0,1,0
6.3,11.3313,0,1,0
6.35,11.3954,0,1,0
6.4,11.4596,0,1,0
6.45,11.5238,0,1,0
6.5,11.588,0,1,0
6.55,11.6522,0,1,0
6.6,11.7165,0,1,0
6.65,11.7808,0,1,0
6.7,11.8451,0,1,0
6.75,11.9094,0,1,0
6.8,11.9737,0,1,0
6.85,12.0381,0,1,0
6.9,12.1025,0,1,0
6.95,12.1669,0,1,0
7,12.2314,0,1,0
7.05,12.2958,0,1,0
7.1,12.3603,0,1,0
7.15,12.4248,0,1,0
7.2,12.4893,0,1,0
7.25,12.5538,0,1,0
7.3,12.6184,0,1,0
7.35,12.6829,0,1,0
7.4,12.7475,0,1,0
7.45,12.8121,0,1,0
7.5,12.8767,0,1,0
7.55,12.9413,0,1,0
7.6,13.0059,0,1,0
7.65,13.0705,0,1,0
7.7,13.1352,0,1,0
7.75,13.1998,0,1,0
7.8,13.2645,0,1,0
7.85,13.3292,0,1,0
7.9,13.3939,0,1,0
7.95,13.4586,0,1,0
8,13.5233,0,1,0
8.05,13.588,0,1,0
8.1,13.6528,0,1,0
8.15,13.7175,0,1,0
8.2,13.7823,0,1,0
8.25,13.847,0,1,0
8.3,13.9118,0,1,0
8.35,13.9766,0,1,0
8.4,14.0413,0,1,0
8.45,14.1061,0,1,0
8.5,14.1709,0,1,0
8.55,14.2357,0,1,0
8.6,14.3005,0,1,0
8.65,14.3653,0,1,0
8.7,14.4302,0,1,0
8.75,14.495,0,1,0
8.8,14.5598,0,1,0
8.85,14.6247,0,1,0
8.9,14.6895,0,1,0
8.95,14.7544,0,1,0
9,14.8192,0,1,0
9.05,14.8841,0,1,0
9.1,14.9489,0,1,0
9.15,15.0138,0,1,0
9.2,15.0787,0,1,0
9.25,15.1436,0,1,0
9.3,15.2084,0,1,0
9.35,15.2733,0,1,0
9.4,15.3382,0,1,0
9.45,15.4031,0,1,0
9.5,15.468,0,1,0
9.55,15.5329,0,1,0
9.6,15.5978,0,1,0
9.65,15.6627,0,1,0
9.7,15.7276,0,1,0
9.75,15.7925,0,1,0
9.8,15.8575,0,1,0
9.85,15.9224,0,1,0
9.9,15.9873,0,1,0
9.95,16.0522,0,1,0
10,16.1171,0,1,0
10.05,16.1821,0,1,0
10.1,16.247,0,1,0
10.15,16.3119,0,1,0
10.2,16.3769,0,1,0
10.25,16.4418,0,1,0
10.3,16.5067,0,1,0
10.35,16.5717,0,1,0
10.4,16.6366,0,1,0
10.45,16.7016,0,1,0
10.5,16.7665,0,1,0
10.55,16.8315,0,1,0
10.6,16.8964,0,1,0
10.65,16.9614,0,1,0
10.7,17.0263,0,1,0
10.75,17.0913,0,1,0
10.8,17.1562,0,1,0
10.85,17.2212,0,1,0
10.9,17.2862,0,1,0
10.95,17.3511,0,1,0
11,17.4161,0,1,0
11.05,17.4811,0,1,0
11.1,17.546,0,1,0
11.15,17.611,0,1,0
11.2,17.6759,0,1,0
11.25,17.7409,0,1,0
11.3,17.8059,0,1,0
11.35,17.8709,0,1,0
11.4,17.9358,0,1,0
11.45,18.0008,0,1,0
11.5,18.0658,0,1,0
11.55,18.1307,0,1,0
11.6,18.1957,0,1,0
11.65,18.2607,0,1,0
11.7,18.3257,0,1,0
11.75,18.3907,0,1,0
11.8,18.4556,0,1,0
11.85,18.5206,0,1,0
11.9,18.5856,0,1,0
11.95,18.6506,0,1,0
12,18.7156,0,1,0
12.05,18.7805,0,1,0
12.1,18.8455,0,1,0
12.15,18.9105,0,1,0
12.2,18.9755,0,1,0
12.25,19.0405,0,1,0
12.3,19.1054,0,1,0
12.35,19.1704,0,1,0
12.4,19.2354,0,1,0
12.45,19.3004,0,1,0
12.5,19.3654,0,1,0
12.55,19.4304,0,1,0
12.6,19.4954,0,1,0
12.65,19.5604,0,1,0
12.7,19.6253,0,1,0
12.75,19.6903,0,1,0
12.8,19.7553,0,1,0
12.85,19.8203,0,1,0
12.9,19.8853,0,1,0
12.95,19.9503,0,1,0
13,20.0153,0,1,0
13.05,20.0803,0,1,0
13.1,20.1453,0,1,0
13.15,20.2103,0,1,0
13.2,20.2752,0,1,0
13.25,20.3402,0,1,0
13.3,20.4052,0,1,0
13.35,20.4702,0,1,0
13.4,20.5352,0,1,0
13.45,20.6002,0,1,0
13.5,20.6652,0,1,0
13.55,20.7302,0,1,0
13.6,20.7952,0,1,0
13.65,20.8602,0,1,0
13.7,20.9252,0,1,0
13.75,20.9902,0,1,0
13.8,21.0552,0,1,0
13.85,21.1202,0,1,0
13.9,21.1852,0,1,0
13.95,21.2501,0,1,0
14,21.3151,0,1,0
14.05,21.3801,0,1,0
14.1,21.4451,0,1,0
14.15,21.5101,0,1,0
14.2,21.5751,0,1,0
14.25,21.6401,0,1,0
14.3,21.7051,0,1,0
14.35,21.7701,0,1,0
14.4,21.8351,0,1,0
14.45,21.9001,0,1,0
14.5,21.9651,0,1,0
14.55,22.0301,0,1,0
14.6,22.0951,0,1,0
14.65,22.1601,0,1,0
14.7,22.2251,0,1,0
14.75,22.2901,0,1,0
14.8,22.3551,0,1,0
14.85,22.4201,0,1,0
14.9,22.4851,0,1,0
14.95,22.5501,0,1,0
15,22.6151,0,1,0
15.05,22.6801,0,1,0
15.1,22.7451,0,1,0
15.15,22.8101,0,1,0
15.2,22.875,0,1,0
15.25,22.94,0,1,0
15.3,23.0047,0,1,0
15.35,23.0692,0,1,0
15.4,23.1337,-0.000278183,0.999996,-0.00286752
15.45,23.1982,-0.000834409,0.999984,-0.00573058
15.5,23.2627,-0.00166885,0.999963,-0.00859249
15.55,23.3271,-0.00278202,0.999934,-0.0114568
15.6,23.3915,-0.00417479,0.999897,-0.0143274
15.65,23.4559,-0.00584844,0.999852,-0.0172084
15.7,23.5203,-0.00780468,0.999798,-0.0201045
15.75,23.5846,-0.0100457,0.999735,-0.0230207
15.8,23.6488,-0.0125742,0.999663,-0.0259627
15.85,23.7131,-0.0153934,0.999581,-0.0289368
15.9,23.7773,-0.0185074,0.999489,-0.0319502
15.95,23.8414,-0.0219209,0.999387,-0.035011
16,23.9055,-0.0256395,0.999273,-0.0381286
16.05,23.9695,-0.0296696,0.999146,-0.0413139
16.1,24.0334,-0.0340192,0.999006,-0.0445796
16.15,24.0973,-0.0386973,0.99885,-0.0479409
16.2,24.1611,-0.0437148,0.998677,-0.0514161
16.25,24.2248,-0.0490842,0.998485,-0.0550274
16.3,24.2883,-0.054821,0.99827,-0.0588024
16.35,24.3518,-0.0609433,0.998028,-0.0627759
16.4,24.4151,-0.0674733,0.997753,-0.0669929
16.45,24.4783,-0.0744384,0.99744,-0.0715128
16.5,24.5413,-0.0818724,0.997076,-0.0764164
16.55,24.604,-0.0898188,0.996647,-0.0818177
16.6,24.6664,-0.0983337,0.996131,-0.0878834
16.65,24.7283,-0.107491,0.99549,-0.0948669
16.7,24.7896,-0.117384,0.994668,-0.103125
16.75,24.8485,-0.128311,0.99317,-0.116675
16.8,24.8953,-0.14925,0.967514,-0.252818
16.85,24.9306,-0.186795,0.876129,-0.482077
16.9,24.9614,-0.237931,0.779537,-0.626357
16.95,24.9928,-0.2901,0.7772,-0.629254
17,25.0254,-0.340498,0.793389,-0.608715
17.05,25.0591,-0.389179,0.808643,-0.588299
17.1,25.0938,-0.436195,0.822984,-0.568065
17.15,25.1295,-0.481597,0.836437,-0.548064
17.2,25.1662,-0.525432,0.849033,-0.52834
17.25,25.2038,-0.56775,0.860805,-0.508935
17.3,25.2423,-0.608594,0.871789,-0.489882
17.35,25.2818,-0.64801,0.882021,-0.47121
17.4,25.322,-0.686041,0.891539,-0.452944
17.45,25.3631,-0.722729,0.900381,-0.435103
17.5,25.405,-0.758115,0.908584,-0.417701
17.55,25.4477,-0.792237,0.916187,-0.400752
17.6,25.4911,-0.825134,0.923225,-0.38426
17.65,25.5352,-0.856843,0.929734,-0.368233
17.7,25.58,-0.887399,0.935747,-0.352671
17.75,25.6255,-0.916839,0.941299,-0.337574
17.8,25.6717,-0.945194,0.94642,-0.322938
17.85,25.7184,-0.972498,0.95114,-0.30876
17.9,25.7658,-0.998783,0.955487,-0.295034
17.95,25.8137,-1.02408,0.959488,-0.281751
18,25.8623,-1.04842,0.963167,-0.268904
18.05,25.9113,-1.07183,0.966549,-0.256483
18.1,25.9609,-1.09433,0.969655,-0.244479
18.15,26.011,-1.11596,0.972506,-0.23288
18.2,26.0616,-1.13675,0.97512,-0.221676
18.25,26.1127,-1.15671,0.977517,-0.210856
18.3,26.1642,-1.17587,0.979712,-0.200409
18.35,26.2162,-1.19426,0.981721,-0.190323
18.4,26.2686,-1.2119,0.983559,-0.180587
18.45,26.3214,-1.22881,0.985238,-0.171189
18.5,26.3746,-1.24502,0.986771,-0.162119
18.55,26.4282,-1.26054,0.98817,-0.153365
18.6,26.4822,-1.27539,0.989444,-0.144916
18.65,26.5366,-1.28961,0.990604,-0.136763
18.7,26.5912,-1.30319,0.991658,-0.128893
18.75,26.6463,-1.31618,0.992616,-0.121299
18.8,26.7016,-1.32857,0.993484,-0.113968
18.85,26.7573,-1.34039,0.994271,-0.106893
18.9,26.8133,-1.35167,0.994981,-0.100063
18.95,26.8696,-1.3624,0.995622,-0.0934708
19,26.9261,-1.37261,0.996199,-0.0871062
19.05,26.983,-1.38232,0.996717,-0.0809614
19.1,27.0401,-1.39155,0.997181,-0.0750283
19.15,27.0974,-1.40029,0.997596,-0.0692991
19.2,27.155,-1.40858,0.997965,-0.0637662
19.25,27.2129,-1.41642,0.998292,-0.0584225
19.3,27.271,-1.42382,0.998581,-0.0532609
19.35,27.3293,-1.43081,0.998834,-0.0482748
19.4,27.3878,-1.43738,0.999055,-0.0434576
19.45,27.4465,-1.44357,0.999247,-0.0388032
19.5,27.5054,-1.44936,0.999411,-0.0343057
19.55,27.5646,-1.45479,0.999551,-0.0299591
19.6,27.6239,-1.45986,0.999668,-0.0257581
19.65,27.6834,-1.46457,0.999765,-0.0216974
19.7,27.743,-1.46895,0.999842,-0.0177718
19.75,27.8029,-1.47299,0.999902,-0.0139764
19.8,27.8629,-1.47672,0.999947,-0.0103065
19.85,27.923,-1.48013,0.999977,-0.00675766
19.9,27.9833,-1.48325,0.999994,-0.00332546
19.95,28.0438,-1.48607,1,-5.73798e-06
20,28.1044,-1.48861,0.999995,0.00320552
20.05,28.1652,-1.49087,0.99998,0.00631218
20.1,28.226,-1.49287,0.999957,0.00931794
20.15,28.287,-1.49461,0.999925,0.0122264
20.2,28.3482,-1.4961,0.999887,0.0150409
20.25,28.4094,-1.49734,0.999842,0.0177648
20.3,28.4708,-1.49835,0.999792,0.0204013
20.35,28.5323,-1.49913,0.999737,0.0229534
20.4,28.5939,-1.49969,0.999677,0.025424
20.45,28.6556,-1.50003,0.999613,0.0278159
20.5,28.7173,-1.50016,0.999546,0.030132
20.55,28.7792,-1.50009,0.999476,0.0323747
20.6,28.8412,-1.49982,0.999403,0.0345465
20.65,28.9033,-1.49936,0.999328,0.03665
20.7,28.9655,-1.49872,0.999251,0.0386874
20.75,29.0277,-1.49789,0.999173,0.0406609
20.8,29.0901,-1.49689,0.999093,0.0425728
20.85,29.1525,-1.49572,0.999013,0.044425
20.9,29.215,-1.49439,0.998931,0.0462196
20.95,29.2775,-1.49289,0.998849,0.0479586
21,29.3401,-1.49124,0.998767,0.0496437
21.05,29.4029,-1.48944,0.998684,0.0512767
21.1,29.4656,-1.4875,0.998602,0.0528595
21.15,29.5285,-1.48541,0.99852,0.0543935
21.2,29.5914,-1.48319,0.998437,0.0558805
21.25,29.6543,-1.48083,0.998356,0.057322
21.3,29.7173,-1.47834,0.998275,0.0587194
21.35,29.7804,-1.47573,0.998194,0.0600743
21.4,29.8435,-1.47299,0.998114,0.0613879
21.45,29.9067,-1.47014,0.998035,0.0626617
21.5,29.9699,-1.46717,0.997957,0.0638969
21.55,30.0332,-1.46409,0.997879,0.0650947
21.6,30.0965,-1.4609,0.997803,0.0662564
21.65,30.1599,-1.45761,0.997727,0.0673831
21.7,30.2233,-1.45421,0.997653,0.0684759
21.75,30.2868,-1.45071,0.997579,0.0695359
21.8,30.3503,-1.44712,0.997507,0.0705642
21.85,30.4138,-1.44344,0.997436,0.0715618
21.9,30.4774,-1.43967,0.997366,0.0725296
21.95,30.541,-1.4358,0.997298,0.0734686
22,30.6046,-1.43185,0.99723,0.0743796
22.05,30.6683,-1.42782,0.997164,0.0752636
22.1,30.732,-1.42371,0.997099,0.0761215
22.15,30.7958,-1.41952,0.997035,0.0769539
22.2,30.8596,-1.41526,0.996972,0.0777618
22.25,30.9234,-1.41092,0.996911,0.0785458
22.3,30.9872,-1.40651,0.99685,0.0793068
22.35,31.0511,-1.40203,0.996791,0.0800454
22.4,31.115,-1.39748,0.996733,0.0807624
22.45,31.1789,-1.39287,0.996677,0.0814584
22.5,31.2428,-1.3882,0.996621,0.082134
22.55,31.3068,-1.38346,0.996567,0.0827899
22.6,31.3708,-1.37866,0.996514,0.0834266
22.65,31.4348,-1.3738,0.996462,0.0840449
22.7,31.4988,-1.36889,0.996411,0.0846451
22.75,31.5629,-1.36393,0.996361,0.085228
22.8,31.627,-1.35891,0.996313,0.085794
22.85,31.6911,-1.35383,0.996265,0.0863436
22.9,31.7552,-1.34871,0.996219,0.0868773
22.95,31.8193,-1.34354,0.996174,0.0873957
23,31.8835,-1.33832,0.996129,0.0878991
23.05,31.9476,-1.33306,0.996086,0.088388
23.1,32.0118,-1.32775,0.996044,0.0888629
23.15,32.076,-1.3224,0.996003,0.0893242
23.2,32.1402,-1.317,0.995962,0.0897723
23.25,32.2045,-1.31157,0.995923,0.0902076
23.3,32.2687,-1.30609,0.995885,0.0906304
23.35,32.333,-1.30058,0.995847,0.0910412
23.4,32.3973,-1.29503,0.995811,0.0914403
23.45,32.4615,-1.28944,0.995775,0.0918281
23.5,32.5258,-1.28382,0.99574,0.0922048
23.55,32.5901,-1.27816,0.995706,0.0925709
23.6,32.6545,-1.27247,0.995673,0.0929267
23.65,32.7188,-1.26675,0.995641,0.0932724
23.7,32.7831,-1.26099,0.995609,0.0936083
23.75,32.8475,-1.25521,0.995578,0.0939347
23.8,32.9119,-1.24939,0.995548,0.094252
23.85,32.9762,-1.24355,0.995519,0.0945604
23.9,33.0406,-1.23768,0.995491,0.0948601
23.95,33.105,-1.23178,0.995463,0.0951514
24,33.1694,-1.22585,0.995436,0.0954346
24.05,33.2338,-1.2199,0.995409,0.0957099
24.1,33.2982,-1.21392,0.995384,0.0959775
24.15,33.3627,-1.20792,0.995358,0.0962376
24.2,33.4271,-1.2019,0.995334,0.0964906
24.25,33.4915,-1.19585,0.99531,0.0967365
24.3,33.556,-1.18978,0.995287,0.0969755
24.35,33.6204,-1.18369,0.995264,0.097208
24.4,33.6849,-1.17757,0.995242,0.0974341
24.45,33.7494,-1.17144,0.99522,0.0976539
24.5,33.8139,-1.16529,0.995199,0.0978676
24.55,33.8783,-1.15911,0.995179,0.0980755
24.6,33.9428,-1.15292,0.995159,0.0982777
24.65,34.0073,-1.14671,0.99514,0.0984743
24.7,34.0718,-1.14048,0.995121,0.0986655
24.75,34.1363,-1.13424,0.995102,0.0988516
24.8,34.2008,-1.12798,0.995084,0.0990325
24.85,34.2653,-1.1217,0.995067,0.0992085
24.9,34.3298,-1.11541,0.99505,0.0993797
24.95,34.3943,-1.1091,0.995033,0.0995463
25,34.4589,-1.10277,0.995017,0.0997084
25.05,34.5234,-1.09643,0.995001,0.0998661
25.1,34.5879,-1.09008,0.994985,0.10002
25.15,34.6525,-1.08371,0.99497,0.100169
25.2,34.717,-1.07733,0.994956,0.100314
25.25,34.7816,-1.07094,0.994942,0.100455
25.3,34.8461,-1.06453,0.994928,0.100593
25.35,34.9107,-1.05811,0.994914,0.100727
25.4,34.9752,-1.05168,0.994901,0.100857
25.45,35.0398,-1.04524,0.994888,0.100984
25.5,35.1043,-1.03878,0.994875,0.101108
25.55,35.1689,-1.03232,0.994863,0.101228
25.6,35.2334,-1.02584,0.994851,0.101345
25.65,35.298,-1.01936,0.99484,0.101459
25.7,35.3626,-1.01286,0.994828,0.10157
25.75,35.4272,-1.00636,0.994817,0.101678
25.8,35.4917,-0.999839,0.994807,0.101783
25.85,35.5563,-0.993314,0.994796,0.101885
25.9,35.6209,-0.986779,0.994786,0.101985
25.95,35.6855,-0.980236,0.994776,0.102082
26,35.75,-0.973684,0.994766,0.102176
26.05,35.8146,-0.967123,0.994757,0.102269
26.1,35.8792,-0.960555,0.994748,0.102358
26.15,35.9438,-0.953978,0.994739,0.102446
26.2,36.0084,-0.947394,0.99473,0.102531
26.25,36.073,-0.940802,0.994721,0.102614
26.3,36.1376,-0.934202,0.994713,0.102694
26.35,36.2022,-0.927596,0.994705,0.102773
26.4,36.2668,-0.920982,0.994697,0.10285
26.45,36.3314,-0.914362,0.994689,0.102925
26.5,36.396,-0.907735,0.994682,0.102997
26.55,36.4606,-0.901102,0.994674,0.103068
26.6,36.5252,-0.894463,0.994667,0.103138
26.65,36.5898,-0.887817,0.99466,0.103205
26.7,36.6544,-0.881166,0.994653,0.103271
26.75,36.719,-0.874508,0.994647,0.103335
26.8,36.7836,-0.867845,0.99464,0.103398
26.85,36.8482,-0.861177,0.994634,0.103458
26.9,36.9128,-0.854503,0.994628,0.103518
26.95,36.9774,-0.847824,0.994622,0.103576
27,37.0421,-0.84114,0.994616,0.103632
27.05,37.1067,-0.834451,0.99461,0.103687
27.1,37.1713,-0.827757,0.994604,0.103741
27.15,37.2359,-0.821059,0.994599,0.103794
27.2,37.3005,-0.814356,0.994594,0.103845
27.25,37.3651,-0.807648,0.994588,0.103895
27.3,37.4297,-0.800936,0.994583,0.103943
27.35,37.4944,-0.79422,0.994578,0.103991
27.4,37.559,-0.7875,0.994573,0.104037
27.45,37.6236,-0.780775,0.994569,0.104083
27.5,37.6882,-0.774047,0.994564,0.104127
27.55,37.7528,-0.767315,0.99456,0.10417
27.6,37.8175,-0.76058,0.994555,0.104212
27.65,37.8821,-0.75384,0.994551,0.104253
27.7,37.9467,-0.747097,0.994547,0.104293
27.75,38.0113,-0.740351,0.994543,0.104332
27.8,38.076,-0.733601,0.994538,0.104371
27.85,38.1406,-0.726848,0.994535,0.104408
27.9,38.2052,-0.720092,0.994531,0.104445
27.95,38.2698,-0.713333,0.994527,0.10448
28,38.3345,-0.70657,0.994523,0.104515
28.05,38.3991,-0.699805,0.99452,0.104549
28.1,38.4637,-0.693036,0.994516,0.104583
28.15,38.5283,-0.686265,0.994513,0.104615
28.2,38.593,-0.679491,0.994509,0.104647
28.25,38.6576,-0.672715,0.994506,0.104678
28.3,38.7222,-0.665935,0.994503,0.104708
28.35,38.7868,-0.659154,0.9945,0.104738
28.4,38.8515,-0.652369,0.994497,0.104767
28.45,38.9161,-0.645582,0.994494,0.104796
28.5,38.9807,-0.638793,0.994491,0.104824
28.55,39.0454,-0.632002,0.994488,0.104851
28.6,39.11,-0.625208,0.994485,0.104877
28.65,39.1746,-0.618412,0.994482,0.104904
28.7,39.2392,-0.611613,0.99448,0.104929
28.75,39.3039,-0.604813,0.994477,0.104954
28.8,39.3685,-0.59801,0.994474,0.104979
28.85,39.4331,-0.591206,0.994472,0.105003
28.9,39.4978,-0.584399,0.994469,0.105026
28.95,39.5624,-0.577591,0.994467,0.105049
29,39.627,-0.57078,0.994465,0.105072
29.05,39.6917,-0.563968,0.994462,0.105094
29.1,39.7563,-0.557154,0.99446,0.105115
29.15,39.8209,-0.550338,0.994458,0.105137
29.2,39.8856,-0.543521,0.994456,0.105157
29.25,39.9502,-0.536701,0.994453,0.105178
29.3,40.0148,-0.52988,0.994451,0.105198
29.35,40.0794,-0.523057,0.994449,0.105217
29.4,40.1441,-0.516233,0.994447,0.105237
29.45,40.2087,-0.509407,0.994445,0.105256
29.5,40.2733,-0.50258,0.994443,0.105274
29.55,40.338,-0.495751,0.994441,0.105293
29.6,40.4026,-0.488921,0.994439,0.10531
29.65,40.4672,-0.482089,0.994438,0.105328
29.7,40.5319,-0.475256,0.994436,0.105345
29.75,40.5965,-0.468421,0.994434,0.105362
29.8,40.6611,-0.461585,0.994432,0.105379
29.85,40.7258,-0.454748,0.99443,0.105396
29.9,40.7904,-0.447909,0.994429,0.105412
29.95,40.855,-0.441069,0.994427,0.105428
30,40.9197,-0.434228,0.994425,0.105443
30.05,40.9843,-0.427385,0.994424,0.105459
30.1,41.0489,-0.420542,0.994422,0.105474
30.15,41.1136,-0.413697,0.99442,0.105489
30.2,41.1782,-0.406851,0.994419,0.105504
30.25,41.2428,-0.400004,0.994417,0.105519
30.3,41.3075,-0.393155,0.994416,0.105533
30.35,41.3721,-0.386306,0.994414,0.105547
30.4,41.4367,-0.379455,0.994413,0.105561
30.45,41.5014,-0.372604,0.994411,0.105575
30.5,41.566,-0.365751,0.99441,0.105589
30.55,41.6306,-0.358897,0.994408,0.105602
30.6,41.6953,-0.352043,0.994407,0.105616
30.65,41.7599,-0.345187,0.994406,0.105629
30.7,41.8245,-0.33833,0.994404,0.105642
30.75,41.8892,-0.331472,0.994403,0.105655
30.8,41.9538,-0.324614,0.994401,0.105668
30.85,42.0184,-0.317754,0.9944,0.105681
30.9,42.0831,-0.310893,0.994399,0.105693
30.95,42.1477,-0.304032,0.994397,0.105706
31,42.2123,-0.297169,0.994396,0.105718
31.05,42.277,-0.290306,0.994395,0.105731
31.1,42.3416,-0.283441,0.994394,0.105743
31.15,42.4062,-0.276576,0.994392,0.105755
31.2,42.4708,-0.26971,0.994391,0.105768
31.25,42.5355,-0.262843,0.99439,0.10578
31.3,42.6001,-0.255975,0.994388,0.105792
31.35,42.6647,-0.249106,0.994387,0.105804
31.4,42.7294,-0.242237,0.994386,0.105817
31.45,42.794,-0.235366,0.994384,0.105829
31.5,42.8586,-0.228495,0.994383,0.105841
31.55,42.9233,-0.221623,0.994382,0.105854
31.6,42.9879,-0.21475,0.99438,0.105866
31.65,43.0525,-0.207876,0.994379,0.105879
31.7,43.1172,-0.201001,0.994378,0.105891
31.75,43.1818,-0.194126,0.994376,0.105904
31.8,43.2464,-0.187249,0.994375,0.105917
31.85,43.3111,-0.180372,0.994374,0.10593
31.9,43.3757,-0.173494,0.994372,0.105943
31.95,43.4403,-0.166615,0.994371,0.105957
32,43.505,-0.159735,0.994369,0.105971
32.05,43.5696,-0.152855,0.994368,0.105985
32.1,43.6342,-0.145973,0.994366,0.106
32.15,43.6989,-0.139091,0.994365,0.106015
32.2,43.7635,-0.132208,0.994363,0.10603
32.25,43.8281,-0.125323,0.994361,0.106046
32.3,43.8928,-0.118438,0.994359,0.106063
32.35,43.9574,-0.111552,0.994357,0.106081
32.4,44.022,-0.104665,0.994356,0.106099
32.45,44.0867,-0.0977773,0.994353,0.106119
32.5,44.1513,-0.0908883,0.994351,0.10614
32.55,44.2159,-0.0839982,0.994349,0.106163
32.6,44.2806,-0.077107,0.994346,0.106187
32.65,44.3452,-0.0702146,0.994343,0.106214
32.7,44.4098,-0.0633209,0.99434,0.106244
32.75,44.4745,-0.0564259,0.994336,0.106279
32.8,44.5391,-0.0495294,0.994332,0.106318
32.85,44.6037,-0.0426313,0.994327,0.106365
32.9,44.6684,-0.0357314,0.994321,0.106423
32.95,44.733,-0.0288294,0.994313,0.106497
33,44.7976,-0.0219249,0.994302,0.106598
33.05,44.8498,-0.0163482,0.994342,0.106224
33.1,44.8896,-0.0120993,0.994342,0.106225
33.15,44.9169,-0.00917818,0.994342,0.106224
33.2,44.9318,-0.00758489,0.994342,0.106224
33.25,44.9343,-0.00731941,0.994342,0.106224
33.3,44.9343,-0.00731941,0.994342,0.106224
33.35,44.9343,-0.00731941,0.994342,0.106224
33.4,44.9343,-0.00731941,0.994342,0.106224
33.45,44.9343,-0.00731941,0.994342,0.106224
33.5,44.9343,-0.00731941,0.994342,0.106224
33.55,44.9343,-0.00731941,0.994342,0.106224
33.6,44.9343,-0.00731941,0.994342,0.106224
33.65,44.9343,-0.00731941,0.994342,0.106224
33.7,44.9343,-0.00731941,0.994342,0.106224
33.75,44.9343,-0.00731941,0.994342,0.106224
33.8,44.9343,-0.00731941,0.994342,0.106224
33.85,44.9343,-0.00731941,0.994342,0.106224
33.9,44.9343,-0.00731941,0.994342,0.106224
33.95,44.9343,-0.00731941,0.994342,0.106224
34,44.9343,-0.00731941,0.994342,0.106224
34.05,44.9343,-0.00731941,0.994342,0.106224
34.1,44.9343,-0.00731941,0.994342,0.106224
34.15,44.9343,-0.00731941,0.994342,0.106224
34.2,44.9343,-0.00731941,0.994342,0.106224
34.25,44.9343,-0.00731941,0.994342,0.106224
34.3,44.9343,-0.00731941,0.994342,0.106224
34.35,44.9343,-0.00731941,0.994342,0.106224
34.4,44.9343,-0.00731941,0.994342,0.106224
34.45,44.9343,-0.00731941,0.994342,0.106224
34.5,44.9343,-0.00731941,0.994342,0.106224
34.55,44.9343,-0.00731941,0.994342,0.106224
34.6,44.9343,-0.00731941,0.994342,0.106224
34.65,44.9343,-0.00731941,0.994342,0.106224
34.7,44.9343,-0.00731941,0.994342,0.106224
34.75,44.9343,-0.00731941,0.994342,0.106224
34.8,44.9343,-0.00731941,0.994342,0.106224
34.85,44.9343,-0.00731941,0.994342,0.106224
34.9,44.9343,-0.00731941,0.994342,0.106224
34.95,44.9343,-0.00731941,0.994342,0.106224
35,44.9343,-0.00731941,0.994342,0.106224
35.05,44.9343,-0.00731941,0.994342,0.106224
35.1,44.9343,-0.00731941,0.994342,0.106224
35.15,44.9343,-0.00731941,0.994342,0.106224
35.2,44.9343,-0.00731941,0.994342,0.106224
35.25,44.9343,-0.00731941,0.994342,0.106224
35.3,44.9343,-0.00731941,0.994342,0.106224
35.35,44.9343,-0.00731941,0.994342,0.106224
35.4,44.9343,-0.00731941,0.994342,0.106224
35.45,44.9343,-0.00731941,0.994342,0.106224
35.5,44.9343,-0.00731941,0.994342,0.106224
35.55,44.9343,-0.00731941,0.994342,0.106224
35.6,44.9343,-0.00731941,0.994342,0.106224
35.65,44.9343,-0.00731941,0.994342,0.106224
35.7,44.9343,-0.00731941,0.994342,0.106224
35.75,44.9343,-0.00731941,0.994342,0.106224
35.8,44.9343,-0.00731941,0.994342,0.106224
35.85,44.9343,-0.00731941,0.994342,0.106224
35.9,44.9343,-0.00731941,0.994342,0.106224
35.95,44.9343,-0.00731941,0.994342,0.106224
36,44.9343,-0.00731941,0.994342,0.106224
36.05,44.9343,-0.00731941,0.994342,0.106224
36.1,44.9343,-0.00731941,0.994342,0.106224
36.15,44.9343,-0.00731941,0.994342,0.106224
36.2,44.9343,-0.00731941,0.994342,0.106224
36.25,44.9343,-0.00731941,0.994342,0.106224
36.3,44.9343,-0.00731941,0.994342,0.106224
36.35,44.9343,-0.00731941,0.994342,0.106224
36.4,44.9343,-0.00731941,0.994342,0.106224
36.45,44.9343,-0.00731941,0.994342,0.106224
36.5,44.9343,-0.00731941,0.994342,0.106224
36.55,44.9343,-0.00731941,0.994342,0.106224
36.6,44.9343,-0.00731941,0.994342,0.106224
36.65,44.9343,-0.00731941,0.994342,0.106224
36.7,44.9343,-0.00731941,0.994342,0.106224
36.75,44.9343,-0.00731941,0.994342,0.106224
36.8,44.9343,-0.00731941,0.994342,0.106224
36.85,44.9343,-0.00731941,0.994342,0.106224
36.9,44.9343,-0.00731941,0.994342,0.106224
36.95,44.9343,-0.00731941,0.994342,0.106224
37,44.9343,-0.00731941,0.994342,0.106224
37.05,44.9343,-0.00731941,0.994342,0.106224
37.1,44.9343,-0.00731941,0.994342,0.106224
37.15,44.9343,-0.00731941,0.994342,0.106224
37.2,44.9343,-0.00731941,0.994342,0.106224
37.25,44.9343,-0.00731941,0.994342,0.106224
37.3,44.9343,-0.00731941,0.994342,0.106224
37.35,44.9343,-0.00731941,0.994342,0.106224
37.4,44.9343,-0.00731941,0.994342,0.106224
37.45,44.9343,-0.00731941,0.994342,0.106224
37.5,44.9343,-0.00731941,0.994342,0.106224
37.55,44.9343,-0.00731941,0.994342,0.106224
37.6,44.9343,-0.00731941,0.994342,0.106224
37.65,44.9343,-0.00731941,0.994342,0.106224
37.7,44.9343,-0.00731941,0.994342,0.106224
37.75,44.9343,-0.00731941,0.994342,0.106224
37.8,44.9343,-0.00731941,0.994342,0.106224
37.85,44.9343,-0.00731941,0.994342,0.106224
37.9,44.9343,-0.00731941,0.994342,0.106224
37.95,44.9343,-0.00731941,0.994342,0.106224
38,44.9343,-0.00731941,0.994342,0.106224
38.05,44.9343,-0.00731941,0.994342,0.106224
38.1,44.9343,-0.00731941,0.994342,0.106224
38.15,44.9343,-0.00731941,0.994342,0.106224
38.2,44.9343,-0.00731941,0.994342,0.106224
38.25,44.9343,-0.00731941,0.994342,0.106224
38.3,44.9343,-0.00731941,0.994342,0.106224
38.35,44.9343,-0.00731941,0.994342,0.106224
38.4,44.9343,-0.00731941,0.994342,0.106224
38.45,44.9343,-0.00731941,0.994342,0.106224
38.5,44.9343,-0.00731941,0.994342,0.106224
38.55,44.9343,-0.00731941,0.994342,0.106224
38.6,44.9343,-0.00731941,0.994342,0.106224
38.65,44.9343,-0.00731941,0.994342,0.106224
38.7,44.9343,-0.00731941,0.994342,0.106224
38.75,44.9343,-0.00731941,0.994342,0.106224
38.8,44.9343,-0.00731941,0.994342,0.106224
38.85,44.9343,-0.00731941,0.994342,0.106224
38.9,44.9343,-0.00731941,0.994342,0.106224
38.95,44.9343,-0.00731941,0.994342,0.106224
39,44.9343,-0.00731941,0.994342,0.106224
39.05,44.9343,-0.00731941,0.994342,0.106224
39.1,44.9343,-0.00731941,0.994342,0.106224
39.15,44.9343,-0.00731941,0.994342,0.106224
39.2,44.9343,-0.00731941,0.994342,0.106224
39.25,44.9343,-0.00731941,0.994342,0.106224
39.3,44.9343,-0.00731941,0.994342,0.106224
39.35,44.9343,-0.00731941,0.994342,0.106224
39.4,44.9343,-0.00731941,0.994342,0.106224
39.45,44.9343,-0.00731941,0.994342,0.106224
39.5,44.9343,-0.00731941,0.994342,0.106224
39.55,44.9343,-0.00731941,0.994342,0.106224
39.6,44.9343,-0.00731941,0.994342,0.106224
39.65,44.9343,-0.00731941,0.994342,0.106224
39.7,44.9343,-0.00731941,0.994342,0.106224
39.75,44.9343,-0.00731941,0.994342,0.106224
39.8,44.9343,-0.00731941,0.994342,0.106224
39.85,44.9343,-0.00731941,0.994342,0.106224
39.9,44.9343,-0.00731941,0.994342,0.106224
39.95,44.9343,-0.00731941,0.994342,0.106224
40,44.9343,-0.00731941,0.994342,0.106224
40.05,44.9343,-0.00731941,0.994342,0.106224
40.1,44.9343,-0.00731941,0.994342,0.106224
40.15,44.9343,-0.00731941,0.994342,0.106224
40.2,44.9343,-0.00731941,0.994342,0.106224
40.25,44.9343,-0.00731941,0.994342,0.106224
40.3,44.9343,-0.00731941,0.994342,0.106224
40.35,44.9343,-0.00731941,0.994342,0.106224
40.4,44.9343,-0.00731941,0.994342,0.106224
40.45,44.9343,-0.00731941,0.994342,0.106224
40.5,44.9343,-0.00731941,0.994342,0.106224
40.55,44.9343,-0.00731941,0.994342,0.106224
40.6,44.9343,-0.00731941,0.994342,0.106224
40.65,44.9343,-0.00731941,0.994342,0.106224
40.7,44.9343,-0.00731941,0.994342,0.106224
40.75,44.9343,-0.00731941,0.994342,0.106224
40.8,44.9343,-0.00731941,0.994342,0.106224
40.85,44.9343,-0.00731941,0.994342,0.106224
40.9,44.9343,-0.00731941,0.994342,0.106224
40.95,44.9343,-0.00731941,0.994342,0.106224
41,44.9343,-0.00731941,0.994342,0.106224
41.05,44.9343,-0.00731941,0.994342,0.106224
41.1,44.9343,-0.00731941,0.994342,0.106224
41.15,44.9343,-0.00731941,0.994342,0.106224
41.2,44.9343,-0.00731941,0.994342,0.106224
41.25,44.9343,-0.00731941,0.994342,0.106224
41.3,44.9343,-0.00731941,0.994342,0.106224
41.35,44.9343,-0.00731941,0.994342,0.106224
41.4,44.9343,-0.00731941,0.994342,0.106224
41.45,44.9343,-0.00731941,0.994342,0.106224
41.5,44.9343,-0.00731941,0.994342,0.106224
41.55,44.9343,-0.00731941,0.994342,0.106224
41.6,44.9343,-0.00731941,0.994342,0.106224
41.65,44.9343,-0.00731941,0.994342,0.106224
41.7,44.9343,-0.00731941,0.994342,0.106224
41.75,44.9343,-0.00731941,0.994342,0.106224
41.8,44.9343,-0.00731941,0.994342,0.106224
41.85,44.9343,-0.00731941,0.994342,0.106224
41.9,44.9343,-0.00731941,0.994342,0.106224
41.95,44.9343,-0.00731941,0.994342,0.106224
42,44.9343,-0.00731941,0.994342,0.106224
42.05,44.9343,-0.00731941,0.994342,0.106224
42.1,44.9343,-0.00731941,0.994342,0.106224
42.15,44.9343,-0.00731941,0.994342,0.106224
42.2,44.9343,-0.00731941,0.994342,0.106224
42.25,44.9343,-0.00731941,0.994342,0.106224
42.3,44.9343,-0.00731941,0.994342,0.106224
42.35,44.9343,-0.00731941,0.994342,0.106224
42.4,44.9343,-0.00731941,0.994342,0.106224
42.45,44.9343,-0.00731941,0.994342,0.106224
42.5,44.9343,-0.00731941,0.994342,0.106224
42.55,44.9343,-0.00731941,0.994342,0.106224
42.6,44.9343,-0.00731941,0.994342,0.106224
42.65,44.9343,-0.00731941,0.994342,0.106224
42.7,44.9343,-0.00731941,0.994342,0.106224
42.75,44.9343,-0.00731941,0.994342,0.106224
42.8,44.9343,-0.00731941,0.994342,0.106224
42.85,44.9343,-0.00731941,0.994342,0.106224
42.9,44.9343,-0.00731941,0.994342,0.106224
42.95,44.9343,-0.00731941,0.994342,0.106224
43,44.9343,-0.00731941,0.994342,0.106224
43.05,44.9343,-0.00731941,0.994342,0.106224
43.1,44.9343,-0.00731941,0.994342,0.106224
43.15,44.9343,-0.00731941,0.994342,0.106224
43.2,44.9343,-0.00731941,0.994342,0.106224
43.25,44.9343,-0.00731941,0.994342,0.106224
43.3,44.9343,-0.00731941,0.994342,0.106224
43.35,44.9343,-0.00731941,0.994342,0.106224
43.4,44.9343,-0.00731941,0.994342,0.106224
43.45,44.9343,-0.00731941,0.994342,0.106224
43.5,44.9343,-0.00731941,0.994342,0.106224
43.55,44.9343,-0.00731941,0.994342,0.106224
43.6,44.9343,-0.00731941,0.994342,0.106224
43.65,44.9343,-0.00731941,0.994342,0.106224
43.7,44.9343,-0.00731941,0.994342,0.106224
43.75,44.9343,-0.00731941,0.994342,0.106224
43.8,44.9343,-0.00731941,0.994342,0.106224
43.85,44.9343,-0.00731941,0.994342,0.106224
43.9,44.9343,-0.00731941,0.994342,0.106224
43.95,44.9343,-0.00731941,0.994342,0.106224
44,44.9343,-0.00731941,0.994342,0.106224
44.05,44.9343,-0.00731941,0.994342,0.106224
44.1,44.9343,-0.00731941,0.994342,0.106224
44.15,44.9343,-0.00731941,0.994342,0.106224
44.2,44.9343,-0.00731941,0.994342,0.106224
44.25,44.9343,-0.00731941,0.994342,0.106224
44.3,44.9343,-0.00731941,0.994342,0.106224
44.35,44.9343,-0.00731941,0.994342,0.106224
44.4,44.9343,-0.00731941,0.994342,0.106224
44.45,44.9343,-0.00731941,0.994342,0.106224
44.5,44.9343,-0.00731941,0.994342,0.106224
44.55,44.9343,-0.00731941,0.994342,0.106224
44.6,44.9343,-0.00731941,0.994342,0.106224
44.65,44.9343,-0.00731941,0.994342,0.106224
44.7,44.9343,-0.00731941,0.994342,0.106224
44.75,44.9343,-0.00731941,0.994342,0.106224
44.8,44.9343,-0.00731941,0.994342,0.106224
44.85,44.9343,-0.00731941,0.994342,0.106224
44.9,44.9343,-0.00731941,0.994342,0.106224
44.95,44.9343,-0.00731941,0.994342,0.106224
45,44.9343,-0.00731941,0.994342,0.106224
45.05,44.9343,-0.00731941,0.994342,0.106224
45.1,44.9343,-0.00731941,0.994342,0.106224
45.15,44.9343,-0.00731941,0.994342,0.106224
45.2,44.9343,-0.00731941,0.994342,0.106224
45.25,44.9343,-0.00731941,0.994342,0.106224
45.3,44.9343,-0.00731941,0.994342,0.106224
45.35,44.9343,-0.00731941,0.994342,0.106224
45.4,44.9343,-0.00731941,0.994342,0.106224
45.45,44.9343,-0.00731941,0.994342,0.106224
45.5,44.9343,-0.00731941,0.994342,0.106224
45.55,44.9343,-0.00731941,0.994342,0.106224
45.6,44.9343,-0.00731941,0.994342,0.106224
45.65,44.9343,-0.00731941,0.994342,0.106224
45.7,44.9343,-0.00731941,0.994342,0.106224
45.75,44.9343,-0.00731941,0.994342,0.106224
45.8,44.9343,-0.00731941,0.994342,0.106224
45.85,44.9343,-0.00731941,0.994342,0.106224
45.9,44.9343,-0.00731941,0.994342,0.106224
45.95,44.9343,-0.00731941,0.994342,0.106224
46,44.9343,-0.00731941,0.994342,0.106224
46.05,44.9343,-0.00731941,0.994342,0.106224
46.1,44.9343,-0.00731941,0.994342,0.106224
46.15,44.9343,-0.00731941,0.994342,0.106224
46.2,44.9343,-0.00731941,0.994342,0.106224
46.25,44.9343,-0.00731941,0.994342,0.106224
46.3,44.9343,-0.00731941,0.994342,0.106224
46.35,44.9343,-0.00731941,0.994342,0.106224
46.4,44.9343,-0.00731941,0.994342,0.106224
46.45,44.9343,-0.00731941,0.994342,0.106224
46.5,44.9343,-0.00731941,0.994342,0.106224
46.55,44.9343,-0.00731941,0.994342,0.106224
46.6,44.9343,-0.00731941,0.994342,0.106224
46.65,44.9343,-0.00731941,0.994342,0.106224
46.7,44.9343,-0.00731941,0.994342,0.106224
46.75,44.9343,-0.00731941,0.994342,0.106224
46.8,44.9343,-0.00731941,0.994342,0.106224
46.85,44.9343,-0.00731941,0.994342,0.106224
46.9,44.9343,-0.00731941,0.994342,0.106224
46.95,44.9343,-0.00731941,0.994342,0.106224
47,44.9343,-0.00731941,0.994342,0.106224
47.05,44.9343,-0.00731941,0.994342,0.106224
47.1,44.9343,-0.00731941,0.994342,0.106224
47.15,44.9343,-0.00731941,0.994342,0.106224
47.2,44.9343,-0.00731941,0.994342,0.106224
47.25,44.9343,-0.00731941,0.994342,0.106224
47.3,44.9343,-0.00731941,0.994342,0.106224
47.35,44.9343,-0.00731941,0.994342,0.106224
47.4,44.9343,-0.00731941,0.994342,0.106224
47.45,44.9343,-0.00731941,0.994342,0.106224
47.5,44.9343,-0.00731941,0.994342,0.106224
47.55,44.9343,-0.00731941,0.994342,0.106224
47.6,44.9343,-0.00731941,0.994342,0.106224
47.65,44.9343,-0.00731941,0.994342,0.106224
47.7,44.9343,-0.00731941,0.994342,0.106224
47.75,44.9343,-0.00731941,0.994342,0.106224
47.8,44.9343,-0.00731941,0.994342,0.106224
47.85,44.9343,-0.00731941,0.994342,0.106224
47.9,44.9343,-0.00731941,0.994342,0.106224
47.95,44.9343,-0.00731941,0.994342,0.106224
48,44.9343,-0.00731941,0.994342,0.106224
48.05,44.9343,-0.00731941,0.994342,0.106224
48.1,44.9343,-0.00731941,0.994342,0.106224
48.15,44.9343,-0.00731941,0.994342,0.106224
48.2,44.9343,-0.00731941,0.994342,0.106224
48.25,44.9343,-0.00731941,0.994342,0.106224
48.3,44.9343,-0.00731941,0.994342,0.106224
48.35,44.9343,-0.00731941,0.994342,0.106224
48.4,44.9343,-0.00731941,0.994342,0.106224
48.45,44.9343,-0.00731941,0.994342,0.106224
48.5,44.9343,-0.00731941,0.994342,0.106224
48.55,44.9343,-0.00731941,0.994342,0.106224
48.6,44.9343,-0.00731941,0.994342,0.106224
48.65,44.9343,-0.00731941,0.994342,0.106224
48.7,44.9343,-0.00731941,0.994342,0.106224
48.75,44.9343,-0.00731941,0.994342,0.106224
48.8,44.9343,-0.00731941,0.994342,0.106224
48.85,44.9343,-0.00731941,0.994342,0.106224
48.9,44.9343,-0.00731941,0.994342,0.106224
48.95,44.9343,-0.00731941,0.994342,0.106224
49,44.9343,-0.00731941,0.994342,0.106224
49.05,44.9343,-0.00731941,0.994342,0.106224
49.1,44.9343,-0.00731941,0.994342,0.106224
49.15,44.9343,-0.00731941,0.994342,0.106224
49.2,44.9343,-0.00731941,0.994342,0.106224
49.25,44.9343,-0.00731941,0.994342,0.106224
49.3,44.9343,-0.00731941,0.994342,0.106224
49.35,44.9343,-0.00731941,0.994342,0.106224
49.4,44.9343,-0.00731941,0.994342,0.106224
49.45,44.9343,-0.00731941,0.994342,0.106224
49.5,44.9343,-0.00731941,0.994342,0.106224
49.55,44.9343,-0.00731941,0.994342,0.106224
49.6,44.9343,-0.00731941,0.994342,0.106224
49.65,44.9343,-0.00731941,0.994342,0.106224
49.7,44.9343,-0.00731941,0.994342,0.106224
49.75,44.9343,-0.00731941,0.994342,0.106224
49.8,44.9343,-0.00731941,0.994342,0.106224
49.85,44.9343,-0.00731941,0.994342,0.106224
49.9,44.9343,-0.00731941,0.994342,0.106224
49.95,44.9343,-0.00731941,0.994342,0.106224
50,44.9343,-0.00731941,0.994342,0.106224
50.05,44.9343,-0.00731941,0.994342,0.106224
50.1,44.9343,-0.00731941,0.994342,0.106224
50.15,44.9343,-0.00731941,0.994342,0.106224
50.2,44.9343,-0.00731941,0.994342,0.106224
50.25,44.9343,-0.00731941,0.994342,0.106224
50.3,44.9343,-0.00731941,0.994342,0.106224
50.35,44.9343,-0.00731941,0.994342,0.106224
50.4,44.9343,-0.00731941,0.994342,0.106224
50.45,44.9343,-0.00731941,0.994342,0.106224
50.5,44.9343,-0.00731941,0.994342,0.106224
50.55,44.9343,-0.00731941,0.994342,0.106224
50.6,44.9343,-0.00731941,0.994342,0.106224
50.65,44.9343,-0.00731941,0.994342,0.106224
50.7,44.9343,-0.00731941,0.994342,0.106224
50.75,44.9343,-0.00731941,0.994342,0.106224
50.8,44.9343,-0.00731941,0.994342,0.106224
50.85,44.9343,-0.00731941,0.994342,0.106224
50.9,44.9343,-0.00731941,0.994342,0.106224
50.95,44.9343,-0.00731941,0.994342,0.106224
51,44.9343,-0.00731941,0.994342,0.106224
51.05,44.9343,-0.00731941,0.994342,0.106224
51.1,44.9343,-0.00731941,0.994342,0.106224
51.15,44.9343,-0.00731941,0.994342,0.106224
51.2,44.9343,-0.00731941,0.994342,0.106224
51.25,44.9343,-0.00731941,0.994342,0.106224
51.3,44.9343,-0.00731941,0.994342,0.106224
51.35,44.9343,-0.00731941,0.994342,0.106224
51.4,44.9343,-0.00731941,0.994342,0.106224
51.45,44.9343,-0.00731941,0.994342,0.106224
51.5,44.9343,-0.00731941,0.994342,0.106224
51.55,44.9343,-0.00731941,0.994342,0.106224
51.6,44.9343,-0.00731941,0.994342,0.106224
51.65,44.9343,-0.00731941,0.994342,0.106224
51.7,44.9343,-0.00731941,0.994342,0.106224
51.75,44.9343,-0.00731941,0.994342,0.106224
51.8,44.9343,-0.00731941,0.994342,0.106224
51.85,44.9343,-0.00731941,0.994342,0.106224
51.9,44.9343,-0.00731941,0.994342,0.106224
51.95,44.9343,-0.00731941,0.994342,0.106224
52,44.9343,-0.00731941,0.994342,0.106224
52.05,44.9343,-0.00731941,0.994342,0.106224
52.1,44.9343,-0.00731941,0.994342,0.106224
52.15,44.9343,-0.00731941,0.994342,0.106224
52.2,44.9343,-0.00731941,0.994342,0.106224
52.25,44.9343,-0.00731941,0.994342,0.106224
52.3,44.9343,-0.00731941,0.994342,0.106224
52.35,44.9343,-0.00731941,0.994342,0.106224
52.4,44.9343,-0.00731941,0.994342,0.106224
52.45,44.9343,-0.00731941,0.994342,0.106224
52.5,44.9343,-0.00731941,0.994342,0.106224
52.55,44.9343,-0.00731941,0.994342,0.106224
52.6,44.9343,-0.00731941,0.994342,0.106224
52.65,44.9343,-0.00731941,0.994342,0.106224
52.7,44.9343,-0.00731941,0.994342,0.106224
52.75,44.9343,-0.00731941,0.994342,0.106224
52.8,44.9343,-0.00731941,0.994342,0.106224
52.85,44.9343,-0.00731941,0.994342,0.106224
52.9,44.9343,-0.00731941,0.994342,0.106224
52.95,44.9343,-0.00731941,0.994342,0.106224
53,44.9343,-0.00731941,0.994342,0.106224
53.05,44.9343,-0.00731941,0.994342,0.106224
53.1,44.9343,-0.00731941,0.994342,0.106224
53.15,44.9343,-0.00731941,0.994342,0.106224
53.2,44.9343,-0.00731941,0.994342,0.106224
53.25,44.9343,-0.00731941,0.994342,0.106224
53.3,44.9343,-0.00731941,0.994342,0.106224
53.35,44.9343,-0.00731941,0.994342,0.106224
53.4,44.9343,-0.00731941,0.994342,0.106224
53.45,44.9343,-0.00731941,0.994342,0.106224
53.5,44.9343,-0.00731941,0.994342,0.106224
53.55,44.9343,-0.00731941,0.994342,0.106224
53.6,44.9343,-0.00731941,0.994342,0.106224
53.65,44.9343,-0.00731941,0.994342,0.106224
53.7,44.9343,-0.00731941,0.994342,0.106224
53.75,44.9343,-0.00731941,0.994342,0.106224
53.8,44.9343,-0.00731941,0.994342,0.106224
53.85,44.9343,-0.00731941,0.994342,0.106224
53.9,44.9343,-0.00731941,0.994342,0.106224
53.95,44.9343,-0.00731941,0.994342,0.106224
54,44.9343,-0.00731941,0.994342,0.106224
54.05,44.9343,-0.00731941,0.994342,0.106224
54.1,44.9343,-0.00731941,0.994342,0.106224
54.15,44.9343,-0.00731941,0.994342,0.106224
54.2,44.9343,-0.00731941,0.994342,0.106224
54.25,44.9343,-0.00731941,0.994342,0.106224
54.3,44.9343,-0.00731941,0.994342,0.106224
54.35,44.9343,-0.00731941,0.994342,0.106224
54.4,44.9343,-0.00731941,0.994342,0.106224
54.45,44.9343,-0.00731941,0.994342,0.106224
54.5,44.9343,-0.00731941,0.994342,0.106224
54.55,44.9343,-0.00731941,0.994342,0.106224
54.6,44.9343,-0.00731941,0.994342,0.106224
54.65,44.9343,-0.00731941,0.994342,0.106224
54.7,44.9343,-0.00731941,0.994342,0.106224
54.75,44.9343,-0.00731941,0.994342,0.106224
54.8,44.9343,-0.00731941,0.994342,0.106224
54.85,44.9343,-0.00731941,0.994342,0.106224
54.9,44.9343,-0.00731941,0.994342,0.106224
54.95,44.9343,-0.00731941,0.994342,0.106224
55,44.9343,-0.00731941,0.994342,0.106224
55.05,44.9343,-0.00731941,0.994342,0.106224
55.1,44.9343,-0.00731941,0.994342,0.106224
55.15,44.9343,-0.00731941,0.994342,0.106224
55.2,44.9343,-0.00731941,0.994342,0.106224
55.25,44.9343,-0.00731941,0.994342,0.106224
55.3,44.9343,-0.00731941,0.994342,0.106224
55.35,44.9343,-0.00731941,0.994342,0.106224
55.4,44.9343,-0.00731941,0.994342,0.106224
55.45,44.9343,-0.00731941,0.994342,0.106224
55.5,44.9343,-0.00731941,0.994342,0.106224
55.55,44.9343,-0.00731941,0.994342,0.106224
55.6,44.9343,-0.00731941,0.994342,0.106224
55.65,44.9343,-0.00731941,0.994342,0.106224
55.7,44.9343,-0.00731941,0.994342,0.106224
55.75,44.9343,-0.00731941,0.994342,0.106224
55.8,44.9343,-0.00731941,0.994342,0.106224
55.85,44.9343,-0.00731941,0.994342,0.106224
55.9,44.9343,-0.00731941,0.994342,0.106224
55.95,44.9343,-0.00731941,0.994342,0.106224
56,44.9343,-0.00731941,0.994342,0.106224
56.05,44.9343,-0.00731941,0.994342,0.106224
56.1,44.9343,-0.00731941,0.994342,0.106224
56.15,44.9343,-0.00731941,0.994342,0.106224
56.2,44.9343,-0.00731941,0.994342,0.106224
56.25,44.9343,-0.00731941,0.994342,0.106224
56.3,44.9343,-0.00731941,0.994342,0.106224
56.35,44.9343,-0.00731941,0.994342,0.106224
56.4,44.9343,-0.00731941,0.994342,0.106224
56.45,44.9343,-0.00731941,0.994342,0.106224
56.5,44.9343,-0.00731941,0.994342,0.106224
56.55,44.9343,-0.00731941,0.994342,0.106224
56.6,44.9343,-0.00731941,0.994342,0.106224
56.65,44.9343,-0.00731941,0.994342,0.106224
56.7,44.9343,-0.00731941,0.994342,0.106224
56.75,44.9343,-0.00731941,0.994342,0.106224
56.8,44.9343,-0.00731941,0.994342,0.106224
56.85,44.9343,-0.00731941,0.994342,0.106224
56.9,44.9343,-0.00731941,0.994342,0.106224
56.95,44.9343,-0.00731941,0.994342,0.106224
57,44.9343,-0.00731941,0.994342,0.106224
57.05,44.9343,-0.00731941,0.994342,0.106224
57.1,44.9343,-0.00731941,0.994342,0.106224
57.15,44.9343,-0.00731941,0.994342,0.106224
57.2,44.9343,-0.00731941,0.994342,0.106224
57.25,44.9343,-0.00731941,0.994342,0.106224
57.3,44.9343,-0.00731941,0.994342,0.106224
57.35,44.9343,-0.00731941,0.994342,0.106224
57.4,44.9343,-0.00731941,0.994342,0.106224
57.45,44.9343,-0.00731941,0.994342,0.106224
57.5,44.9343,-0.00731941,0.994342,0.106224
57.55,44.9343,-0.00731941,0.994342,0.106224
57.6,44.9343,-0.00731941,0.994342,0.106224
57.65,44.9343,-0.00731941,0.994342,0.106224
57.7,44.9343,-0.00731941,0.994342,0.106224
57.75,44.9343,-0.00731941,0.994342,0.106224
57.8,44.9343,-0.00731941,0.994342,0.106224
57.85,44.9343,-0.00731941,0.994342,0.106224
57.9,44.9343,-0.00731941,0.994342,0.106224
57.95,44.9343,-0.00731941,0.994342,0.106224
58,44.9343,-0.00731941,0.994342,0.106224
58.05,44.9343,-0.00731941,0.994342,0.106224
58.1,44.9343,-0.00731941,0.994342,0.106224
58.15,44.9343,-0.00731941,0.994342,0.106224
58.2,44.9343,-0.00731941,0.994342,0.106224
58.25,44.9343,-0.00731941,0.994342,0.106224
58.3,44.9343,-0.00731941,0.994342,0.106224
58.35,44.9343,-0.00731941,0.994342,0.106224
58.4,44.9343,-0.00731941,0.994342,0.106224
58.45,44.9343,-0.00731941,0.994342,0.106224
58.5,44.9343,-0.00731941,0.994342,0.106224
58.55,44.9343,-0.00731941,0.994342,0.106224
58.6,44.9343,-0.00731941,0.994342,0.106224
58.65,44.9343,-0.00731941,0.994342,0.106224
58.7,44.9343,-0.00731941,0.994342,0.106224
58.75,44.9343,-0.00731941,0.994342,0.106224
58.8,44.9343,-0.00731941,0.994342,0.106224
58.85,44.9343,-0.00731941,0.994342,0.106224
58.9,44.9343,-0.00731941,0.994342,0.106224
58.95,44.9343,-0.00731941,0.994342,0.106224
59,44.9343,-0.00731941,0.994342,0.106224
59.05,44.9343,-0.00731941,0.994342,0.106224
59.1,44.9343,-0.00731941,0.994342,0.106224
59.15,44.9343,-0.00731941,0.994342,0.106224
59.2,44.9343,-0.00731941,0.994342,0.106224
59.25,44.9343,-0.00731941,0.994342,0.106224
59.3,44.9343,-0.00731941,0.994342,0.106224
59.35,44.9343,-0.00731941,0.994342,0.106224
59.4,44.9343,-0.00731941,0.994342,0.106224
59.45,44.9343,-0.00731941,0.994342,0.106224
59.5,44.9343,-0.00731941,0.994342,0.106224
59.55,44.9343,-0.00731941,0.994342,0.106224
59.6,44.9343,-0.00731941,0.994342,0.106224
59.65,44.9343,-0.00731941,0.994342,0.106224
59.7,44.9343,-0.00731941,0.994342,0.106224
59.75,44.9343,-0.00731941,0.994342,0.106224
59.8,44.9343,-0.00731941,0.994342,0.106224
59.85,44.9343,-0.00731941,0.994342,0.106224
59.9,44.9343,-0.00731941,0.994342,0.106224
59.95,44.9343,-0.00731941,0.994342,0.106224
60,44.9343,-0.00731941,0.994342,0.106224
60.05,44.9343,-0.00731941,0.994342,0.106224
60.1,44.9343,-0.00731941,0.994342,0.106224
60.15,44.9343,-0.00731941,0.994342,0.106224
60.2,44.9343,-0.00731941,0.994342,0.106224
60.25,44.9343,-0.00731941,0.994342,0.106224
60.3,44.9343,-0.00731941,0.994342,0.106224
60.35,44.9343,-0.00731941,0.994342,0.106224
60.4,44.9343,-0.00731941,0.994342,0.106224
60.45,44.9343,-0.00731941,0.994342,0.106224
60.5,44.9343,-0.00731941,0.994342,0.106224
60.55,44.9343,-0.00731941,0.994342,0.106224
60.6,44.9343,-0.00731941,0.994342,0.106224
60.65,44.9343,-0.00731941,0.994342,0.106224
60.7,44.9343,-0.00731941,0.994342,0.106224
60.75,44.9343,-0.00731941,0.994342,0.106224
60.8,44.9343,-0.00731941,0.994342,0.106224
60.85,44.9343,-0.00731941,0.994342,0.106224
60.9,44.9343,-0.00731941,0.994342,0.106224
60.95,44.9343,-0.00731941,0.994342,0.106224
61,44.9343,-0.00731941,0.994342,0.106224
61.05,44.9343,-0.00731941,0.994342,0.106224
61.1,44.9343,-0.00731941,0.994342,0.106224
61.15,44.9343,-0.00731941,0.994342,0.106224
61.2,44.9343,-0.00731941,0.994342,0.106224
61.25,44.9343,-0.00731941,0.994342,0.106224
61.3,44.9343,-0.00731941,0.994342,0.106224
61.35,44.9343,-0.00731941,0.994342,0.106224
61.4,44.9343,-0.00731941,0.994342,0.106224
61.45,44.9343,-0.00731941,0.994342,0.106224
61.5,44.9343,-0.00731941,0.994342,0.106224
61.55,44.9343,-0.00731941,0.994342,0.106224
61.6,44.9343,-0.00731941,0.994342,0.106224
61.65,44.9343,-0.00731941,0.994342,0.106224
61.7,44.9343,-0.00731941,0.994342,0.106224
61.75,44.9343,-0.00731941,0.994342,0.106224
61.8,44.9343,-0.00731941,0.994342,0.106224
61.85,44.9343,-0.00731941,0.994342,0.106224
61.9,44.9343,-0.00731941,0.994342,0.106224
61.95,44.9343,-0.00731941,0.994342,0.106224
62,44.9343,-0.00731941,0.994342,0.106224
62.05,44.9343,-0.00731941,0.994342,0.106224
62.1,44.9343,-0.00731941,0.994342,0.106224
62.15,44.9343,-0.00731941,0.994342,0.106224
62.2,44.9343,-0.00731941,0.994342,0.106224
62.25,44.9343,-0.00731941,0.994342,0.106224
62.3,44.9343,-0.00731941,0.994342,0.106224
62.35,44.9343,-0.00731941,0.994342,0.106224
62.4,44.9343,-0.00731941,0.994342,0.106224
62.45,44.9343,-0.00731941,0.994342,0.106224
62.5,44.9343,-0.00731941,0.994342,0.106224
62.55,44.9343,-0.00731941,0.994342,0.106224
62.6,44.9343,-0.00731941,0.994342,0.106224
62.65,44.9343,-0.00731941,0.994342,0.106224
62.7,44.9343,-0.00731941,0.994342,0.106224
62.75,44.9343,-0.00731941,0.994342,0.106224
62.8,44.9343,-0.00731941,0.994342,0.106224
62.85,44.9343,-0.00731941,0.994342,0.106224
62.9,44.9343,-0.00731941,0.994342,0.106224
62.95,44.9343,-0.00731941,0.994342,0.106224
63,44.9343,-0.00731941,0.994342,0.106224
63.05,44.9343,-0.00731941,0.994342,0.106224
63.1,44.9343,-0.00731941,0.994342,0.106224
63.15,44.9343,-0.00731941,0.994342,0.106224
63.2,44.9343,-0.00731941,0.994342,0.106224
63.25,44.9343,-0.00731941,0.994342,0.106224
63.3,44.9343,-0.00731941,0.994342,0.106224
63.35,44.9343,-0.00731941,0.994342,0.106224
63.4,44.9343,-0.00731941,0.994342,0.106224
63.45,44.9343,-0.00731941,0.994342,0.106224
63.5,44.9343,-0.00731941,0.994342,0.106224
63.55,44.9343,-0.00731941,0.994342,0.106224
63.6,44.9343,-0.00731941,0.994342,0.106224
63.65,44.9343,-0.00731941,0.994342,0.106224
63.7,44.9343,-0.00731941,0.994342,0.106224
63.75,44.9343,-0.00731941,0.994342,0.106224
63.8,44.9343,-0.00731941,0.994342,0.106224
63.85,44.9343,-0.00731941,0.994342,0.106224
63.9,44.9343,-0.00731941,0.994342,0.106224
63.95,44.9343,-0.00731941,0.994342,0.106224
64,44.9343,-0.00731941,0.994342,0.106224
64.05,44.9343,-0.00731941,0.994342,0.106224
64.1,44.9343,-0.00731941,0.994342,0.106224
64.15,44.9343,-0.00731941,0.994342,0.106224
64.2,44.9343,-0.00731941,0.994342,0.106224
64.25,44.9343,-0.00731941,0.994342,0.106224
64.3,44.9343,-0.00731941,0.994342,0.106224
64.35,44.9343,-0.00731941,0.994342,0.106224
64.4,44.9343,-0.00731941,0.994342,0.106224
64.45,44.9343,-0.00731941,0.994342,0.106224
64.5,44.9343,-0.00731941,0.994342,0.106224
64.55,44.9343,-0.00731941,0.994342,0.106224
64.6,44.9343,-0.00731941,0.994342,0.106224
64.65,44.9343,-0.00731941,0.994342,0.106224
64.7,44.9343,-0.00731941,0.994342,0.106224
64.75,44.9343,-0.00731941,0.994342,0.106224
64.8,44.9343,-0.00731941,0.994342,0.106224
64.85,44.9343,-0.00731941,0.994342,0.106224
64.9,44.9343,-0.00731941,0.994342,0.106224
64.95,44.9343,-0.00731941,0.994342,0.106224
65,44.9343,-0.00731941,0.994342,0.106224
65.05,44.9343,-0.00731941,0.994342,0.106224
65.1,44.9343,-0.00731941,0.994342,0.106224
65.15,44.9343,-0.00731941,0.994342,0.106224
65.2,44.9343,-0.00731941,0.994342,0.106224
65.25,44.9343,-0.00731941,0.994342,0.106224
65.3,44.9343,-0.00731941,0.994342,0.106224
65.35,44.9343,-0.00731941,0.994342,0.106224
65.4,44.9343,-0.00731941,0.994342,0.106224
65.45,44.9343,-0.00731941,0.994342,0.106224
65.5,44.9343,-0.00731941,0.994342,0.106224
65.55,44.9343,-0.00731941,0.994342,0.106224
65.6,44.9343,-0.00731941,0.994342,0.106224
65.65,44.9343,-0.00731941,0.994342,0.106224
65.7,44.9343,-0.00731941,0.994342,0.106224
65.75,44.9343,-0.00731941,0.994342,0.106224
65.8,44.9343,-0.00731941,0.994342,0.106224
65.85,44.9343,-0.00731941,0.994342,0.106224
65.9,44.9343,-0.00731941,0.994342,0.106224
65.95,44.9343,-0.00731941,0.994342,0.106224
66,44.9343,-0.00731941,0.994342,0.106224
66.05,44.9343,-0.00731941,0.994342,0.106224
66.1,44.9343,-0.00731941,0.994342,0.106224
66.15,44.9343,-0.00731941,0.994342,0.106224
66.2,44.9343,-0.00731941,0.994342,0.106224
66.25,44.9343,-0.00731941,0.994342,0.106224
66.3,44.9343,-0.00731941,0.994342,0.106224
66.35,44.9343,-0.00731941,0.994342,0.106224
66.4,44.9343,-0.00731941,0.994342,0.106224
66.45,44.9343,-0.00731941,0.994342,0.106224
66.5,44.9343,-0.00731941,0.994342,0.106224
66.55,44.9343,-0.00731941,0.994342,0.106224
66.6,44.9343,-0.00731941,0.994342,0.106224
66.65,44.9343,-0.00731941,0.994342,0.106224
66.7,44.9343,-0.00731941,0.994342,0.106224
66.75,44.9343,-0.00731941,0.994342,0.106224
66.8,44.9343,-0.00731941,0.994342,0.106224
66.85,44.9343,-0.00731941,0.994342,0.106224
66.9,44.9343,-0.00731941,0.994342,0.106224
66.95,44.9343,-0.00731941,0.994342,0.106224
67,44.9343,-0.00731941,0.994342,0.106224
67.05,44.9343,-0.00731941,0.994342,0.106224
67.1,44.9343,-0.00731941,0.994342,0.106224
67.15,44.9343,-0.00731941,0.994342,0.106224
67.2,44.9343,-0.00731941,0.994342,0.106224
67.25,44.9343,-0.00731941,0.994342,0.106224
67.3,44.9343,-0.00731941,0.994342,0.106224
67.35,44.9343,-0.00731941,0.994342,0.106224
67.4,44.9343,-0.00731941,0.994342,0.106224
67.45,44.9343,-0.00731941,0.994342,0.106224
67.5,44.9343,-0.00731941,0.994342,0.106224
67.55,44.9343,-0.00731941,0.994342,0.106224
67.6,44.9343,-0.00731941,0.994342,0.106224
67.65,44.9343,-0.00731941,0.994342,0.106224
67.7,44.9343,-0.00731941,0.994342,0.106224
67.75,44.9343,-0.00731941,0.994342,0.106224
67.8,44.9343,-0.00731941,0.994342,0.106224
67.85,44.9343,-0.00731941,0.994342,0.106224
67.9,44.9343,-0.00731941,0.994342,0.106224
67.95,44.9343,-0.00731941,0.994342,0.106224
68,44.9343,-0.00731941,0.994342,0.106224
68.05,44.9343,-0.00731941,0.994342,0.106224
68.1,44.9343,-0.00731941,0.994342,0.106224
68.15,44.9343,-0.00731941,0.994342,0.106224
68.2,44.9343,-0.00731941,0.994342,0.106224
68.25,44.9343,-0.00731941,0.994342,0.106224
68.3,44.9343,-0.00731941,0.994342,0.106224
68.35,44.9343,-0.00731941,0.994342,0.106224
68.4,44.9343,-0.00731941,0.994342,0.106224
68.45,44.9343,-0.00731941,0.994342,0.106224
68.5,44.9343,-0.00731941,0.994342,0.106224
68.55,44.9343,-0.00731941,0.994342,0.106224
68.6,44.9343,-0.00731941,0.994342,0.106224
68.65,44.9343,-0.00731941,0.994342,0.106224
68.7,44.9343,-0.00731941,0.994342,0.106224
68.75,44.9343,-0.00731941,0.994342,0.106224
68.8,44.9343,-0.00731941,0.994342,0.106224
68.85,44.9343,-0.00731941,0.994342,0.106224
68.9,44.9343,-0.00731941,0.994342,0.106224
68.95,44.9343,-0.00731941,0.994342,0.106224
69,44.9343,-0.00731941,0.994342,0.106224
69.05,44.9343,-0.00731941,0.994342,0.106224
69.1,44.9343,-0.00731941,0.994342,0.106224
69.15,44.9343,-0.00731941,0.994342,0.106224
69.2,44.9343,-0.00731941,0.994342,0.106224
69.25,44.9343,-0.00731941,0.994342,0.106224
69.3,44.9343,-0.00731941,0.994342,0.106224
69.35,44.9343,-0.00731941,0.994342,0.106224
69.4,44.9343,-0.00731941,0.994342,0.106224
69.45,44.9343,-0.00731941,0.994342,0.106224
69.5,44.9343,-0.00731941,0.994342,0.106224
69.55,44.9343,-0.00731941,0.994342,0.106224
69.6,44.9343,-0.00731941,0.994342,0.106224
69.65,44.9343,-0.00731941,0.994342,0.106224
69.7,44.9343,-0.00731941,0.994342,0.106224
69.75,44.9343,-0.00731941,0.994342,0.106224
69.8,44.9343,-0.00731941,0.994342,0.106224
69.85,44.9343,-0.00731941,0.994342,0.106224
69.9,44.9343,-0.00731941,0.994342,0.106224
69.95,44.9343,-0.00731941,0.994342,0.106224
70,44.9343,-0.00731941,0.994342,0.106224
70.05,44.9343,-0.00731941,0.994342,0.106224
70.1,44.9343,-0.00731941,0.994342,0.106224
70.15,44.9343,-0.00731941,0.994342,0.106224
70.2,44.9343,-0.00731941,0.994342,0.106224
70.25,44.9343,-0.00731941,0.994342,0.106224
70.3,44.9343,-0.00731941,0.994342,0.106224
70.35,44.9343,-0.00731941,0.994342,0.106224
70.4,44.9343,-0.00731941,0.994342,0.106224
70.45,44.9343,-0.00731941,0.994342,0.106224
70.5,44.9343,-0.00731941,0.994342,0.106224
70.55,44.9343,-0.00731941,0.994342,0.106224
70.6,44.9343,-0.00731941,0.994342,0.106224
70.65,44.9343,-0.00731941,0.994342,0.106224
70.7,44.9343,-0.00731941,0.994342,0.106224
70.75,44.9343,-0.00731941,0.994342,0.106224
70.8,44.9343,-0.00731941,0.994342,0.106224
70.85,44.9343,-0.00731941,0.994342,0.106224
70.9,44.9343,-0.00731941,0.994342,0.106224
70.95,44.9343,-0.00731941,0.994342,0.106224
71,44.9343,-0.00731941,0.994342,0.106224
71.05,44.9343,-0.00731941,0.994342,0.106224
71.1,44.9343,-0.00731941,0.994342,0.106224
71.15,44.9343,-0.00731941,0.994342,0.106224
71.2,44.9343,-0.00731941,0.994342,0.106224
71.25,44.9343,-0.00731941,0.994342,0.106224
71.3,44.9343,-0.00731941,0.994342,0.106224
71.35,44.9343,-0.00731941,0.994342,0.106224
71.4,44.9343,-0.00731941,0.994342,0.106224
71.45,44.9343,-0.00731941,0.994342,0.106224
71.5,44.9343,-0.00731941,0.994342,0.106224
71.55,44.9343,-0.00731941,0.994342,0.106224
71.6,44.9343,-0.00731941,0.994342,0.106224
71.65,44.9343,-0.00731941,0.994342,0.106224
71.7,44.9343,-0.00731941,0.994342,0.106224
71.75,44.9343,-0.00731941,0.994342,0.106224
71.8,44.9343,-0.00731941,0.994342,0.106224
71.85,44.9343,-0.00731941,0.994342,0.106224
71.9,44.9343,-0.00731941,0.994342,0.106224
71.95,44.9343,-0.00731941,0.994342,0.106224
72,44.9343,-0.00731941,0.994342,0.106224
72.05,44.9343,-0.00731941,0.994342,0.106224
72.1,44.9343,-0.00731941,0.994342,0.106224
72.15,44.9343,-0.00731941,0.994342,0.106224
72.2,44.9343,-0.00731941,0.994342,0.106224
72.25,44.9343,-0.00731941,0.994342,0.106224
72.3,44.9343,-0.00731941,0.994342,0.106224
72.35,44.9343,-0.00731941,0.994342,0.106224
72.4,44.9343,-0.00731941,0.994342,0.106224
72.45,44.9343,-0.00731941,0.994342,0.106224
72.5,44.9343,-0.00731941,0.994342,0.106224
72.55,44.9343,-0.00731941,0.994342,0.106224
72.6,44.9343,-0.00731941,0.994342,0.106224
72.65,44.9343,-0.00731941,0.994342,0.106224
72.7,44.9343,-0.00731941,0.994342,0.106224
72.75,44.9343,-0.00731941,0.994342,0.106224
72.8,44.9343,-0.00731941,0.994342,0.106224
72.85,44.9343,-0.00731941,0.994342,0.106224
72.9,44.9343,-0.00731941,0.994342,0.106224
72.95,44.9343,-0.00731941,0.994342,0.106224
73,44.9343,-0.00731941,0.994342,0.106224
73.05,44.9343,-0.00731941,0.994342,0.106224
73.1,44.9343,-0.00731941,0.994342,0.106224
73.15,44.9343,-0.00731941,0.994342,0.106224
73.2,44.9343,-0.00731941,0.994342,0.106224
73.25,44.9343,-0.00731941,0.994342,0.106224
73.3,44.9343,-0.00731941,0.994342,0.106224
73.35,44.9343,-0.00731941,0.994342,0.106224
73.4,44.9343,-0.00731941,0.994342,0.106224
73.45,44.9343,-0.00731941,0.994342,0.106224
73.5,44.9343,-0.00731941,0.994342,0.106224
73.55,44.9343,-0.00731941,0.994342,0.106224
73.6,44.9343,-0.00731941,0.994342,0.106224
73.65,44.9343,-0.00731941,0.994342,0.106224
73.7,44.9343,-0.00731941,0.994342,0.106224
73.75,44.9343,-0.00731941,0.994342,0.106224
73.8,44.9343,-0.00731941,0.994342,0.106224
73.85,44.9343,-0.00731941,0.994342,0.106224
73.9,44.9343,-0.00731941,0.994342,0.106224
73.95,44.9343,-0.00731941,0.994342,0.106224
74,44.9343,-0.00731941,0.994342,0.106224
74.05,44.9343,-0.00731941,0.994342,0.106224
74.1,44.9343,-0.00731941,0.994342,0.106224
74.15,44.9343,-0.00731941,0.994342,0.106224
74.2,44.9343,-0.00731941,0.994342,0.106224
74.25,44.9343,-0.00731941,0.994342,0.106224
74.3,44.9343,-0.00731941,0.994342,0.106224
74.35,44.9343,-0.00731941,0.994342,0.106224
74.4,44.9343,-0.00731941,0.994342,0.106224
74.45,44.9343,-0.00731941,0.994342,0.106224
74.5,44.9343,-0.00731941,0.994342,0.106224
74.55,44.9343,-0.00731941,0.994342,0.106224
74.6,44.9343,-0.00731941,0.994342,0.106224
74.65,44.9343,-0.00731941,0.994342,0.106224
74.7,44.9343,-0.00731941,0.994342,0.106224
74.75,44.9343,-0.00731941,0.994342,0.106224
74.8,44.9343,-0.00731941,0.994342,0.106224
74.85,44.9343,-0.00731941,0.994342,0.106224
74.9,44.9343,-0.00731941,0.994342,0.106224
74.95,44.9343,-0.00731941,0.994342,0.106224
75,44.9343,-0.00731941,0.994342,0.106224
75.05,44.9343,-0.00731941,0.994342,0.106224
75.1,44.9343,-0.00731941,0.994342,0.106224
75.15,44.9343,-0.00731941,0.994342,0.106224
75.2,44.9343,-0.00731941,0.994342,0.106224
75.25,44.9343,-0.00731941,0.994342,0.106224
75.3,44.9343,-0.00731941,0.994342,0.106224
75.35,44.9343,-0.00731941,0.994342,0.106224
75.4,44.9343,-0.00731941,0.994342,0.106224
75.45,44.9343,-0.00731941,0.994342,0.106224
75.5,44.9343,-0.00731941,0.994342,0.106224
75.55,44.9343,-0.00731941,0.994342,0.106224
75.6,44.9343,-0.00731941,0.994342,0.106224
75.65,44.9343,-0.00731941,0.994342,0.106224
75.7,44.9343,-0.00731941,0.994342,0.106224
75.75,44.9343,-0.00731941,0.994342,0.106224
75.8,44.9343,-0.00731941,0.994342,0.106224
75.85,44.9343,-0.00731941,0.994342,0.106224
75.9,44.9343,-0.00731941,0.994342,0.106224
75.95,44.9343,-0.00731941,0.994342,0.106224
76,44.9343,-0.00731941,0.994342,0.106224
76.05,44.9343,-0.00731941,0.994342,0.106224
76.1,44.9343,-0.00731941,0.994342,0.106224
76.15,44.9343,-0.00731941,0.994342,0.106224
76.2,44.9343,-0.00731941,0.994342,0.106224
76.25,44.9343,-0.00731941,0.994342,0.106224
76.3,44.9343,-0.00731941,0.994342,0.106224
76.35,44.9343,-0.00731941,0.994342,0.106224
76.4,44.9343,-0.00731941,0.994342,0.106224
76.45,44.9343,-0.00731941,0.994342,0.106224
76.5,44.9343,-0.00731941,0.994342,0.106224
76.55,44.9343,-0.00731941,0.994342,0.106224
76.6,44.9343,-0.00731941,0.994342,0.106224
76.65,44.9343,-0.00731941,0.994342,0.106224
76.7,44.9343,-0.00731941,0.994342,0.106224
76.75,44.9343,-0.00731941,0.994342,0.106224
76.8,44.9343,-0.00731941,0.994342,0.106224
76.85,44.9343,-0.00731941,0.994342,0.106224
76.9,44.9343,-0.00731941,0.994342,0.106224
76.95,44.9343,-0.00731941,0.994342,0.106224
77,44.9343,-0.00731941,0.994342,0.106224
77.05,44.9343,-0.00731941,0.994342,0.106224
77.1,44.9343,-0.00731941,0.994342,0.106224
77.15,44.9343,-0.00731941,0.994342,0.106224
77.2,44.9343,-0.00731941,0.994342,0.106224
77.25,44.9343,-0.00731941,0.994342,0.106224
77.3,44.9343,-0.00731941,0.994342,0.106224
77.35,44.9343,-0.00731941,0.994342,0.106224
77.4,44.9343,-0.00731941,0.994342,0.106224
77.45,44.9343,-0.00731941,0.994342,0.106224
77.5,44.9343,-0.00731941,0.994342,0.106224
77.55,44.9343,-0.00731941,0.994342,0.106224
77.6,44.9343,-0.00731941,0.994342,0.106224
77.65,44.9343,-0.00731941,0.994342,0.106224
77.7,44.9343,-0.00731941,0.994342,0.106224
77.75,44.9343,-0.00731941,0.994342,0.106224
77.8,44.9343,-0.00731941,0.994342,0.106224
77.85,44.9343,-0.00731941,0.994342,0.106224
77.9,44.9343,-0.00731941,0.994342,0.106224
77.95,44.9343,-0.00731941,0.994342,0.106224
78,44.9343,-0.00731941,0.994342,0.106224
78.05,44.9343,-0.00731941,0.994342,0.106224
78.1,44.9343,-0.00731941,0.994342,0.106224
78.15,44.9343,-0.00731941,0.994342,0.106224
78.2,44.9343,-0.00731941,0.994342,0.106224
78.25,44.9343,-0.00731941,0.994342,0.106224
78.3,44.9343,-0.00731941,0.994342,0.106224
78.35,44.9343,-0.00731941,0.994342,0.106224
78.4,44.9343,-0.00731941,0.994342,0.106224
78.45,44.9343,-0.00731941,0.994342,0.106224
78.5,44.9343,-0.00731941,0.994342,0.106224
78.55,44.9343,-0.00731941,0.994342,0.106224
78.6,44.9343,-0.00731941,0.994342,0.106224
78.65,44.9343,-0.00731941,0.994342,0.106224
78.7,44.9343,-0.00731941,0.994342,0.106224
78.75,44.9343,-0.00731941,0.994342,0.106224
78.8,44.9343,-0.00731941,0.994342,0.106224
78.85,44.9343,-0.00731941,0.994342,0.106224
78.9,44.9343,-0.00731941,0.994342,0.106224
78.95,44.9343,-0.00731941,0.994342,0.106224
79,44.9343,-0.00731941,0.994342,0.106224
79.05,44.9343,-0.00731941,0.994342,0.106224
79.1,44.9343,-0.00731941,0.994342,0.106224
79.15,44.9343,-0.00731941,0.994342,0.106224
79.2,44.9343,-0.00731941,0.994342,0.106224
79.25,44.9343,-0.00731941,0.994342,0.106224
79.3,44.9343,-0.00731941,0.994342,0.106224
79.35,44.9343,-0.00731941,0.994342,0.106224
79.4,44.9343,-0.00731941,0.994342,0.106224
79.45,44.9343,-0.00731941,0.994342,0.106224
79.5,44.9343,-0.00731941,0.994342,0.106224
79.55,44.9343,-0.00731941,0.994342,0.106224
79.6,44.9343,-0.00731941,0.994342,0.106224
79.65,44.9343,-0.00731941,0.994342,0.106224
79.7,44.9343,-0.00731941,0.994342,0.106224
79.75,44.9343,-0.00731941,0.994342,0.106224
79.8,44.9343,-0.00731941,0.994342,0.106224
79.85,44.9343,-0.00731941,0.994342,0.106224
79.9,44.9343,-0.00731941,0.994342,0.106224
79.95,44.9343,-0.00731941,0.994342,0.106224
80,44.9343,-0.00731941,0.994342,0.106224
80.05,44.9343,-0.00731941,0.994342,0.106224
80.1,44.9343,-0.00731941,0.994342,0.106224
80.15,44.9343,-0.00731941,0.994342,0.106224
80.2,44.9343,-0.00731941,0.994342,0.106224
80.25,44.9343,-0.00731941,0.994342,0.106224
80.3,44.9343,-0.00731941,0.994342,0.106224
80.35,44.9343,-0.00731941,0.994342,0.106224
80.4,44.9343,-0.00731941,0.994342,0.106224
80.45,44.9343,-0.00731941,0.994342,0.106224
80.5,44.9343,-0.00731941,0.994342,0.106224
80.55,44.9343,-0.00731941,0.994342,0.106224
80.6,44.9343,-0.00731941,0.994342,0.106224
80.65,44.9343,-0.00731941,0.994342,0.106224
80.7,44.9343,-0.00731941,0.994342,0.106224
80.75,44.9343,-0.00731941,0.994342,0.106224
80.8,44.9343,-0.00731941,0.994342,0.106224
80.85,44.9343,-0.00731941,0.994342,0.106224
80.9,44.9343,-0.00731941,0.994342,0.106224
80.95,44.9343,-0.00731941,0.994342,0.106224
81,44.9343,-0.00731941,0.994342,0.106224
81.05,44.9343,-0.00731941,0.994342,0.106224
81.1,44.9343,-0.00731941,0.994342,0.106224
81.15,44.9343,-0.00731941,0.994342,0.106224
81.2,44.9343,-0.00731941,0.994342,0.106224
81.25,44.9343,-0.00731941,0.994342,0.106224
81.3,44.9343,-0.00731941,0.994342,0.106224
81.35,44.9343,-0.00731941,0.994342,0.106224
81.4,44.9343,-0.00731941,0.994342,0.106224
81.45,44.9343,-0.00731941,0.994342,0.106224
81.5,44.9343,-0.00731941,0.994342,0.106224
81.55,44.9343,-0.00731941,0.994342,0.106224
81.6,44.9343,-0.00731941,0.994342,0.106224
81.65,44.9343,-0.00731941,0.994342,0.106224
81.7,44.9343,-0.00731941,0.994342,0.106224
81.75,44.9343,-0.00731941,0.994342,0.106224
81.8,44.9343,-0.00731941,0.994342,0.106224
81.85,44.9343,-0.00731941,0.994342,0.106224
81.9,44.9343,-0.00731941,0.994342,0.106224
81.95,44.9343,-0.00731941,0.994342,0.106224
82,44.9343,-0.00731941,0.994342,0.106224
82.05,44.9343,-0.00731941,0.994342,0.106224
82.1,44.9343,-0.00731941,0.994342,0.106224
82.15,44.9343,-0.00731941,0.994342,0.106224
82.2,44.9343,-0.00731941,0.994342,0.106224
82.25,44.9343,-0.00731941,0.994342,0.106224
82.3,44.9343,-0.00731941,0.994342,0.106224
82.35,44.9343,-0.00731941,0.994342,0.106224
82.4,44.9343,-0.00731941,0.994342,0.106224
82.45,44.9343,-0.00731941,0.994342,0.106224
82.5,44.9343,-0.00731941,0.994342,0.106224
82.55,44.9343,-0.00731941,0.994342,0.106224
82.6,44.9343,-0.00731941,0.994342,0.106224
82.65,44.9343,-0.00731941,0.994342,0.106224
82.7,44.9343,-0.00731941,0.994342,0.106224
82.75,44.9343,-0.00731941,0.994342,0.106224
82.8,44.9343,-0.00731941,0.994342,0.106224
82.85,44.9343,-0.00731941,0.994342,0.106224
82.9,44.9343,-0.00731941,0.994342,0.106224
82.95,44.9343,-0.00731941,0.994342,0.106224
83,44.9343,-0.00731941,0.994342,0.106224
83.05,44.9343,-0.00731941,0.994342,0.106224
83.1,44.9343,-0.00731941,0.994342,0.106224
83.15,44.9343,-0.00731941,0.994342,0.106224
83.2,44.9343,-0.00731941,0.994342,0.106224
83.25,44.9343,-0.00731941,0.994342,0.106224
83.3,44.9343,-0.00731941,0.994342,0.106224
83.35,44.9343,-0.00731941,0.994342,0.106224
83.4,44.9343,-0.00731941,0.994342,0.106224
83.45,44.9343,-0.00731941,0.994342,0.106224
83.5,44.9343,-0.00731941,0.994342,0.106224
83.55,44.9343,-0.00731941,0.994342,0.106224
83.6,44.9343,-0.00731941,0.994342,0.106224
83.65,44.9343,-0.00731941,0.994342,0.106224
83.7,44.9343,-0.00731941,0.994342,0.106224
83.75,44.9343,-0.00731941,0.994342,0.106224
83.8,44.9343,-0.00731941,0.994342,0.106224
83.85,44.9343,-0.00731941,0.994342,0.106224
83.9,44.9343,-0.00731941,0.994342,0.106224
83.95,44.9343,-0.00731941,0.994342,0.106224
84,44.9343,-0.00731941,0.994342,0.106224
84.05,44.9343,-0.00731941,0.994342,0.106224
84.1,44.9343,-0.00731941,0.994342,0.106224
84.15,44.9343,-0.00731941,0.994342,0.106224
84.2,44.9343,-0.00731941,0.994342,0.106224
84.25,44.9343,-0.00731941,0.994342,0.106224
84.3,44.9343,-0.00731941,0.994342,0.106224
84.35,44.9343,-0.00731941,0.994342,0.106224
84.4,44.9343,-0.00731941,0.994342,0.106224
84.45,44.9343,-0.00731941,0.994342,0.106224
84.5,44.9343,-0.00731941,0.994342,0.106224
84.55,44.9343,-0.00731941,0.994342,0.106224
84.6,44.9343,-0.00731941,0.994342,0.106224
84.65,44.9343,-0.00731941,0.994342,0.106224
84.7,44.9343,-0.00731941,0.994342,0.106224
84.75,44.9343,-0.00731941,0.994342,0.106224
84.8,44.9343,-0.00731941,0.994342,0.106224
84.85,44.9343,-0.00731941,0.994342,0.106224
84.9,44.9343,-0.00731941,0.994342,0.106224
84.95,44.9343,-0.00731941,0.994342,0.106224
85,44.9343,-0.00731941,0.994342,0.106224
85.05,44.9343,-0.00731941,0.994342,0.106224
85.1,44.9343,-0.00731941,0.994342,0.106224
85.15,44.9343,-0.00731941,0.994342,0.106224
85.2,44.9343,-0.00731941,0.994342,0.106224
85.25,44.9343,-0.00731941,0.994342,0.106224
85.3,44.9343,-0.00731941,0.994342,0.106224
85.35,44.9343,-0.00731941,0.994342,0.106224
85.4,44.9343,-0.00731941,0.994342,0.106224
85.45,44.9343,-0.00731941,0.994342,0.106224
85.5,44.9343,-0.00731941,0.994342,0.106224
85.55,44.9343,-0.00731941,0.994342,0.106224
85.6,44.9343,-0.00731941,0.994342,0.106224
85.65,44.9343,-0.00731941,0.994342,0.106224
85.7,44.9343,-0.00731941,0.994342,0.106224
85.75,44.9343,-0.00731941,0.994342,0.106224
85.8,44.9343,-0.00731941,0.994342,0.106224
85.85,44.9343,-0.00731941,0.994342,0.106224
85.9,44.9343,-0.00731941,0.994342,0.106224
85.95,44.9343,-0.00731941,0.994342,0.106224
86,44.9343,-0.00731941,0.994342,0.106224
86.05,44.9343,-0.00731941,0.994342,0.106224
86.1,44.9343,-0.00731941,0.994342,0.106224
86.15,44.9343,-0.00731941,0.994342,0.106224
86.2,44.9343,-0.00731941,0.994342,0.106224
86.25,44.9343,-0.00731941,0.994342,0.106224
86.3,44.9343,-0.00731941,0.994342,0.106224
86.35,44.9343,-0.00731941,0.994342,0.106224
86.4,44.9343,-0.00731941,0.994342,0.106224
86.45,44.9343,-0.00731941,0.994342,0.106224
86.5,44.9343,-0.00731941,0.994342,0.106224
86.55,44.9343,-0.00731941,0.994342,0.106224
86.6,44.9343,-0.00731941,0.994342,0.106224
86.65,44.9343,-0.00731941,0.994342,0.106224
86.7,44.9343,-0.00731941,0.994342,0.106224
86.75,44.9343,-0.00731941,0.994342,0.106224
86.8,44.9343,-0.00731941,0.994342,0.106224
86.85,44.9343,-0.00731941,0.994342,0.106224
86.9,44.9343,-0.00731941,0.994342,0.106224
86.95,44.9343,-0.00731941,0.994342,0.106224
87,44.9343,-0.00731941,0.994342,0.106224
87.05,44.9343,-0.00731941,0.994342,0.106224
87.1,44.9343,-0.00731941,0.994342,0.106224
87.15,44.9343,-0.00731941,0.994342,0.106224
87.2,44.9343,-0.00731941,0.994342,0.106224
87.25,44.9343,-0.00731941,0.994342,0.106224
87.3,44.9343,-0.00731941,0.994342,0.106224
87.35,44.9343,-0.00731941,0.994342,0.106224
87.4,44.9343,-0.00731941,0.994342,0.106224
87.45,44.9343,-0.00731941,0.994342,0.106224
87.5,44.9343,-0.00731941,0.994342,0.106224
87.55,44.9343,-0.00731941,0.994342,0.106224
87.6,44.9343,-0.00731941,0.994342,0.106224
87.65,44.9343,-0.00731941,0.994342,0.106224
87.7,44.9343,-0.00731941,0.994342,0.106224
87.75,44.9343,-0.00731941,0.994342,0.106224
87.8,44.9343,-0.00731941,0.994342,0.106224
87.85,44.9343,-0.00731941,0.994342,0.106224
87.9,44.9343,-0.00731941,0.994342,0.106224
87.95,44.9343,-0.00731941,0.994342,0.106224
88,44.9343,-0.00731941,0.994342,0.106224
88.05,44.9343,-0.00731941,0.994342,0.106224
88.1,44.9343,-0.00731941,0.994342,0.106224
88.15,44.9343,-0.00731941,0.994342,0.106224
88.2,44.9343,-0.00731941,0.994342,0.106224
88.25,44.9343,-0.00731941,0.994342,0.106224
88.3,44.9343,-0.00731941,0.994342,0.106224
88.35,44.9343,-0.00731941,0.994342,0.106224
88.4,44.9343,-0.00731941,0.994342,0.106224
88.45,44.9343,-0.00731941,0.994342,0.106224
88.5,44.9343,-0.00731941,0.994342,0.106224
88.55,44.9343,-0.00731941,0.994342,0.106224
88.6,44.9343,-0.00731941,0.994342,0.106224
88.65,44.9343,-0.00731941,0.994342,0.106224
88.7,44.9343,-0.00731941,0.994342,0.106224
88.75,44.9343,-0.00731941,0.994342,0.106224
88.8,44.9343,-0.00731941,0.994342,0.106224
88.85,44.9343,-0.00731941,0.994342,0.106224
88.9,44.9343,-0.00731941,0.994342,0.106224
88.95,44.9343,-0.00731941,0.994342,0.106224
89,44.9343,-0.00731941,0.994342,0.106224
89.05,44.9343,-0.00731941,0.994342,0.106224
89.1,44.9343,-0.00731941,0.994342,0.106224
89.15,44.9343,-0.00731941,0.994342,0.106224
89.2,44.9343,-0.00731941,0.994342,0.106224
89.25,44.9343,-0.00731941,0.994342,0.106224
89.3,44.9343,-0.00731941,0.994342,0.106224
89.35,44.9343,-0.00731941,0.994342,0.106224
89.4,44.9343,-0.00731941,0.994342,0.106224
89.45,44.9343,-0.00731941,0.994342,0.106224
89.5,44.9343,-0.00731941,0.994342,0.106224
89.55,44.9343,-0.00731941,0.994342,0.106224
89.6,44.9343,-0.00731941,0.994342,0.106224
89.65,44.9343,-0.00731941,0.994342,0.106224
89.7,44.9343,-0.00731941,0.994342,0.106224
89.75,44.9343,-0.00731941,0.994342,0.106224
89.8,44.9343,-0.00731941,0.994342,0.106224
89.85,44.9343,-0.00731941,0.994342,0.106224
89.9,44.9343,-0.00731941,0.994342,0.106224
89.95,44.9343,-0.00731941,0.994342,0.106224
90,44.9343,-0.00731941,0.994342,0.106224
90.05,44.9343,-0.00731941,0.994342,0.106224
90.1,44.9343,-0.00731941,0.994342,0.106224
90.15,44.9343,-0.00731941,0.994342,0.106224
90.2,44.9343,-0.00731941,0.994342,0.106224
90.25,44.9343,-0.00731941,0.994342,0.106224
90.3,44.9343,-0.00731941,0.994342,0.106224
90.35,44.9343,-0.00731941,0.994342,0.106224
90.4,44.9343,-0.00731941,0.994342,0.106224
90.45,44.9343,-0.00731941,0.994342,0.106224
90.5,44.9343,-0.00731941,0.994342,0.106224
90.55,44.9343,-0.00731941,0.994342,0.106224
90.6,44.9343,-0.00731941,0.994342,0.106224
90.65,44.9343,-0.00731941,0.994342,0.106224
90.7,44.9343,-0.00731941,0.994342,0.106224
90.75,44.9343,-0.00731941,0.994342,0.106224
90.8,44.9343,-0.00731941,0.994342,0.106224
90.85,44.9343,-0.00731941,0.994342,0.106224
90.9,44.9343,-0.00731941,0.994342,0.106224
90.95,44.9343,-0.00731941,0.994342,0.106224
91,44.9343,-0.00731941,0.994342,0.106224
91.05,44.9343,-0.00731941,0.994342,0.106224
91.1,44.9343,-0.00731941,0.994342,0.106224
91.15,44.9343,-0.00731941,0.994342,0.106224
91.2,44.9343,-0.00731941,0.994342,0.106224
91.25,44.9343,-0.00731941,0.994342,0.106224
91.3,44.9343,-0.00731941,0.994342,0.106224
91.35,44.9343,-0.00731941,0.994342,0.106224
91.4,44.9343,-0.00731941,0.994342,0.106224
91.45,44.9343,-0.00731941,0.994342,0.106224
91.5,44.9343,-0.00731941,0.994342,0.106224
91.55,44.9343,-0.00731941,0.994342,0.106224
91.6,44.9343,-0.00731941,0.994342,0.106224
91.65,44.9343,-0.00731941,0.994342,0.106224
91.7,44.9343,-0.00731941,0.994342,0.106224
91.75,44.9343,-0.00731941,0.994342,0.106224
91.8,44.9343,-0.00731941,0.994342,0.106224
91.85,44.9343,-0.00731941,0.994342,0.106224
91.9,44.9343,-0.00731941,0.994342,0.106224
91.95,44.9343,-0.00731941,0.994342,0.106224
92,44.9343,-0.00731941,0.994342,0.106224
92.05,44.9343,-0.00731941,0.994342,0.106224
92.1,44.9343,-0.00731941,0.994342,0.106224
92.15,44.9343,-0.00731941,0.994342,0.106224
92.2,44.9343,-0.00731941,0.994342,0.106224
92.25,44.9343,-0.00731941,0.994342,0.106224
92.3,44.9343,-0.00731941,0.994342,0.106224
92.35,44.9343,-0.00731941,0.994342,0.106224
92.4,44.9343,-0.00731941,0.994342,0.106224
92.45,44.9343,-0.00731941,0.994342,0.106224
92.5,44.9343,-0.00731941,0.994342,0.106224
92.55,44.9343,-0.00731941,0.994342,0.106224
92.6,44.9343,-0.00731941,0.994342,0.106224
92.65,44.9343,-0.00731941,0.994342,0.106224
92.7,44.9343,-0.00731941,0.994342,0.106224
92.75,44.9343,-0.00731941,0.994342,0.106224
92.8,44.9343,-0.00731941,0.994342,0.106224
92.85,44.9343,-0.00731941,0.994342,0.106224
92.9,44.9343,-0.00731941,0.994342,0.106224
92.95,44.9343,-0.00731941,0.994342,0.106224
93,44.9343,-0.00731941,0.994342,0.106224
93.05,44.9343,-0.00731941,0.994342,0.106224
93.1,44.9343,-0.00731941,0.994342,0.106224
93.15,44.9343,-0.00731941,0.994342,0.106224
93.2,44.9343,-0.00731941,0.994342,0.106224
93.25,44.9343,-0.00731941,0.994342,0.106224
93.3,44.9343,-0.00731941,0.994342,0.106224
93.35,44.9343,-0.00731941,0.994342,0.106224
93.4,44.9343,-0.00731941,0.994342,0.106224
93.45,44.9343,-0.00731941,0.994342,0.106224
93.5,44.9343,-0.00731941,0.994342,0.106224
93.55,44.9343,-0.00731941,0.994342,0.106224
93.6,44.9343,-0.00731941,0.994342,0.106224
93.65,44.9343,-0.00731941,0.994342,0.106224
93.7,44.9343,-0.00731941,0.994342,0.106224
93.75,44.9343,-0.00731941,0.994342,0.106224
93.8,44.9343,-0.00731941,0.994342,0.106224
93.85,44.9343,-0.00731941,0.994342,0.106224
93.9,44.9343,-0.00731941,0.994342,0.106224
93.95,44.9343,-0.00731941,0.994342,0.106224
94,44.9343,-0.00731941,0.994342,0.106224
94.05,44.9343,-0.00731941,0.994342,0.106224
94.1,44.9343,-0.00731941,0.994342,0.106224
94.15,44.9343,-0.00731941,0.994342,0.106224
94.2,44.9343,-0.00731941,0.994342,0.106224
94.25,44.9343,-0.00731941,0.994342,0.106224
94.3,44.9343,-0.00731941,0.994342,0.106224
94.35,44.9343,-0.00731941,0.994342,0.106224
94.4,44.9343,-0.00731941,0.994342,0.106224
94.45,44.9343,-0.00731941,0.994342,0.106224
94.5,44.9343,-0.00731941,0.994342,0.106224
94.55,44.9343,-0.00731941,0.994342,0.106224
94.6,44.9343,-0.00731941,0.994342,0.106224
94.65,44.9343,-0.00731941,0.994342,0.106224
94.7,44.9343,-0.00731941,0.994342,0.106224
94.75,44.9343,-0.00731941,0.994342,0.106224
94.8,44.9343,-0.00731941,0.994342,0.106224
94.85,44.9343,-0.00731941,0.994342,0.106224
94.9,44.9343,-0.00731941,0.994342,0.106224
94.95,44.9343,-0.00731941,0.994342,0.106224
95,44.9343,-0.00731941,0.994342,0.106224
95.05,44.9343,-0.00731941,0.994342,0.106224
95.1,44.9343,-0.00731941,0.994342,0.106224
95.15,44.9343,-0.00731941,0.994342,0.106224
95.2,44.9343,-0.00731941,0.994342,0.106224
95.25,44.9343,-0.00731941,0.994342,0.106224
95.3,44.9343,-0.00731941,0.994342,0.106224
95.35,44.9343,-0.00731941,0.994342,0.106224
95.4,44.9343,-0.00731941,0.994342,0.106224
95.45,44.9343,-0.00731941,0.994342,0.106224
95.5,44.9343,-0.00731941,0.994342,0.106224
95.55,44.9343,-0.00731941,0.994342,0.106224
95.6,44.9343,-0.00731941,0.994342,0.106224
95.65,44.9343,-0.00731941,0.994342,0.106224
95.7,44.9343,-0.00731941,0.994342,0.106224
95.75,44.9343,-0.00731941,0.994342,0.106224
95.8,44.9343,-0.00731941,0.994342,0.106224
95.85,44.9343,-0.00731941,0.994342,0.106224
95.9,44.9343,-0.00731941,0.994342,0.106224
95.95,44.9343,-0.00731941,0.994342,0.106224
96,44.9343,-0.00731941,0.994342,0.106224
96.05,44.9343,-0.00731941,0.994342,0.106224
96.1,44.9343,-0.00731941,0.994342,0.106224
96.15,44.9343,-0.00731941,0.994342,0.106224
96.2,44.9343,-0.00731941,0.994342,0.106224
96.25,44.9343,-0.00731941,0.994342,0.106224
96.3,44.9343,-0.00731941,0.994342,0.106224
96.35,44.9343,-0.00731941,0.994342,0.106224
96.4,44.9343,-0.00731941,0.994342,0.106224
96.45,44.9343,-0.00731941,0.994342,0.106224
96.5,44.9343,-0.00731941,0.994342,0.106224
96.55,44.9343,-0.00731941,0.994342,0.106224
96.6,44.9343,-0.00731941,0.994342,0.106224
96.65,44.9343,-0.00731941,0.994342,0.106224
96.7,44.9343,-0.00731941,0.994342,0.106224
96.75,44.9343,-0.00731941,0.994342,0.106224
96.8,44.9343,-0.00731941,0.994342,0.106224
96.85,44.9343,-0.00731941,0.994342,0.106224
96.9,44.9343,-0.00731941,0.994342,0.106224
96.95,44.9343,-0.00731941,0.994342,0.106224
97,44.9343,-0.00731941,0.994342,0.106224
97.05,44.9343,-0.00731941,0.994342,0.106224
97.1,44.9343,-0.00731941,0.994342,0.106224
97.15,44.9343,-0.00731941,0.994342,0.106224
97.2,44.9343,-0.00731941,0.994342,0.106224
97.25,44.9343,-0.00731941,0.994342,0.106224
97.3,44.9343,-0.00731941,0.994342,0.106224
97.35,44.9343,-0.00731941,0.994342,0.106224
97.4,44.9343,-0.00731941,0.994342,0.106224
97.45,44.9343,-0.00731941,0.994342,0.106224
97.5,44.9343,-0.00731941,0.994342,0.106224
97.55,44.9343,-0.00731941,0.994342,0.106224
97.6,44.9343,-0.00731941,0.994342,0.106224
97.65,44.9343,-0.00731941,0.994342,0.106224
97.7,44.9343,-0.00731941,0.994342,0.106224
97.75,44.9343,-0.00731941,0.994342,0.106224
97.8,44.9343,-0.00731941,0.994342,0.106224
97.85,44.9343,-0.00731941,0.994342,0.106224
97.9,44.9343,-0.00731941,0.994342,0.106224
97.95,44.9343,-0.00731941,0.994342,0.106224
98,44.9343,-0.00731941,0.994342,0.106224
98.05,44.9343,-0.00731941,0.994342,0.106224
98.1,44.9343,-0.00731941,0.994342,0.106224
98.15,44.9343,-0.00731941,0.994342,0.106224
98.2,44.9343,-0.00731941,0.994342,0.106224
98.25,44.9343,-0.00731941,0.994342,0.106224
98.3,44.9343,-0.00731941,0.994342,0.106224
98.35,44.9343,-0.00731941,0.994342,0.106224
98.4,44.9343,-0.00731941,0.994342,0.106224
98.45,44.9343,-0.00731941,0.994342,0.106224
98.5,44.9343,-0.00731941,0.994342,0.106224
98.55,44.9343,-0.00731941,0.994342,0.106224
98.6,44.9343,-0.00731941,0.994342,0.106224
98.65,44.9343,-0.00731941,0.994342,0.106224
98.7,44.9343,-0.00731941,0.994342,0.106224
98.75,44.9343,-0.00731941,0.994342,0.106224
98.8,44.9343,-0.00731941,0.994342,0.106224
98.85,44.9343,-0.00731941,0.994342,0.106224
98.9,44.9343,-0.00731941,0.994342,0.106224
98.95,44.9343,-0.00731941,0.994342,0.106224
99,44.9343,-0.00731941,0.994342,0.106224
99.05,44.9343,-0.00731941,0.994342,0.106224
99.1,44.9343,-0.00731941,0.994342,0.106224
99.15,44.9343,-0.00731941,0.994342,0.106224
99.2,44.9343,-0.00731941,0.994342,0.106224
99.25,44.9343,-0.00731941,0.994342,0.106224
99.3,44.9343,-0.00731941,0.994342,0.106224
99.35,44.9343,-0.00731941,0.994342,0.106224
99.4,44.9343,-0.00731941,0.994342,0.106224
99.45,44.9343,-0.00731941,0.994342,0.106224
99.5,44.9343,-0.00731941,0.994342,0.106224
99.55,44.9343,-0.00731941,0.994342,0.106224
99.6,44.9343,-0.00731941,0.994342,0.106224
99.65,44.9343,-0.00731941,0.994342,0.106224
99.7,44.9343,-0.00731941,0.994342,0.106224
99.75,44.9343,-0.00731941,0.994342,0.106224
99.8,44.9343,-0.00731941,0.994342,0.106224
99.85,44.9343,-0.00731941,0.994342,0.106224
99.9,44.9343,-0.00731941,0.994342,0.106224
99.95,44.9343,-0.00731941,0.994342,0.106224
100,44.9343,-0.00731941,0.994342,0.106224
100.05,44.9343,-0.00731941,0.994342,0.106224
100.1,44.9343,-0.00731941,0.994342,0.106224
100.15,44.9343,-0.00731941,0.994342,0.106224
100.2,44.9343,-0.00731941,0.994342,0.106224
100.25,44.9343,-0.00731941,0.994342,0.106224
100.3,44.9343,-0.00731941,0.994342,0.106224
100.35,44.9343,-0.00731941,0.994342,0.106224
100.4,44.9343,-0.00731941,0.994342,0.106224
100.45,44.9343,-0.00731941,0.994342,0.106224
100.5,44.9343,-0.00731941,0.994342,0.106224
100.55,44.9343,-0.00731941,0.994342,0.106224
100.6,44.9343,-0.00731941,0.994342,0.106224
100.65,44.9343,-0.00731941,0.994342,0.106224
100.7,44.9343,-0.00731941,0.994342,0.106224
100.75,44.9343,-0.00731941,0.994342,0.106224
100.8,44.9343,-0.00731941,0.994342,0.106224
100.85,44.9343,-0.00731941,0.994342,0.106224
100.9,44.9343,-0.00731941,0.994342,0.106224
100.95,44.9343,-0.00731941,0.994342,0.106224
101,44.9343,-0.00731941,0.994342,0.106224
101.05,44.9343,-0.00731941,0.994342,0.106224
101.1,44.9343,-0.00731941,0.994342,0.106224
101.15,44.9343,-0.00731941,0.994342,0.106224
101.2,44.9343,-0.00731941,0.994342,0.106224
101.25,44.9343,-0.00731941,0.994342,0.106224
101.3,44.9343,-0.00731941,0.994342,0.106224
101.35,44.9343,-0.00731941,0.994342,0.106224
101.4,44.9343,-0.00731941,0.994342,0.106224
101.45,44.9343,-0.00731941,0.994342,0.106224
101.5,44.9343,-0.00731941,0.994342,0.106224
101.55,44.9343,-0.00731941,0.994342,0.106224
101.6,44.9343,-0.00731941,0.994342,0.106224
101.65,44.9343,-0.00731941,0.994342,0.106224
101.7,44.9343,-0.00731941,0.994342,0.106224
101.75,44.9343,-0.00731941,0.994342,0.106224
101.8,44.9343,-0.00731941,0.994342,0.106224
101.85,44.9343,-0.00731941,0.994342,0.106224
101.9,44.9343,-0.00731941,0.994342,0.106224
101.95,44.9343,-0.00731941,0.994342,0.106224
102,44.9343,-0.00731941,0.994342,0.106224
102.05,44.9343,-0.00731941,0.994342,0.106224
102.1,44.9343,-0.00731941,0.994342,0.106224
102.15,44.9343,-0.00731941,0.994342,0.106224
102.2,44.9343,-0.00731941,0.994342,0.106224
102.25,44.9343,-0.00731941,0.994342,0.106224
102.3,44.9343,-0.00731941,0.994342,0.106224
102.35,44.9343,-0.00731941,0.994342,0.106224
102.4,44.9343,-0.00731941,0.994342,0.106224
102.45,44.9343,-0.00731941,0.994342,0.106224
102.5,44.9343,-0.00731941,0.994342,0.106224
102.55,44.9343,-0.00731941,0.994342,0.106224
102.6,44.9343,-0.00731941,0.994342,0.106224
102.65,44.9343,-0.00731941,0.994342,0.106224
102.7,44.9343,-0.00731941,0.994342,0.106224
102.75,44.9343,-0.00731941,0.994342,0.106224
102.8,44.9343,-0.00731941,0.994342,0.106224
102.85,44.9343,-0.00731941,0.994342,0.106224
102.9,44.9343,-0.00731941,0.994342,0.106224
102.95,44.9343,-0.00731941,0.994342,0.106224
103,44.9343,-0.00731941,0.994342,0.106224
103.05,44.9343,-0.00731941,0.994342,0.106224
103.1,44.9343,-0.00731941,0.994342,0.106224
103.15,44.9343,-0.00731941,0.994342,0.106224
103.2,44.9343,-0.00731941,0.994342,0.106224
103.25,44.9343,-0.00731941,0.994342,0.106224
103.3,44.9343,-0.00731941,0.994342,0.106224
103.35,44.9343,-0.00731941,0.994342,0.106224
103.4,44.9343,-0.00731941,0.994342,0.106224
103.45,44.9343,-0.00731941,0.994342,0.106224
103.5,44.9343,-0.00731941,0.994342,0.106224
103.55,44.9343,-0.00731941,0.994342,0.106224
103.6,44.9343,-0.00731941,0.994342,0.106224
103.65,44.9343,-0.00731941,0.994342,0.106224
103.7,44.9343,-0.00731941,0.994342,0.106224
103.75,44.9343,-0.00731941,0.994342,0.106224
103.8,44.9343,-0.00731941,0.994342,0.106224
103.85,44.9343,-0.00731941,0.994342,0.106224
103.9,44.9343,-0.00731941,0.994342,0.106224
103.95,44.9343,-0.00731941,0.994342,0.106224
104,44.9343,-0.00731941,0.994342,0.106224
104.05,44.9343,-0.00731941,0.994342,0.106224
104.1,44.9343,-0.00731941,0.994342,0.106224
104.15,44.9343,-0.00731941,0.994342,0.106224
104.2,44.9343,-0.00731941,0.994342,0.106224
104.25,44.9343,-0.00731941,0.994342,0.106224
104.3,44.9343,-0.00731941,0.994342,0.106224
104.35,44.9343,-0.00731941,0.994342,0.106224
104.4,44.9343,-0.00731941,0.994342,0.106224
104.45,44.9343,-0.00731941,0.994342,0.106224
104.5,44.9343,-0.00731941,0.994342,0.106224
104.55,44.9343,-0.00731941,0.994342,0.106224
104.6,44.9343,-0.00731941,0.994342,0.106224
104.65,44.9343,-0.00731941,0.994342,0.106224
104.7,44.9343,-0.00731941,0.994342,0.106224
104.75,44.9343,-0.00731941,0.994342,0.106224
104.8,44.9343,-0.00731941,0.994342,0.106224
104.85,44.9343,-0.00731941,0.994342,0.106224
104.9,44.9343,-0.00731941,0.994342,0.106224
104.95,44.9343,-0.00731941,0.994342,0.106224
105,44.9343,-0.00731941,0.994342,0.106224
105.05,44.9343,-0.00731941,0.994342,0.106224
105.1,44.9343,-0.00731941,0.994342,0.106224
105.15,44.9343,-0.00731941,0.994342,0.106224
105.2,44.9343,-0.00731941,0.994342,0.106224
105.25,44.9343,-0.00731941,0.994342,0.106224
105.3,44.9343,-0.00731941,0.994342,0.106224
105.35,44.9343,-0.00731941,0.994342,0.106224
105.4,44.9343,-0.00731941,0.994342,0.106224
105.45,44.9343,-0.00731941,0.994342,0.106224
105.5,44.9343,-0.00731941,0.994342,0.106224
105.55,44.9343,-0.00731941,0.994342,0.106224
105.6,44.9343,-0.00731941,0.994342,0.106224
105.65,44.9343,-0.00731941,0.994342,0.106224
105.7,44.9343,-0.00731941,0.994342,0.106224
105.75,44.9343,-0.00731941,0.994342,0.106224
105.8,44.9343,-0.00731941,0.994342,0.106224
105.85,44.9343,-0.00731941,0.994342,0.106224
105.9,44.9343,-0.00731941,0.994342,0.106224
105.95,44.9343,-0.00731941,0.994342,0.106224
106,44.9343,-0.00731941,0.994342,0.106224
106.05,44.9343,-0.00731941,0.994342,0.106224
106.1,44.9343,-0.00731941,0.994342,0.106224
106.15,44.9343,-0.00731941,0.994342,0.106224
106.2,44.9343,-0.00731941,0.994342,0.106224
106.25,44.9343,-0.00731941,0.994342,0.106224
106.3,44.9343,-0.00731941,0.994342,0.106224
106.35,44.9343,-0.00731941,0.994342,0.106224
106.4,44.9343,-0.00731941,0.994342,0.106224
106.45,44.9343,-0.00731941,0.994342,0.106224
106.5,44.9343,-0.00731941,0.994342,0.106224
106.55,44.9343,-0.00731941,0.994342,0.106224
106.6,44.9343,-0.00731941,0.994342,0.106224
106.65,44.9343,-0.00731941,0.994342,0.106224
106.7,44.9343,-0.00731941,0.994342,0.106224
106.75,44.9343,-0.00731941,0.994342,0.106224
106.8,44.9343,-0.00731941,0.994342,0.106224
106.85,44.9343,-0.00731941,0.994342,0.106224
106.9,44.9343,-0.00731941,0.994342,0.106224
106.95,44.9343,-0.00731941,0.994342,0.106224
107,44.9343,-0.00731941,0.994342,0.106224
107.05,44.9343,-0.00731941,0.994342,0.106224
107.1,44.9343,-0.00731941,0.994342,0.106224
107.15,44.9343,-0.00731941,0.994342,0.106224
107.2,44.9343,-0.00731941,0.994342,0.106224
107.25,44.9343,-0.00731941,0.994342,0.106224
107.3,44.9343,-0.00731941,0.994342,0.106224
107.35,44.9343,-0.00731941,0.994342,0.106224
107.4,44.9343,-0.00731941,0.994342,0.106224
107.45,44.9343,-0.00731941,0.994342,0.106224
107.5,44.9343,-0.00731941,0.994342,0.106224
107.55,44.9343,-0.00731941,0.994342,0.106224
107.6,44.9343,-0.00731941,0.994342,0.106224
107.65,44.9343,-0.00731941,0.994342,0.106224
107.7,44.9343,-0.00731941,0.994342,0.106224
107.75,44.9343,-0.00731941,0.994342,0.106224
107.8,44.9343,-0.00731941,0.994342,0.106224
107.85,44.9343,-0.00731941,0.994342,0.106224
107.9,44.9343,-0.00731941,0.994342,0.106224
107.95,44.9343,-0.00731941,0.994342,0.106224
108,44.9343,-0.00731941,0.994342,0.106224
108.05,44.9343,-0.00731941,0.994342,0.106224
108.1,44.9343,-0.00731941,0.994342,0.106224
108.15,44.9343,-0.00731941,0.994342,0.106224
108.2,44.9343,-0.00731941,0.994342,0.106224
108.25,44.9343,-0.00731941,0.994342,0.106224
108.3,44.9343,-0.00731941,0.994342,0.106224
108.35,44.9343,-0.00731941,0.994342,0.106224
108.4,44.9343,-0.00731941,0.994342,0.106224
108.45,44.9343,-0.00731941,0.994342,0.106224
108.5,44.9343,-0.00731941,0.994342,0.106224
108.55,44.9343,-0.00731941,0.994342,0.106224
108.6,44.9343,-0.00731941,0.994342,0.106224
108.65,44.9343,-0.00731941,0.994342,0.106224
108.7,44.9343,-0.00731941,0.994342,0.106224
108.75,44.9343,-0.00731941,0.994342,0.106224
108.8,44.9343,-0.00731941,0.994342,0.106224
108.85,44.9343,-0.00731941,0.994342,0.106224
108.9,44.9343,-0.00731941,0.994342,0.106224
108.95,44.9343,-0.00731941,0.994342,0.106224
109,44.9343,-0.00731941,0.994342,0.106224
109.05,44.9343,-0.00731941,0.994342,0.106224
109.1,44.9343,-0.00731941,0.994342,0.106224
109.15,44.9343,-0.00731941,0.994342,0.106224
109.2,44.9343,-0.00731941,0.994342,0.106224
109.25,44.9343,-0.00731941,0.994342,0.106224
109.3,44.9343,-0.00731941,0.994342,0.106224
109.35,44.9343,-0.00731941,0.994342,0.106224
109.4,44.9343,-0.00731941,0.994342,0.106224
109.45,44.9343,-0.00731941,0.994342,0.106224
109.5,44.9343,-0.00731941,0.994342,0.106224
109.55,44.9343,-0.00731941,0.994342,0.106224
109.6,44.9343,-0.00731941,0.994342,0.106224
109.65,44.9343,-0.00731941,0.994342,0.106224
109.7,44.9343,-0.00731941,0.994342,0.106224
109.75,44.9343,-0.00731941,0.994342,0.106224
109.8,44.9343,-0.00731941,0.994342,0.106224
109.85,44.9343,-0.00731941,0.994342,0.106224
109.9,44.9343,-0.00731941,0.994342,0.106224
109.95,44.9343,-0.00731941,0.994342,0.106224
110,44.9343,-0.00731941,0.994342,0.106224
110.05,44.9343,-0.00731941,0.994342,0.106224
110.1,44.9343,-0.00731941,0.994342,0.106224
110.15,44.9343,-0.00731941,0.994342,0.106224
110.2,44.9343,-0.00731941,0.994342,0.106224
110.25,44.9343,-0.00731941,0.994342,0.106224
110.3,44.9343,-0.00731941,0.994342,0.106224
110.35,44.9343,-0.00731941,0.994342,0.106224
110.4,44.9343,-0.00731941,0.994342,0.106224
110.45,44.9343,-0.00731941,0.994342,0.106224
110.5,44.9343,-0.00731941,0.994342,0.106224
110.55,44.9343,-0.00731941,0.994342,0.106224
110.6,44.9343,-0.00731941,0.994342,0.106224
110.65,44.9343,-0.00731941,0.994342,0.106224
110.7,44.9343,-0.00731941,0.994342,0.106224
110.75,44.9343,-0.00731941,0.994342,0.106224
110.8,44.9343,-0.00731941,0.994342,0.106224
110.85,44.9343,-0.00731941,0.994342,0.106224
110.9,44.9343,-0.00731941,0.994342,0.106224
110.95,44.9343,-0.00731941,0.994342,0.106224
111,44.9343,-0.00731941,0.994342,0.106224
111.05,44.9343,-0.00731941,0.994342,0.106224
111.1,44.9343,-0.00731941,0.994342,0.106224
111.15,44.9343,-0.00731941,0.994342,0.106224
111.2,44.9343,-0.00731941,0.994342,0.106224
111.25,44.9343,-0.00731941,0.994342,0.106224
111.3,44.9343,-0.00731941,0.994342,0.106224
111.35,44.9343,-0.00731941,0.994342,0.106224
111.4,44.9343,-0.00731941,0.994342,0.106224
111.45,44.9343,-0.00731941,0.994342,0.106224
111.5,44.9343,-0.00731941,0.994342,0.106224
111.55,44.9343,-0.00731941,0.994342,0.106224
111.6,44.9343,-0.00731941,0.994342,0.106224
111.65,44.9343,-0.00731941,0.994342,0.106224
111.7,44.9343,-0.00731941,0.994342,0.106224
111.75,44.9343,-0.00731941,0.994342,0.106224
111.8,44.9343,-0.00731941,0.994342,0.106224
111.85,44.9343,-0.00731941,0.994342,0.106224
111.9,44.9343,-0.00731941,0.994342,0.106224
111.95,44.9343,-0.00731941,0.994342,0.106224
112,44.9343,-0.00731941,0.994342,0.106224
112.05,44.9343,-0.00731941,0.994342,0.106224
112.1,44.9343,-0.00731941,0.994342,0.106224
112.15,44.9343,-0.00731941,0.994342,0.106224
112.2,44.9343,-0.00731941,0.994342,0.106224
112.25,44.9343,-0.00731941,0.994342,0.106224
112.3,44.9343,-0.00731941,0.994342,0.106224
112.35,44.9343,-0.00731941,0.994342,0.106224
112.4,44.9343,-0.00731941,0.994342,0.106224
112.45,44.9343,-0.00731941,0.994342,0.106224
112.5,44.9343,-0.00731941,0.994342,0.106224
112.55,44.9343,-0.00731941,0.994342,0.106224
112.6,44.9343,-0.00731941,0.994342,0.106224
112.65,44.9343,-0.00731941,0.994342,0.106224
112.7,44.9343,-0.00731941,0.994342,0.106224
112.75,44.9343,-0.00731941,0.994342,0.106224
112.8,44.9343,-0.00731941,0.994342,0.106224
112.85,44.9343,-0.00731941,0.994342,0.106224
112.9,44.9343,-0.00731941,0.994342,0.106224
112.95,44.9343,-0.00731941,0.994342,0.106224
113,44.9343,-0.00731941,0.994342,0.106224
113.05,44.9343,-0.00731941,0.994342,0.106224
113.1,44.9343,-0.00731941,0.994342,0.106224
113.15,44.9343,-0.00731941,0.994342,0.106224
113.2,44.9343,-0.00731941,0.994342,0.106224
113.25,44.9343,-0.00731941,0.994342,0.106224
113.3,44.9343,-0.00731941,0.994342,0.106224
113.35,44.9343,-0.00731941,0.994342,0.106224
113.4,44.9343,-0.00731941,0.994342,0.106224
113.45,44.9343,-0.00731941,0.994342,0.106224
113.5,44.9343,-0.00731941,0.994342,0.106224
113.55,44.9343,-0.00731941,0.994342,0.106224
113.6,44.9343,-0.00731941,0.994342,0.106224
113.65,44.9343,-0.00731941,0.994342,0.106224
113.7,44.9343,-0.00731941,0.994342,0.106224
113.75,44.9343,-0.00731941,0.994342,0.106224
113.8,44.9343,-0.00731941,0.994342,0.106224
113.85,44.9343,-0.00731941,0.994342,0.106224
113.9,44.9343,-0.00731941,0.994342,0.106224
113.95,44.9343,-0.00731941,0.994342,0.106224
114,44.9343,-0.00731941,0.994342,0.106224
114.05,44.9343,-0.00731941,0.994342,0.106224
114.1,44.9343,-0.00731941,0.994342,0.106224
114.15,44.9343,-0.00731941,0.994342,0.106224
114.2,44.9343,-0.00731941,0.994342,0.106224
114.25,44.9343,-0.00731941,0.994342,0.106224
114.3,44.9343,-0.00731941,0.994342,0.106224
114.35,44.9343,-0.00731941,0.994342,0.106224
114.4,44.9343,-0.00731941,0.994342,0.106224
114.45,44.9343,-0.00731941,0.994342,0.106224
114.5,44.9343,-0.00731941,0.994342,0.106224
114.55,44.9343,-0.00731941,0.994342,0.106224
114.6,44.9343,-0.00731941,0.994342,0.106224
114.65,44.9343,-0.00731941,0.994342,0.106224
114.7,44.9343,-0.00731941,0.994342,0.106224
114.75,44.9343,-0.00731941,0.994342,0.106224
114.8,44.9343,-0.00731941,0.994342,0.106224
114.85,44.9343,-0.00731941,0.994342,0.106224
114.9,44.9343,-0.00731941,0.994342,0.106224
114.95,44.9343,-0.00731941,0.994342,0.106224
115,44.9343,-0.00731941,0.994342,0.106224
115.05,44.9343,-0.00731941,0.994342,0.106224
115.1,44.9343,-0.00731941,0.994342,0.106224
115.15,44.9343,-0.00731941,0.994342,0.106224
115.2,44.9343,-0.00731941,0.994342,0.106224
115.25,44.9343,-0.00731941,0.994342,0.106224
115.3,44.9343,-0.00731941,0.994342,0.106224
115.35,44.9343,-0.00731941,0.994342,0.106224
115.4,44.9343,-0.00731941,0.994342,0.106224
115.45,44.9343,-0.00731941,0.994342,0.106224
115.5,44.9343,-0.00731941,0.994342,0.106224
115.55,44.9343,-0.00731941,0.994342,0.106224
115.6,44.9343,-0.00731941,0.994342,0.106224
115.65,44.9343,-0.00731941,0.994342,0.106224
115.7,44.9343,-0.00731941,0.994342,0.106224
115.75,44.9343,-0.00731941,0.994342,0.106224
115.8,44.9343,-0.00731941,0.994342,0.106224
115.85,44.9343,-0.00731941,0.994342,0.106224
115.9,44.9343,-0.00731941,0.994342,0.106224
115.95,44.9343,-0.00731941,0.994342,0.106224
116,44.9343,-0.00731941,0.994342,0.106224
116.05,44.9343,-0.00731941,0.994342,0.106224
116.1,44.9343,-0.00731941,0.994342,0.106224
116.15,44.9343,-0.00731941,0.994342,0.106224
116.2,44.9343,-0.00731941,0.994342,0.106224
116.25,44.9343,-0.00731941,0.994342,0.106224
116.3,44.9343,-0.00731941,0.994342,0.106224
116.35,44.9343,-0.00731941,0.994342,0.106224
116.4,44.9343,-0.00731941,0.994342,0.106224
116.45,44.9343,-0.00731941,0.994342,0.106224
116.5,44.9343,-0.00731941,0.994342,0.106224
116.55,44.9343,-0.00731941,0.994342,0.106224
116.6,44.9343,-0.00731941,0.994342,0.106224
116.65,44.9343,-0.00731941,0.994342,0.106224
116.7,44.9343,-0.00731941,0.994342,0.106224
116.75,44.9343,-0.00731941,0.994342,0.106224
116.8,44.9343,-0.00731941,0.994342,0.106224
116.85,44.9343,-0.00731941,0.994342,0.106224
116.9,44.9343,-0.00731941,0.994342,0.106224
116.95,44.9343,-0.00731941,0.994342,0.106224
117,44.9343,-0.00731941,0.994342,0.106224
117.05,44.9343,-0.00731941,0.994342,0.106224
117.1,44.9343,-0.00731941,0.994342,0.106224
117.15,44.9343,-0.00731941,0.994342,0.106224
117.2,44.9343,-0.00731941,0.994342,0.106224
117.25,44.9343,-0.00731941,0.994342,0.106224
117.3,44.9343,-0.00731941,0.994342,0.106224
117.35,44.9343,-0.00731941,0.994342,0.106224
117.4,44.9343,-0.00731941,0.994342,0.106224
117.45,44.9343,-0.00731941,0.994342,0.106224
117.5,44.9343,-0.00731941,0.994342,0.106224
117.55,44.9343,-0.00731941,0.994342,0.106224
117.6,44.9343,-0.00731941,0.994342,0.106224
117.65,44.9343,-0.00731941,0.994342,0.106224
117.7,44.9343,-0.00731941,0.994342,0.106224
117.75,44.9343,-0.00731941,0.994342,0.106224
117.8,44.9343,-0.00731941,0.994342,0.106224
117.85,44.9343,-0.00731941,0.994342,0.106224
117.9,44.9343,-0.00731941,0.994342,0.106224
117.95,44.9343,-0.00731941,0.994342,0.106224
118,44.9343,-0.00731941,0.994342,0.106224
118.05,44.9343,-0.00731941,0.994342,0.106224
118.1,44.9343,-0.00731941,0.994342,0.106224
118.15,44.9343,-0.00731941,0.994342,0.106224
118.2,44.9343,-0.00731941,0.994342,0.106224
118.25,44.9343,-0.00731941,0.994342,0.106224
118.3,44.9343,-0.00731941,0.994342,0.106224
118.35,44.9343,-0.00731941,0.994342,0.106224
118.4,44.9343,-0.00731941,0.994342,0.106224
118.45,44.9343,-0.00731941,0.994342,0.106224
118.5,44.9343,-0.00731941,0.994342,0.106224
118.55,44.9343,-0.00731941,0.994342,0.106224
118.6,44.9343,-0.00731941,0.994342,0.106224
118.65,44.9343,-0.00731941,0.994342,0.106224
118.7,44.9343,-0.00731941,0.994342,0.106224
118.75,44.9343,-0.00731941,0.994342,0.106224
118.8,44.9343,-0.00731941,0.994342,0.106224
118.85,44.9343,-0.00731941,0.994342,0.106224
118.9,44.9343,-0.00731941,0.994342,0.106224
118.95,44.9343,-0.00731941,0.994342,0.106224
119,44.9343,-0.00731941,0.994342,0.106224
119.05,44.9343,-0.00731941,0.994342,0.106224
119.1,44.9343,-0.00731941,0.994342,0.106224
119.15,44.9343,-0.00731941,0.994342,0.106224
119.2,44.9343,-0.00731941,0.994342,0.106224
119.25,44.9343,-0.00731941,0.994342,0.106224
119.3,44.9343,-0.00731941,0.994342,0.106224
119.35,44.9343,-0.00731941,0.994342,0.106224
119.4,44.9343,-0.00731941,0.994342,0.106224
119.45,44.9343,-0.00731941,0.994342,0.106224
119.5,44.9343,-0.00731941,0.994342,0.106224
119.55,44.9343,-0.00731941,0.994342,0.106224
119.6,44.9343,-0.00731941,0.994342,0.106224
119.65,44.9343,-0.00731941,0.994342,0.106224
119.7,44.9343,-0.00731941,0.994342,0.106224
119.75,44.9343,-0.00731941,0.994342,0.106224
119.8,44.9343,-0.00731941,0.994342,0.106224
119.85,44.9343,-0.00731941,0.994342,0.106224
119.9,44.9343,-0.00731941,0.994342,0.106224
119.95,44.9343,-0.00731941,0.994342,0.106224
120,44.9343,-0.00731941,0.994342,0.106224
