0.05,0,-0.01,0,-1
0.1,0,-0.0530519,0,-1
0.15,0,-0.128001,0,-1
0.2,0,-0.216799,0,-1
0.25,0,-0.306717,0,-1
0.3,0,-0.397643,0,-1
0.35,0,-0.489477,0,-1
0.4,0,-0.582127,0,-1
0.45,0,-0.675512,0,-1
0.5,0,-0.769559,0,-1
0.55,0,-0.864201,0,-1
0.6,0,-0.959379,0,-1
0.65,0,-1.05504,0,-1
0.7,0,-1.15113,0,-1
0.75,0,-1.24762,0,-1
0.8,0,-1.34445,0,-1
0.85,0,-1.44161,0,-1
0.9,0,-1.53904,0,-1
0.95,0,-1.63674,0,-1
1,0,-1.73466,0,-1
1.05,0,-1.83279,0,-1
1.1,0,-1.93111,0,-1
1.15,0,-2.0296,0,-1
1.2,0,-2.12824,0,-1
1.25,0,-2.22701,0,-1
1.3,0,-2.32591,0,-1
1.35,0,-2.42491,0,-1
1.4,0,-2.52402,0,-1
1.45,0,-2.62322,0,-1
1.5,0,-2.72249,0,-1
1.55,0,-2.82184,0,-1
1.6,0,-2.92126,0,-1
1.65,0,-3.02073,0,-1
1.7,0,-3.12025,0,-1
1.75,0,-3.21983,0,-1
1.8,0,-3.31944,0,-1
1.85,0,-3.41909,0,-1
1.9,0,-3.51878,0,-1
1.95,0,-3.6185,0,-1
2,0,-3.71825,0,-1
2.05,0,-3.81802,0,-1
2.1,0,-3.91782,0,-1
2.15,0,-4.01763,0,-1
2.2,0,-4.11747,0,-1
2.25,0,-4.21732,0,-1
2.3,0,-4.31719,0,-1
2.35,0,-4.41707,0,-1
2.4,0,-4.51696,0,-1
2.45,0,-4.61686,0,-1
2.5,0,-4.71677,0,-1
2.55,0,-4.81669,0,-1
2.6,0,-4.91662,0,-1
2.65,0,-5.01656,0,-1
2.7,0,-5.1165,0,-1
2.75,0,-5.21645,0,-1
2.8,0,-5.3164,0,-1
2.85,0,-5.41636,0,-1
2.9,0,-5.51632,0,-1
2.95,0,-5.61629,0,-1
3,0,-5.71626,0,-1
3.05,0,-5.81623,0,-1
3.1,0,-5.9162,0,-1
3.15,0,-6.01618,0,-1
3.2,0,-6.11616,0,-1
3.25,0,-6.21614,0,-1
3.3,0,-6.31613,0,-1
3.35,0,-6.41611,0,-1
3.4,0,-6.5161,0,-1
3.45,0,-6.61609,0,-1
3.5,0,-6.71607,0,-1
3.55,0,-6.81606,0,-1
3.6,0,-6.91606,0,-1
3.65,0,-7.01605,0,-1
3.7,0,-7.11604,0,-1
3.75,0,-7.21603,0,-1
3.8,0,-7.31603,0,-1
3.85,0,-7.41602,0,-1
3.9,0,-7.51602,0,-1
3.95,0,-7.61602,0,-1
4,0,-7.71601,0,-1
4.05,0,-7.81601,0,-1
4.1,0,-7.91601,0,-1
4.15,0,-8.016,0,-1
4.2,0,-8.116,0,-1
4.25,0,-8.216,0,-1
4.3,0,-8.316,0,-1
4.35,0,-8.41599,0,-1
4.4,0,-8.51599,0,-1
4.45,0,-8.61599,0,-1
4.5,0,-8.71599,0,-1
4.55,0,-8.81599,0,-1
4.6,0,-8.91599,0,-1
4.65,0,-9.01599,0,-1
4.7,0,-9.11599,0,-1
4.75,0,-9.21599,0,-1
4.8,0,-9.31598,0,-1
4.85,0,-9.41598,0,-1
4.9,0,-9.51598,0,-1
4.95,0,-9.61598,0,-1
5,0,-9.71598,0,-1
5.05,0,-9.81598,0,-1
5.1,0,-9.91598,0,-1
5.15,0,-10.016,0,-1
5.2,0,-10.116,0,-1
5.25,0,-10.216,0,-1
5.3,0,-10.316,0,-1
5.35,0,-10.416,0,-1
5.4,0,-10.516,0,-1
5.45,0,-10.616,0,-1
5.5,0,-10.716,0,-1
5.55,0,-10.816,0,-1
5.6,0,-10.916,0,-1
5.65,0,-11.016,0,-1
5.7,0,-11.116,0,-1
5.75,0,-11.216,0,-1
5.8,0,-11.316,0,-1
5.85,0,-11.416,0,-1
5.9,0,-11.516,0,-1
5.95,0,-11.616,0,-1
6,0,-11.716,0,-1
6.05,0,-11.816,0,-1
6.1,0,-11.916,0,-1
6.15,0,-12.016,0,-1
6.2,0,-12.116,0,-1
6.25,0,-12.216,0,-1
6.3,0,-12.316,0,-1
6.35,0,-12.416,0,-1
6.4,0,-12.516,0,-1
6.45,0,-12.616,0,-1
6.5,0,-12.716,0,-1
6.55,0,-12.816,0,-1
6.6,0,-12.916,0,-1
6.65,0,-13.016,0,-1
6.7,0,-13.116,0,-1
6.75,0,-13.216,0,-1
6.8,0,-13.316,0,-1
6.85,0,-13.416,0,-1
6.9,0,-13.516,0,-1
6.95,0,-13.616,0,-1
7,0,-13.716,0,-1
7.05,0,-13.816,0,-1
7.1,0,-13.916,0,-1
7.15,0,-14.016,0,-1
7.2,0,-14.116,0,-1
7.25,0,-14.216,0,-1
7.3,0,-14.316,0,-1
7.35,0,-14.416,0,-1
7.4,0,-14.516,0,-1
7.45,0,-14.616,0,-1
7.5,0,-14.716,0,-1
7.55,0,-14.816,0,-1
7.6,0,-14.916,0,-1
7.65,0,-15.016,0,-1
7.7,0,-15.116,0,-1
7.75,0,-15.216,0,-1
7.8,0,-15.316,0,-1
7.85,0,-15.416,0,-1
7.9,0,-15.516,0,-1
7.95,0,-15.616,0,-1
8,0,-15.716,0,-1
8.05,0,-15.816,0,-1
8.1,0,-15.916,0,-1
8.15,0,-16.016,0,-1
8.2,0,-16.116,0,-1
8.25,0,-16.216,0,-1
8.3,0,-16.316,0,-1
8.35,0,-16.416,0,-1
8.4,0,-16.516,0,-1
8.45,0,-16.616,0,-1
8.5,0,-16.716,0,-1
8.55,0,-16.816,0,-1
8.6,0,-16.916,0,-1
8.65,0,-17.016,0,-1
8.7,0,-17.116,0,-1
8.75,0,-17.216,0,-1
8.8,0,-17.316,0,-1
8.85,0,-17.416,0,-1
8.9,0,-17.516,0,-1
8.95,0,-17.616,0,-1
9,0,-17.716,0,-1
9.05,0,-17.816,0,-1
9.1,0,-17.916,0,-1
9.15,0,-18.016,0,-1
9.2,0,-18.116,0,-1
9.25,0,-18.216,0,-1
9.3,0,-18.316,0,-1
9.35,0,-18.416,0,-1
9.4,0,-18.516,0,-1
9.45,0,-18.616,0,-1
9.5,0,-18.716,0,-1
9.55,0,-18.816,0,-1
9.6,0,-18.916,0,-1
9.65,0,-19.016,0,-1
9.7,0,-19.116,0,-1
9.75,0,-19.216,0,-1
9.8,0,-19.316,0,-1
9.85,0,-19.416,0,-1
9.9,0,-19.516,0,-1
9.95,0,-19.616,0,-1
10,0,-19.716,0,-1
10.05,0,-19.816,0,-1
10.1,0,-19.916,0,-1
10.15,0,-20.016,0,-1
10.2,0,-20.116,0,-1
10.25,0,-20.216,0,-1
10.3,0,-20.316,0,-1
10.35,0,-20.416,0,-1
10.4,0,-20.516,0,-1
10.45,0,-20.616,0,-1
10.5,0,-20.716,0,-1
10.55,0,-20.816,0,-1
10.6,0,-20.916,0,-1
10.65,0,-21.016,0,-1
10.7,0,-21.116,0,-1
10.75,0,-21.216,0,-1
10.8,0,-21.316,0,-1
10.85,0,-21.416,0,-1
10.9,0,-21.516,0,-1
10.95,0,-21.616,0,-1
11,0,-21.716,0,-1
11.05,0,-21.816,0,-1
11.1,0,-21.916,0,-1
11.15,0,-22.016,0,-1
11.2,0,-22.116,0,-1
11.25,0,-22.216,0,-1
11.3,0,-22.316,0,-1
11.35,0,-22.416,0,-1
11.4,0,-22.516,0,-1
11.45,0,-22.616,0,-1
11.5,0,-22.716,0,-1
11.55,0,-22.816,0,-1
11.6,0,-22.916,0,-1
11.65,0,-23.016,0,-1
11.7,0,-23.116,0,-1
11.75,0,-23.216,0,-1
11.8,0,-23.316,0,-1
11.85,0,-23.416,0,-1
11.9,0,-23.516,0,-1
11.95,0,-23.616,0,-1
12,0,-23.716,0,-1
12.05,0,-23.816,0,-1
12.1,0,-23.916,0,-1
12.15,0,-24.016,0,-1
12.2,0,-24.116,0,-1
12.25,0,-24.216,0,-1
12.3,0,-24.316,0,-1
12.35,0,-24.416,0,-1
12.4,0,-24.516,0,-1
12.45,0,-24.616,0,-1
12.5,0,-24.716,0,-1
12.55,0,-24.816,0,-1
12.6,0,-24.916,0,-1
12.65,0,-25.016,0,-1
12.7,0,-25.116,0,-1
12.75,0,-25.216,0,-1
12.8,0,-25.316,0,-1
12.85,0,-25.416,0,-1
12.9,0,-25.516,0,-1
12.95,0,-25.616,0,-1
13,0,-25.716,0,-1
13.05,0,-25.816,0,-1
13.1,0,-25.916,0,-1
13.15,0,-26.016,0,-1
13.2,0,-26.116,0,-1
13.25,0,-26.216,0,-1
13.3,0,-26.316,0,-1
13.35,0,-26.416,0,-1
13.4,0,-26.516,0,-1
13.45,0,-26.616,0,-1
13.5,0,-26.716,0,-1
13.55,0,-26.816,0,-1
13.6,0,-26.916,0,-1
13.65,0,-27.016,0,-1
13.7,0,-27.116,0,-1
13.75,0,-27.216,0,-1
13.8,0,-27.316,0,-1
13.85,0,-27.416,0,-1
13.9,0,-27.516,0,-1
13.95,0,-27.616,0,-1
14,0,-27.716,0,-1
14.05,0,-27.816,0,-1
14.1,0,-27.916,0,-1
14.15,0,-28.016,0,-1
14.2,0,-28.116,0,-1
14.25,0,-28.216,0,-1
14.3,0,-28.316,0,-1
14.35,0,-28.416,0,-1
14.4,0,-28.516,0,-1
14.45,0,-28.616,0,-1
14.5,0,-28.716,0,-1
14.55,0,-28.816,0,-1
14.6,0,-28.916,0,-1
14.65,0,-29.016,0,-1
14.7,0,-29.116,0,-1
14.75,0,-29.216,0,-1
14.8,0,-29.316,0,-1
14.85,0,-29.416,0,-1
14.9,0,-29.516,0,-1
14.95,0,-29.616,0,-1
15,0,-29.716,0,-1
15.05,0,-29.816,0,-1
15.1,0,-29.916,0,-1
15.15,0,-30.016,0,-1
15.2,0,-30.116,0,-1
15.25,0,-30.216,0,-1
15.3,0,-30.316,0,-1
15.35,0,-30.416,0,-1
15.4,0,-30.516,0,-1
15.45,0,-30.616,0,-1
15.5,0,-30.716,0,-1
15.55,0,-30.816,0,-1
15.6,0,-30.916,0,-1
15.65,0,-31.0161,0,-1
15.7,0,-31.1161,0,-1
15.75,0,-31.2161,0,-1
15.8,0,-31.3161,0,-1
15.85,0,-31.4161,0,-1
15.9,0,-31.5161,0,-1
15.95,0,-31.6161,0,-1
16,0,-31.7161,0,-1
16.05,0,-31.8161,0,-1
16.1,0,-31.9161,0,-1
16.15,0,-32.0161,0,-1
16.2,0,-32.1161,0,-1
16.25,0,-32.216,0,-1
16.3,0,-32.316,0,-1
16.35,0,-32.416,0,-1
16.4,0,-32.516,0,-1
16.45,0,-32.616,0,-1
16.5,0,-32.716,0,-1
16.55,0,-32.816,0,-1
16.6,0,-32.916,0,-1
16.65,0,-33.016,0,-1
16.7,0,-33.116,0,-1
16.75,0,-33.216,0,-1
16.8,0,-33.316,0,-1
16.85,0,-33.416,0,-1
16.9,0,-33.516,0,-1
16.95,0,-33.616,0,-1
17,0,-33.716,0,-1
17.05,0,-33.816,0,-1
17.1,0,-33.916,0,-1
17.15,0,-34.016,0,-1
17.2,0,-34.116,0,-1
17.25,0,-34.216,0,-1
17.3,0,-34.316,0,-1
17.35,0,-34.416,0,-1
17.4,0,-34.516,0,-1
17.45,0,-34.616,0,-1
17.5,0,-34.716,0,-1
17.55,0,-34.816,0,-1
17.6,0,-34.9035,0,-1
17.65,0,-34.9785,0,-1
17.7,0,-35.041,0,-1
17.75,0,-35.091,0,-1
17.8,0,-35.1285,0,-1
17.85,0,-35.1535,0,-1
17.9,0,-35.166,0,-1
17.95,0,-35.166,0,-1
18,0,-35.166,0,-1
18.05,0,-35.166,0,-1
18.1,0,-35.166,0,-1
18.15,0,-35.166,0,-1
18.2,0,-35.166,0,-1
18.25,0,-35.166,0,-1
18.3,0,-35.166,0,-1
18.35,0,-35.166,0,-1
18.4,0,-35.166,0,-1
18.45,0,-35.166,0,-1
18.5,0,-35.166,0,-1
18.55,0,-35.166,0,-1
18.6,0,-35.166,0,-1
18.65,0,-35.166,0,-1
18.7,0,-35.166,0,-1
18.75,0,-35.166,0,-1
18.8,0,-35.166,0,-1
18.85,0,-35.166,0,-1
18.9,0,-35.166,0,-1
18.95,0,-35.166,0,-1
19,0,-35.166,0,-1
19.05,0,-35.166,0,-1
19.1,0,-35.166,0,-1
19.15,0,-35.166,0,-1
19.2,0,-35.166,0,-1
19.25,0,-35.166,0,-1
19.3,0,-35.166,0,-1
19.35,0,-35.166,0,-1
19.4,0,-35.166,0,-1
19.45,0,-35.166,0,-1
19.5,0,-35.166,0,-1
19.55,0,-35.166,0,-1
19.6,0,-35.166,0,-1
19.65,0,-35.166,0,-1
19.7,0,-35.166,0,-1
19.75,0,-35.166,0,-1
19.8,0,-35.166,0,-1
19.85,0,-35.166,0,-1
19.9,0,-35.166,0,-1
19.95,0,-35.166,0,-1
20,0,-35.166,0,-1
20.05,0,-35.166,0,-1
20.1,0,-35.166,0,-1
20.15,0,-35.166,0,-1
20.2,0,-35.166,0,-1
20.25,0,-35.166,0,-1
20.3,0,-35.166,0,-1
20.35,0,-35.166,0,-1
20.4,0,-35.166,0,-1
20.45,0,-35.166,0,-1
20.5,0,-35.166,0,-1
20.55,0,-35.166,0,-1
20.6,0,-35.166,0,-1
20.65,0,-35.166,0,-1
20.7,0,-35.166,0,-1
20.75,0,-35.166,0,-1
20.8,0,-35.166,0,-1
20.85,0,-35.166,0,-1
20.9,0,-35.166,0,-1
20.95,0,-35.166,0,-1
21,0,-35.166,0,-1
21.05,0,-35.166,0,-1
21.1,0,-35.166,0,-1
21.15,0,-35.166,0,-1
21.2,0,-35.166,0,-1
21.25,0,-35.166,0,-1
21.3,0,-35.166,0,-1
21.35,0,-35.166,0,-1
21.4,0,-35.166,0,-1
21.45,0,-35.166,0,-1
21.5,0,-35.166,0,-1
21.55,0,-35.166,0,-1
21.6,0,-35.166,0,-1
21.65,0,-35.166,0,-1
21.7,0,-35.166,0,-1
21.75,0,-35.166,0,-1
21.8,0,-35.166,0,-1
21.85,0,-35.166,0,-1
21.9,0,-35.166,0,-1
21.95,0,-35.166,0,-1
22,0,-35.166,0,-1
22.05,0,-35.166,0,-1
22.1,0,-35.166,0,-1
22.15,0,-35.166,0,-1
22.2,0,-35.166,0,-1
22.25,0,-35.166,0,-1
22.3,0,-35.166,0,-1
22.35,0,-35.166,0,-1
22.4,0,-35.166,0,-1
22.45,0,-35.166,0,-1
22.5,0,-35.166,0,-1
22.55,0,-35.166,0,-1
22.6,0,-35.166,0,-1
22.65,0,-35.166,0,-1
22.7,0,-35.166,0,-1
22.75,0,-35.166,0,-1
22.8,0,-35.166,0,-1
22.85,0,-35.166,0,-1
22.9,0,-35.166,0,-1
22.95,0,-35.166,0,-1
23,0,-35.166,0,-1
23.05,0,-35.166,0,-1
23.1,0,-35.166,0,-1
23.15,0,-35.166,0,-1
23.2,0,-35.166,0,-1
23.25,0,-35.166,0,-1
23.3,0,-35.166,0,-1
23.35,0,-35.166,0,-1
23.4,0,-35.166,0,-1
23.45,0,-35.166,0,-1
23.5,0,-35.166,0,-1
23.55,0,-35.166,0,-1
23.6,0,-35.166,0,-1
23.65,0,-35.166,0,-1
23.7,0,-35.166,0,-1
23.75,0,-35.166,0,-1
23.8,0,-35.166,0,-1
23.85,0,-35.166,0,-1
23.9,0,-35.166,0,-1
23.95,0,-35.166,0,-1
24,0,-35.166,0,-1
24.05,0,-35.166,0,-1
24.1,0,-35.166,0,-1
24.15,0,-35.166,0,-1
24.2,0,-35.166,0,-1
24.25,0,-35.166,0,-1
24.3,0,-35.166,0,-1
24.35,0,-35.166,0,-1
24.4,0,-35.166,0,-1
24.45,0,-35.166,0,-1
24.5,0,-35.166,0,-1
24.55,0,-35.166,0,-1
24.6,0,-35.166,0,-1
24.65,0,-35.166,0,-1
24.7,0,-35.166,0,-1
24.75,0,-35.166,0,-1
24.8,0,-35.166,0,-1
24.85,0,-35.166,0,-1
24.9,0,-35.166,0,-1
24.95,0,-35.166,0,-1
25,0,-35.166,0,-1
25.05,0,-35.166,0,-1
25.1,0,-35.166,0,-1
25.15,0,-35.166,0,-1
25.2,0,-35.166,0,-1
25.25,0,-35.166,0,-1
25.3,0,-35.166,0,-1
25.35,0,-35.166,0,-1
25.4,0,-35.166,0,-1
25.45,0,-35.166,0,-1
25.5,0,-35.166,0,-1
25.55,0,-35.166,0,-1
25.6,0,-35.166,0,-1
25.65,0,-35.166,0,-1
25.7,0,-35.166,0,-1
25.75,0,-35.166,0,-1
25.8,0,-35.166,0,-1
25.85,0,-35.166,0,-1
25.9,0,-35.166,0,-1
25.95,0,-35.166,0,-1
26,0,-35.166,0,-1
26.05,0,-35.166,0,-1
26.1,0,-35.166,0,-1
26.15,0,-35.166,0,-1
26.2,0,-35.166,0,-1
26.25,0,-35.166,0,-1
26.3,0,-35.166,0,-1
26.35,0,-35.166,0,-1
26.4,0,-35.166,0,-1
26.45,0,-35.166,0,-1
26.5,0,-35.166,0,-1
26.55,0,-35.166,0,-1
26.6,0,-35.166,0,-1
26.65,0,-35.166,0,-1
26.7,0,-35.166,0,-1
26.75,0,-35.166,0,-1
26.8,0,-35.166,0,-1
26.85,0,-35.166,0,-1
26.9,0,-35.166,0,-1
26.95,0,-35.166,0,-1
27,0,-35.166,0,-1
27.05,0,-35.166,0,-1
27.1,0,-35.166,0,-1
27.15,0,-35.166,0,-1
27.2,0,-35.166,0,-1
27.25,0,-35.166,0,-1
27.3,0,-35.166,0,-1
27.35,0,-35.166,0,-1
27.4,0,-35.166,0,-1
27.45,0,-35.166,0,-1
27.5,0,-35.166,0,-1
27.55,0,-35.166,0,-1
27.6,0,-35.166,0,-1
27.65,0,-35.166,0,-1
27.7,0,-35.166,0,-1
27.75,0,-35.166,0,-1
27.8,0,-35.166,0,-1
27.85,0,-35.166,0,-1
27.9,0,-35.166,0,-1
27.95,0,-35.166,0,-1
28,0,-35.166,0,-1
28.05,0,-35.166,0,-1
28.1,0,-35.166,0,-1
28.15,0,-35.166,0,-1
28.2,0,-35.166,0,-1
28.25,0,-35.166,0,-1
28.3,0,-35.166,0,-1
28.35,0,-35.166,0,-1
28.4,0,-35.166,0,-1
28.45,0,-35.166,0,-1
28.5,0,-35.166,0,-1
28.55,0,-35.166,0,-1
28.6,0,-35.166,0,-1
28.65,0,-35.166,0,-1
28.7,0,-35.166,0,-1
28.75,0,-35.166,0,-1
28.8,0,-35.166,0,-1
28.85,0,-35.166,0,-1
28.9,0,-35.166,0,-1
28.95,0,-35.166,0,-1
29,0,-35.166,0,-1
29.05,0,-35.166,0,-1
29.1,0,-35.166,0,-1
29.15,0,-35.166,0,-1
29.2,0,-35.166,0,-1
29.25,0,-35.166,0,-1
29.3,0,-35.166,0,-1
29.35,0,-35.166,0,-1
29.4,0,-35.166,0,-1
29.45,0,-35.166,0,-1
29.5,0,-35.166,0,-1
29.55,0,-35.166,0,-1
29.6,0,-35.166,0,-1
29.65,0,-35.166,0,-1
29.7,0,-35.166,0,-1
29.75,0,-35.166,0,-1
29.8,0,-35.166,0,-1
29.85,0,-35.166,0,-1
29.9,0,-35.166,0,-1
29.95,0,-35.166,0,-1
30,0,-35.166,0,-1
30.05,0,-35.166,0,-1
30.1,0,-35.166,0,-1
30.15,0,-35.166,0,-1
30.2,0,-35.166,0,-1
30.25,0,-35.166,0,-1
30.3,0,-35.166,0,-1
30.35,0,-35.166,0,-1
30.4,0,-35.166,0,-1
30.45,0,-35.166,0,-1
30.5,0,-35.166,0,-1
30.55,0,-35.166,0,-1
30.6,0,-35.166,0,-1
30.65,0,-35.166,0,-1
30.7,0,-35.166,0,-1
30.75,0,-35.166,0,-1
30.8,0,-35.166,0,-1
30.85,0,-35.166,0,-1
30.9,0,-35.166,0,-1
30.95,0,-35.166,0,-1
31,0,-35.166,0,-1
31.05,0,-35.166,0,-1
31.1,0,-35.166,0,-1
31.15,0,-35.166,0,-1
31.2,0,-35.166,0,-1
31.25,0,-35.166,0,-1
31.3,0,-35.166,0,-1
31.35,0,-35.166,0,-1
31.4,0,-35.166,0,-1
31.45,0,-35.166,0,-1
31.5,0,-35.166,0,-1
31.55,0,-35.166,0,-1
31.6,0,-35.166,0,-1
31.65,0,-35.166,0,-1
31.7,0,-35.166,0,-1
31.75,0,-35.166,0,-1
31.8,0,-35.166,0,-1
31.85,0,-35.166,0,-1
31.9,0,-35.166,0,-1
31.95,0,-35.166,0,-1
32,0,-35.166,0,-1
32.05,0,-35.166,0,-1
32.1,0,-35.166,0,-1
32.15,0,-35.166,0,-1
32.2,0,-35.166,0,-1
32.25,0,-35.166,0,-1
32.3,0,-35.166,0,-1
32.35,0,-35.166,0,-1
32.4,0,-35.166,0,-1
32.45,0,-35.166,0,-1
32.5,0,-35.166,0,-1
32.55,0,-35.166,0,-1
32.6,0,-35.166,0,-1
32.65,0,-35.166,0,-1
32.7,0,-35.166,0,-1
32.75,0,-35.166,0,-1
32.8,0,-35.166,0,-1
32.85,0,-35.166,0,-1
32.9,0,-35.166,0,-1
32.95,0,-35.166,0,-1
33,0,-35.166,0,-1
33.05,0,-35.166,0,-1
33.1,0,-35.166,0,-1
33.15,0,-35.166,0,-1
33.2,0,-35.166,0,-1
33.25,0,-35.166,0,-1
33.3,0,-35.166,0,-1
33.35,0,-35.166,0,-1
33.4,0,-35.166,0,-1
33.45,0,-35.166,0,-1
33.5,0,-35.166,0,-1
33.55,0,-35.166,0,-1
33.6,0,-35.166,0,-1
33.65,0,-35.166,0,-1
33.7,0,-35.166,0,-1
33.75,0,-35.166,0,-1
33.8,0,-35.166,0,-1
33.85,0,-35.166,0,-1
33.9,0,-35.166,0,-1
33.95,0,-35.166,0,-1
34,0,-35.166,0,-1
34.05,0,-35.166,0,-1
34.1,0,-35.166,0,-1
34.15,0,-35.166,0,-1
34.2,0,-35.166,0,-1
34.25,0,-35.166,0,-1
34.3,0,-35.166,0,-1
34.35,0,-35.166,0,-1
34.4,0,-35.166,0,-1
34.45,0,-35.166,0,-1
34.5,0,-35.166,0,-1
34.55,0,-35.166,0,-1
34.6,0,-35.166,0,-1
34.65,0,-35.166,0,-1
34.7,0,-35.166,0,-1
34.75,0,-35.166,0,-1
34.8,0,-35.166,0,-1
34.85,0,-35.166,0,-1
34.9,0,-35.166,0,-1
34.95,0,-35.166,0,-1
35,0,-35.166,0,-1
35.05,0,-35.166,0,-1
35.1,0,-35.166,0,-1
35.15,0,-35.166,0,-1
35.2,0,-35.166,0,-1
35.25,0,-35.166,0,-1
35.3,0,-35.166,0,-1
35.35,0,-35.166,0,-1
35.4,0,-35.166,0,-1
35.45,0,-35.166,0,-1
35.5,0,-35.166,0,-1
35.55,0,-35.166,0,-1
35.6,0,-35.166,0,-1
35.65,0,-35.166,0,-1
35.7,0,-35.166,0,-1
35.75,0,-35.166,0,-1
35.8,0,-35.166,0,-1
35.85,0,-35.166,0,-1
35.9,0,-35.166,0,-1
35.95,0,-35.166,0,-1
36,0,-35.166,0,-1
36.05,0,-35.166,0,-1
36.1,0,-35.166,0,-1
36.15,0,-35.166,0,-1
36.2,0,-35.166,0,-1
36.25,0,-35.166,0,-1
36.3,0,-35.166,0,-1
36.35,0,-35.166,0,-1
36.4,0,-35.166,0,-1
36.45,0,-35.166,0,-1
36.5,0,-35.166,0,-1
36.55,0,-35.166,0,-1
36.6,0,-35.166,0,-1
36.65,0,-35.166,0,-1
36.7,0,-35.166,0,-1
36.75,0,-35.166,0,-1
36.8,0,-35.166,0,-1
36.85,0,-35.166,0,-1
36.9,0,-35.166,0,-1
36.95,0,-35.166,0,-1
37,0,-35.166,0,-1
37.05,0,-35.166,0,-1
37.1,0,-35.166,0,-1
37.15,0,-35.166,0,-1
37.2,0,-35.166,0,-1
37.25,0,-35.166,0,-1
37.3,0,-35.166,0,-1
37.35,0,-35.166,0,-1
37.4,0,-35.166,0,-1
37.45,0,-35.166,0,-1
37.5,0,-35.166,0,-1
37.55,0,-35.166,0,-1
37.6,0,-35.166,0,-1
37.65,0,-35.166,0,-1
37.7,0,-35.166,0,-1
37.75,0,-35.166,0,-1
37.8,0,-35.166,0,-1
37.85,0,-35.166,0,-1
37.9,0,-35.166,0,-1
37.95,0,-35.166,0,-1
38,0,-35.166,0,-1
38.05,0,-35.166,0,-1
38.1,0,-35.166,0,-1
38.15,0,-35.166,0,-1
38.2,0,-35.166,0,-1
38.25,0,-35.166,0,-1
38.3,0,-35.166,0,-1
38.35,0,-35.166,0,-1
38.4,0,-35.166,0,-1
38.45,0,-35.166,0,-1
38.5,0,-35.166,0,-1
38.55,0,-35.166,0,-1
38.6,0,-35.166,0,-1
38.65,0,-35.166,0,-1
38.7,0,-35.166,0,-1
38.75,0,-35.166,0,-1
38.8,0,-35.166,0,-1
38.85,0,-35.166,0,-1
38.9,0,-35.166,0,-1
38.95,0,-35.166,0,-1
39,0,-35.166,0,-1
39.05,0,-35.166,0,-1
39.1,0,-35.166,0,-1
39.15,0,-35.166,0,-1
39.2,0,-35.166,0,-1
39.25,0,-35.166,0,-1
39.3,0,-35.166,0,-1
39.35,0,-35.166,0,-1
39.4,0,-35.166,0,-1
39.45,0,-35.166,0,-1
39.5,0,-35.166,0,-1
39.55,0,-35.166,0,-1
39.6,0,-35.166,0,-1
39.65,0,-35.166,0,-1
39.7,0,-35.166,0,-1
39.75,0,-35.166,0,-1
39.8,0,-35.166,0,-1
39.85,0,-35.166,0,-1
39.9,0,-35.166,0,-1
39.95,0,-35.166,0,-1
40,0,-35.166,0,-1
40.05,0,-35.166,0,-1
40.1,0,-35.166,0,-1
40.15,0,-35.166,0,-1
40.2,0,-35.166,0,-1
40.25,0,-35.166,0,-1
40.3,0,-35.166,0,-1
40.35,0,-35.166,0,-1
40.4,0,-35.166,0,-1
40.45,0,-35.166,0,-1
40.5,0,-35.166,0,-1
40.55,0,-35.166,0,-1
40.6,0,-35.166,0,-1
40.65,0,-35.166,0,-1
40.7,0,-35.166,0,-1
40.75,0,-35.166,0,-1
40.8,0,-35.166,0,-1
40.85,0,-35.166,0,-1
40.9,0,-35.166,0,-1
40.95,0,-35.166,0,-1
41,0,-35.166,0,-1
41.05,0,-35.166,0,-1
41.1,0,-35.166,0,-1
41.15,0,-35.166,0,-1
41.2,0,-35.166,0,-1
41.25,0,-35.166,0,-1
41.3,0,-35.166,0,-1
41.35,0,-35.166,0,-1
41.4,0,-35.166,0,-1
41.45,0,-35.166,0,-1
41.5,0,-35.166,0,-1
41.55,0,-35.166,0,-1
41.6,0,-35.166,0,-1
41.65,0,-35.166,0,-1
41.7,0,-35.166,0,-1
41.75,0,-35.166,0,-1
41.8,0,-35.166,0,-1
41.85,0,-35.166,0,-1
41.9,0,-35.166,0,-1
41.95,0,-35.166,0,-1
42,0,-35.166,0,-1
42.05,0,-35.166,0,-1
42.1,0,-35.166,0,-1
42.15,0,-35.166,0,-1
42.2,0,-35.166,0,-1
42.25,0,-35.166,0,-1
42.3,0,-35.166,0,-1
42.35,0,-35.166,0,-1
42.4,0,-35.166,0,-1
42.45,0,-35.166,0,-1
42.5,0,-35.166,0,-1
42.55,0,-35.166,0,-1
42.6,0,-35.166,0,-1
42.65,0,-35.166,0,-1
42.7,0,-35.166,0,-1
42.75,0,-35.166,0,-1
42.8,0,-35.166,0,-1
42.85,0,-35.166,0,-1
42.9,0,-35.166,0,-1
42.95,0,-35.166,0,-1
43,0,-35.166,0,-1
43.05,0,-35.166,0,-1
43.1,0,-35.166,0,-1
43.15,0,-35.166,0,-1
43.2,0,-35.166,0,-1
43.25,0,-35.166,0,-1
43.3,0,-35.166,0,-1
43.35,0,-35.166,0,-1
43.4,0,-35.166,0,-1
43.45,0,-35.166,0,-1
43.5,0,-35.166,0,-1
43.55,0,-35.166,0,-1
43.6,0,-35.166,0,-1
43.65,0,-35.166,0,-1
43.7,0,-35.166,0,-1
43.75,0,-35.166,0,-1
43.8,0,-35.166,0,-1
43.85,0,-35.166,0,-1
43.9,0,-35.166,0,-1
43.95,0,-35.166,0,-1
44,0,-35.166,0,-1
44.05,0,-35.166,0,-1
44.1,0,-35.166,0,-1
44.15,0,-35.166,0,-1
44.2,0,-35.166,0,-1
44.25,0,-35.166,0,-1
44.3,0,-35.166,0,-1
44.35,0,-35.166,0,-1
44.4,0,-35.166,0,-1
44.45,0,-35.166,0,-1
44.5,0,-35.166,0,-1
44.55,0,-35.166,0,-1
44.6,0,-35.166,0,-1
44.65,0,-35.166,0,-1
44.7,0,-35.166,0,-1
44.75,0,-35.166,0,-1
44.8,0,-35.166,0,-1
44.85,0,-35.166,0,-1
44.9,0,-35.166,0,-1
44.95,0,-35.166,0,-1
45,0,-35.166,0,-1
45.05,0,-35.166,0,-1
45.1,0,-35.166,0,-1
45.15,0,-35.166,0,-1
45.2,0,-35.166,0,-1
45.25,0,-35.166,0,-1
45.3,0,-35.166,0,-1
45.35,0,-35.166,0,-1
45.4,0,-35.166,0,-1
45.45,0,-35.166,0,-1
45.5,0,-35.166,0,-1
45.55,0,-35.166,0,-1
45.6,0,-35.166,0,-1
45.65,0,-35.166,0,-1
45.7,0,-35.166,0,-1
45.75,0,-35.166,0,-1
45.8,0,-35.166,0,-1
45.85,0,-35.166,0,-1
45.9,0,-35.166,0,-1
45.95,0,-35.166,0,-1
46,0,-35.166,0,-1
46.05,0,-35.166,0,-1
46.1,0,-35.166,0,-1
46.15,0,-35.166,0,-1
46.2,0,-35.166,0,-1
46.25,0,-35.166,0,-1
46.3,0,-35.166,0,-1
46.35,0,-35.166,0,-1
46.4,0,-35.166,0,-1
46.45,0,-35.166,0,-1
46.5,0,-35.166,0,-1
46.55,0,-35.166,0,-1
46.6,0,-35.166,0,-1
46.65,0,-35.166,0,-1
46.7,0,-35.166,0,-1
46.75,0,-35.166,0,-1
46.8,0,-35.166,0,-1
46.85,0,-35.166,0,-1
46.9,0,-35.166,0,-1
46.95,0,-35.166,0,-1
47,0,-35.166,0,-1
47.05,0,-35.166,0,-1
47.1,0,-35.166,0,-1
47.15,0,-35.166,0,-1
47.2,0,-35.166,0,-1
47.25,0,-35.166,0,-1
47.3,0,-35.166,0,-1
47.35,0,-35.166,0,-1
47.4,0,-35.166,0,-1
47.45,0,-35.166,0,-1
47.5,0,-35.166,0,-1
47.55,0,-35.166,0,-1
47.6,0,-35.166,0,-1
47.65,0,-35.166,0,-1
47.7,0,-35.166,0,-1
47.75,0,-35.166,0,-1
47.8,0,-35.166,0,-1
47.85,0,-35.166,0,-1
47.9,0,-35.166,0,-1
47.95,0,-35.166,0,-1
48,0,-35.166,0,-1
48.05,0,-35.166,0,-1
48.1,0,-35.166,0,-1
48.15,0,-35.166,0,-1
48.2,0,-35.166,0,-1
48.25,0,-35.166,0,-1
48.3,0,-35.166,0,-1
48.35,0,-35.166,0,-1
48.4,0,-35.166,0,-1
48.45,0,-35.166,0,-1
48.5,0,-35.166,0,-1
48.55,0,-35.166,0,-1
48.6,0,-35.166,0,-1
48.65,0,-35.166,0,-1
48.7,0,-35.166,0,-1
48.75,0,-35.166,0,-1
48.8,0,-35.166,0,-1
48.85,0,-35.166,0,-1
48.9,0,-35.166,0,-1
48.95,0,-35.166,0,-1
49,0,-35.166,0,-1
49.05,0,-35.166,0,-1
49.1,0,-35.166,0,-1
49.15,0,-35.166,0,-1
49.2,0,-35.166,0,-1
49.25,0,-35.166,0,-1
49.3,0,-35.166,0,-1
49.35,0,-35.166,0,-1
49.4,0,-35.166,0,-1
49.45,0,-35.166,0,-1
49.5,0,-35.166,0,-1
49.55,0,-35.166,0,-1
49.6,0,-35.166,0,-1
49.65,0,-35.166,0,-1
49.7,0,-35.166,0,-1
49.75,0,-35.166,0,-1
49.8,0,-35.166,0,-1
49.85,0,-35.166,0,-1
49.9,0,-35.166,0,-1
49.95,0,-35.166,0,-1
50,0,-35.166,0,-1
50.05,0,-35.166,0,-1
50.1,0,-35.166,0,-1
50.15,0,-35.166,0,-1
50.2,0,-35.166,0,-1
50.25,0,-35.166,0,-1
50.3,0,-35.166,0,-1
50.35,0,-35.166,0,-1
50.4,0,-35.166,0,-1
50.45,0,-35.166,0,-1
50.5,0,-35.166,0,-1
50.55,0,-35.166,0,-1
50.6,0,-35.166,0,-1
50.65,0,-35.166,0,-1
50.7,0,-35.166,0,-1
50.75,0,-35.166,0,-1
50.8,0,-35.166,0,-1
50.85,0,-35.166,0,-1
50.9,0,-35.166,0,-1
50.95,0,-35.166,0,-1
51,0,-35.166,0,-1
51.05,0,-35.166,0,-1
51.1,0,-35.166,0,-1
51.15,0,-35.166,0,-1
51.2,0,-35.166,0,-1
51.25,0,-35.166,0,-1
51.3,0,-35.166,0,-1
51.35,0,-35.166,0,-1
51.4,0,-35.166,0,-1
51.45,0,-35.166,0,-1
51.5,0,-35.166,0,-1
51.55,0,-35.166,0,-1
51.6,0,-35.166,0,-1
51.65,0,-35.166,0,-1
51.7,0,-35.166,0,-1
51.75,0,-35.166,0,-1
51.8,0,-35.166,0,-1
51.85,0,-35.166,0,-1
51.9,0,-35.166,0,-1
51.95,0,-35.166,0,-1
52,0,-35.166,0,-1
52.05,0,-35.166,0,-1
52.1,0,-35.166,0,-1
52.15,0,-35.166,0,-1
52.2,0,-35.166,0,-1
52.25,0,-35.166,0,-1
52.3,0,-35.166,0,-1
52.35,0,-35.166,0,-1
52.4,0,-35.166,0,-1
52.45,0,-35.166,0,-1
52.5,0,-35.166,0,-1
52.55,0,-35.166,0,-1
52.6,0,-35.166,0,-1
52.65,0,-35.166,0,-1
52.7,0,-35.166,0,-1
52.75,0,-35.166,0,-1
52.8,0,-35.166,0,-1
52.85,0,-35.166,0,-1
52.9,0,-35.166,0,-1
52.95,0,-35.166,0,-1
53,0,-35.166,0,-1
53.05,0,-35.166,0,-1
53.1,0,-35.166,0,-1
53.15,0,-35.166,0,-1
53.2,0,-35.166,0,-1
53.25,0,-35.166,0,-1
53.3,0,-35.166,0,-1
53.35,0,-35.166,0,-1
53.4,0,-35.166,0,-1
53.45,0,-35.166,0,-1
53.5,0,-35.166,0,-1
53.55,0,-35.166,0,-1
53.6,0,-35.166,0,-1
53.65,0,-35.166,0,-1
53.7,0,-35.166,0,-1
53.75,0,-35.166,0,-1
53.8,0,-35.166,0,-1
53.85,0,-35.166,0,-1
53.9,0,-35.166,0,-1
53.95,0,-35.166,0,-1
54,0,-35.166,0,-1
54.05,0,-35.166,0,-1
54.1,0,-35.166,0,-1
54.15,0,-35.166,0,-1
54.2,0,-35.166,0,-1
54.25,0,-35.166,0,-1
54.3,0,-35.166,0,-1
54.35,0,-35.166,0,-1
54.4,0,-35.166,0,-1
54.45,0,-35.166,0,-1
54.5,0,-35.166,0,-1
54.55,0,-35.166,0,-1
54.6,0,-35.166,0,-1
54.65,0,-35.166,0,-1
54.7,0,-35.166,0,-1
54.75,0,-35.166,0,-1
54.8,0,-35.166,0,-1
54.85,0,-35.166,0,-1
54.9,0,-35.166,0,-1
54.95,0,-35.166,0,-1
55,0,-35.166,0,-1
55.05,0,-35.166,0,-1
55.1,0,-35.166,0,-1
55.15,0,-35.166,0,-1
55.2,0,-35.166,0,-1
55.25,0,-35.166,0,-1
55.3,0,-35.166,0,-1
55.35,0,-35.166,0,-1
55.4,0,-35.166,0,-1
55.45,0,-35.166,0,-1
55.5,0,-35.166,0,-1
55.55,0,-35.166,0,-1
55.6,0,-35.166,0,-1
55.65,0,-35.166,0,-1
55.7,0,-35.166,0,-1
55.75,0,-35.166,0,-1
55.8,0,-35.166,0,-1
55.85,0,-35.166,0,-1
55.9,0,-35.166,0,-1
55.95,0,-35.166,0,-1
56,0,-35.166,0,-1
56.05,0,-35.166,0,-1
56.1,0,-35.166,0,-1
56.15,0,-35.166,0,-1
56.2,0,-35.166,0,-1
56.25,0,-35.166,0,-1
56.3,0,-35.166,0,-1
56.35,0,-35.166,0,-1
56.4,0,-35.166,0,-1
56.45,0,-35.166,0,-1
56.5,0,-35.166,0,-1
56.55,0,-35.166,0,-1
56.6,0,-35.166,0,-1
56.65,0,-35.166,0,-1
56.7,0,-35.166,0,-1
56.75,0,-35.166,0,-1
56.8,0,-35.166,0,-1
56.85,0,-35.166,0,-1
56.9,0,-35.166,0,-1
56.95,0,-35.166,0,-1
57,0,-35.166,0,-1
57.05,0,-35.166,0,-1
57.1,0,-35.166,0,-1
57.15,0,-35.166,0,-1
57.2,0,-35.166,0,-1
57.25,0,-35.166,0,-1
57.3,0,-35.166,0,-1
57.35,0,-35.166,0,-1
57.4,0,-35.166,0,-1
57.45,0,-35.166,0,-1
57.5,0,-35.166,0,-1
57.55,0,-35.166,0,-1
57.6,0,-35.166,0,-1
57.65,0,-35.166,0,-1
57.7,0,-35.166,0,-1
57.75,0,-35.166,0,-1
57.8,0,-35.166,0,-1
57.85,0,-35.166,0,-1
57.9,0,-35.166,0,-1
57.95,0,-35.166,0,-1
58,0,-35.166,0,-1
58.05,0,-35.166,0,-1
58.1,0,-35.166,0,-1
58.15,0,-35.166,0,-1
58.2,0,-35.166,0,-1
58.25,0,-35.166,0,-1
58.3,0,-35.166,0,-1
58.35,0,-35.166,0,-1
58.4,0,-35.166,0,-1
58.45,0,-35.166,0,-1
58.5,0,-35.166,0,-1
58.55,0,-35.166,0,-1
58.6,0,-35.166,0,-1
58.65,0,-35.166,0,-1
58.7,0,-35.166,0,-1
58.75,0,-35.166,0,-1
58.8,0,-35.166,0,-1
58.85,0,-35.166,0,-1
58.9,0,-35.166,0,-1
58.95,0,-35.166,0,-1
59,0,-35.166,0,-1
59.05,0,-35.166,0,-1
59.1,0,-35.166,0,-1
59.15,0,-35.166,0,-1
59.2,0,-35.166,0,-1
59.25,0,-35.166,0,-1
59.3,0,-35.166,0,-1
59.35,0,-35.166,0,-1
59.4,0,-35.166,0,-1
59.45,0,-35.166,0,-1
59.5,0,-35.166,0,-1
59.55,0,-35.166,0,-1
59.6,0,-35.166,0,-1
59.65,0,-35.166,0,-1
59.7,0,-35.166,0,-1
59.75,0,-35.166,0,-1
59.8,0,-35.166,0,-1
59.85,0,-35.166,0,-1
59.9,0,-35.166,0,-1
59.95,0,-35.166,0,-1
60,0,-35.166,0,-1
60.05,0,-35.166,0,-1
60.1,0,-35.166,0,-1
60.15,0,-35.166,0,-1
60.2,0,-35.166,0,-1
60.25,0,-35.166,0,-1
60.3,0,-35.166,0,-1
60.35,0,-35.166,0,-1
60.4,0,-35.166,0,-1
60.45,0,-35.166,0,-1
60.5,0,-35.166,0,-1
60.55,0,-35.166,0,-1
60.6,0,-35.166,0,-1
60.65,0,-35.166,0,-1
60.7,0,-35.166,0,-1
60.75,0,-35.166,0,-1
60.8,0,-35.166,0,-1
60.85,0,-35.166,0,-1
60.9,0,-35.166,0,-1
60.95,0,-35.166,0,-1
61,0,-35.166,0,-1
61.05,0,-35.166,0,-1
61.1,0,-35.166,0,-1
61.15,0,-35.166,0,-1
61.2,0,-35.166,0,-1
61.25,0,-35.166,0,-1
61.3,0,-35.166,0,-1
61.35,0,-35.166,0,-1
61.4,0,-35.166,0,-1
61.45,0,-35.166,0,-1
61.5,0,-35.166,0,-1
61.55,0,-35.166,0,-1
61.6,0,-35.166,0,-1
61.65,0,-35.166,0,-1
61.7,0,-35.166,0,-1
61.75,0,-35.166,0,-1
61.8,0,-35.166,0,-1
61.85,0,-35.166,0,-1
61.9,0,-35.166,0,-1
61.95,0,-35.166,0,-1
62,0,-35.166,0,-1
62.05,0,-35.166,0,-1
62.1,0,-35.166,0,-1
62.15,0,-35.166,0,-1
62.2,0,-35.166,0,-1
62.25,0,-35.166,0,-1
62.3,0,-35.166,0,-1
62.35,0,-35.166,0,-1
62.4,0,-35.166,0,-1
62.45,0,-35.166,0,-1
62.5,0,-35.166,0,-1
62.55,0,-35.166,0,-1
62.6,0,-35.166,0,-1
62.65,0,-35.166,0,-1
62.7,0,-35.166,0,-1
62.75,0,-35.166,0,-1
62.8,0,-35.166,0,-1
62.85,0,-35.166,0,-1
62.9,0,-35.166,0,-1
62.95,0,-35.166,0,-1
63,0,-35.166,0,-1
63.05,0,-35.166,0,-1
63.1,0,-35.166,0,-1
63.15,0,-35.166,0,-1
63.2,0,-35.166,0,-1
63.25,0,-35.166,0,-1
63.3,0,-35.166,0,-1
63.35,0,-35.166,0,-1
63.4,0,-35.166,0,-1
63.45,0,-35.166,0,-1
63.5,0,-35.166,0,-1
63.55,0,-35.166,0,-1
63.6,0,-35.166,0,-1
63.65,0,-35.166,0,-1
63.7,0,-35.166,0,-1
63.75,0,-35.166,0,-1
63.8,0,-35.166,0,-1
63.85,0,-35.166,0,-1
63.9,0,-35.166,0,-1
63.95,0,-35.166,0,-1
64,0,-35.166,0,-1
64.05,0,-35.166,0,-1
64.1,0,-35.166,0,-1
64.15,0,-35.166,0,-1
64.2,0,-35.166,0,-1
64.25,0,-35.166,0,-1
64.3,0,-35.166,0,-1
64.35,0,-35.166,0,-1
64.4,0,-35.166,0,-1
64.45,0,-35.166,0,-1
64.5,0,-35.166,0,-1
64.55,0,-35.166,0,-1
64.6,0,-35.166,0,-1
64.65,0,-35.166,0,-1
64.7,0,-35.166,0,-1
64.75,0,-35.166,0,-1
64.8,0,-35.166,0,-1
64.85,0,-35.166,0,-1
64.9,0,-35.166,0,-1
64.95,0,-35.166,0,-1
65,0,-35.166,0,-1
65.05,0,-35.166,0,-1
65.1,0,-35.166,0,-1
65.15,0,-35.166,0,-1
65.2,0,-35.166,0,-1
65.25,0,-35.166,0,-1
65.3,0,-35.166,0,-1
65.35,0,-35.166,0,-1
65.4,0,-35.166,0,-1
65.45,0,-35.166,0,-1
65.5,0,-35.166,0,-1
65.55,0,-35.166,0,-1
65.6,0,-35.166,0,-1
65.65,0,-35.166,0,-1
65.7,0,-35.166,0,-1
65.75,0,-35.166,0,-1
65.8,0,-35.166,0,-1
65.85,0,-35.166,0,-1
65.9,0,-35.166,0,-1
65.95,0,-35.166,0,-1
66,0,-35.166,0,-1
66.05,0,-35.166,0,-1
66.1,0,-35.166,0,-1
66.15,0,-35.166,0,-1
66.2,0,-35.166,0,-1
66.25,0,-35.166,0,-1
66.3,0,-35.166,0,-1
66.35,0,-35.166,0,-1
66.4,0,-35.166,0,-1
66.45,0,-35.166,0,-1
66.5,0,-35.166,0,-1
66.55,0,-35.166,0,-1
66.6,0,-35.166,0,-1
66.65,0,-35.166,0,-1
66.7,0,-35.166,0,-1
66.75,0,-35.166,0,-1
66.8,0,-35.166,0,-1
66.85,0,-35.166,0,-1
66.9,0,-35.166,0,-1
66.95,0,-35.166,0,-1
67,0,-35.166,0,-1
67.05,0,-35.166,0,-1
67.1,0,-35.166,0,-1
67.15,0,-35.166,0,-1
67.2,0,-35.166,0,-1
67.25,0,-35.166,0,-1
67.3,0,-35.166,0,-1
67.35,0,-35.166,0,-1
67.4,0,-35.166,0,-1
67.45,0,-35.166,0,-1
67.5,0,-35.166,0,-1
67.55,0,-35.166,0,-1
67.6,0,-35.166,0,-1
67.65,0,-35.166,0,-1
67.7,0,-35.166,0,-1
67.75,0,-35.166,0,-1
67.8,0,-35.166,0,-1
67.85,0,-35.166,0,-1
67.9,0,-35.166,0,-1
67.95,0,-35.166,0,-1
68,0,-35.166,0,-1
68.05,0,-35.166,0,-1
68.1,0,-35.166,0,-1
68.15,0,-35.166,0,-1
68.2,0,-35.166,0,-1
68.25,0,-35.166,0,-1
68.3,0,-35.166,0,-1
68.35,0,-35.166,0,-1
68.4,0,-35.166,0,-1
68.45,0,-35.166,0,-1
68.5,0,-35.166,0,-1
68.55,0,-35.166,0,-1
68.6,0,-35.166,0,-1
68.65,0,-35.166,0,-1
68.7,0,-35.166,0,-1
68.75,0,-35.166,0,-1
68.8,0,-35.166,0,-1
68.85,0,-35.166,0,-1
68.9,0,-35.166,0,-1
68.95,0,-35.166,0,-1
69,0,-35.166,0,-1
69.05,0,-35.166,0,-1
69.1,0,-35.166,0,-1
69.15,0,-35.166,0,-1
69.2,0,-35.166,0,-1
69.25,0,-35.166,0,-1
69.3,0,-35.166,0,-1
69.35,0,-35.166,0,-1
69.4,0,-35.166,0,-1
69.45,0,-35.166,0,-1
69.5,0,-35.166,0,-1
69.55,0,-35.166,0,-1
69.6,0,-35.166,0,-1
69.65,0,-35.166,0,-1
69.7,0,-35.166,0,-1
69.75,0,-35.166,0,-1
69.8,0,-35.166,0,-1
69.85,0,-35.166,0,-1
69.9,0,-35.166,0,-1
69.95,0,-35.166,0,-1
70,0,-35.166,0,-1
70.05,0,-35.166,0,-1
70.1,0,-35.166,0,-1
70.15,0,-35.166,0,-1
70.2,0,-35.166,0,-1
70.25,0,-35.166,0,-1
70.3,0,-35.166,0,-1
70.35,0,-35.166,0,-1
70.4,0,-35.166,0,-1
70.45,0,-35.166,0,-1
70.5,0,-35.166,0,-1
70.55,0,-35.166,0,-1
70.6,0,-35.166,0,-1
70.65,0,-35.166,0,-1
70.7,0,-35.166,0,-1
70.75,0,-35.166,0,-1
70.8,0,-35.166,0,-1
70.85,0,-35.166,0,-1
70.9,0,-35.166,0,-1
70.95,0,-35.166,0,-1
71,0,-35.166,0,-1
71.05,0,-35.166,0,-1
71.1,0,-35.166,0,-1
71.15,0,-35.166,0,-1
71.2,0,-35.166,0,-1
71.25,0,-35.166,0,-1
71.3,0,-35.166,0,-1
71.35,0,-35.166,0,-1
71.4,0,-35.166,0,-1
71.45,0,-35.166,0,-1
71.5,0,-35.166,0,-1
71.55,0,-35.166,0,-1
71.6,0,-35.166,0,-1
71.65,0,-35.166,0,-1
71.7,0,-35.166,0,-1
71.75,0,-35.166,0,-1
71.8,0,-35.166,0,-1
71.85,0,-35.166,0,-1
71.9,0,-35.166,0,-1
71.95,0,-35.166,0,-1
72,0,-35.166,0,-1
72.05,0,-35.166,0,-1
72.1,0,-35.166,0,-1
72.15,0,-35.166,0,-1
72.2,0,-35.166,0,-1
72.25,0,-35.166,0,-1
72.3,0,-35.166,0,-1
72.35,0,-35.166,0,-1
72.4,0,-35.166,0,-1
72.45,0,-35.166,0,-1
72.5,0,-35.166,0,-1
72.55,0,-35.166,0,-1
72.6,0,-35.166,0,-1
72.65,0,-35.166,0,-1
72.7,0,-35.166,0,-1
72.75,0,-35.166,0,-1
72.8,0,-35.166,0,-1
72.85,0,-35.166,0,-1
72.9,0,-35.166,0,-1
72.95,0,-35.166,0,-1
73,0,-35.166,0,-1
73.05,0,-35.166,0,-1
73.1,0,-35.166,0,-1
73.15,0,-35.166,0,-1
73.2,0,-35.166,0,-1
73.25,0,-35.166,0,-1
73.3,0,-35.166,0,-1
73.35,0,-35.166,0,-1
73.4,0,-35.166,0,-1
73.45,0,-35.166,0,-1
73.5,0,-35.166,0,-1
73.55,0,-35.166,0,-1
73.6,0,-35.166,0,-1
73.65,0,-35.166,0,-1
73.7,0,-35.166,0,-1
73.75,0,-35.166,0,-1
73.8,0,-35.166,0,-1
73.85,0,-35.166,0,-1
73.9,0,-35.166,0,-1
73.95,0,-35.166,0,-1
74,0,-35.166,0,-1
74.05,0,-35.166,0,-1
74.1,0,-35.166,0,-1
74.15,0,-35.166,0,-1
74.2,0,-35.166,0,-1
74.25,0,-35.166,0,-1
74.3,0,-35.166,0,-1
74.35,0,-35.166,0,-1
74.4,0,-35.166,0,-1
74.45,0,-35.166,0,-1
74.5,0,-35.166,0,-1
74.55,0,-35.166,0,-1
74.6,0,-35.166,0,-1
74.65,0,-35.166,0,-1
74.7,0,-35.166,0,-1
74.75,0,-35.166,0,-1
74.8,0,-35.166,0,-1
74.85,0,-35.166,0,-1
74.9,0,-35.166,0,-1
74.95,0,-35.166,0,-1
75,0,-35.166,0,-1
75.05,0,-35.166,0,-1
75.1,0,-35.166,0,-1
75.15,0,-35.166,0,-1
75.2,0,-35.166,0,-1
75.25,0,-35.166,0,-1
75.3,0,-35.166,0,-1
75.35,0,-35.166,0,-1
75.4,0,-35.166,0,-1
75.45,0,-35.166,0,-1
75.5,0,-35.166,0,-1
75.55,0,-35.166,0,-1
75.6,0,-35.166,0,-1
75.65,0,-35.166,0,-1
75.7,0,-35.166,0,-1
75.75,0,-35.166,0,-1
75.8,0,-35.166,0,-1
75.85,0,-35.166,0,-1
75.9,0,-35.166,0,-1
75.95,0,-35.166,0,-1
76,0,-35.166,0,-1
76.05,0,-35.166,0,-1
76.1,0,-35.166,0,-1
76.15,0,-35.166,0,-1
76.2,0,-35.166,0,-1
76.25,0,-35.166,0,-1
76.3,0,-35.166,0,-1
76.35,0,-35.166,0,-1
76.4,0,-35.166,0,-1
76.45,0,-35.166,0,-1
76.5,0,-35.166,0,-1
76.55,0,-35.166,0,-1
76.6,0,-35.166,0,-1
76.65,0,-35.166,0,-1
76.7,0,-35.166,0,-1
76.75,0,-35.166,0,-1
76.8,0,-35.166,0,-1
76.85,0,-35.166,0,-1
76.9,0,-35.166,0,-1
76.95,0,-35.166,0,-1
77,0,-35.166,0,-1
77.05,0,-35.166,0,-1
77.1,0,-35.166,0,-1
77.15,0,-35.166,0,-1
77.2,0,-35.166,0,-1
77.25,0,-35.166,0,-1
77.3,0,-35.166,0,-1
77.35,0,-35.166,0,-1
77.4,0,-35.166,0,-1
77.45,0,-35.166,0,-1
77.5,0,-35.166,0,-1
77.55,0,-35.166,0,-1
77.6,0,-35.166,0,-1
77.65,0,-35.166,0,-1
77.7,0,-35.166,0,-1
77.75,0,-35.166,0,-1
77.8,0,-35.166,0,-1
77.85,0,-35.166,0,-1
77.9,0,-35.166,0,-1
77.95,0,-35.166,0,-1
78,0,-35.166,0,-1
78.05,0,-35.166,0,-1
78.1,0,-35.166,0,-1
78.15,0,-35.166,0,-1
78.2,0,-35.166,0,-1
78.25,0,-35.166,0,-1
78.3,0,-35.166,0,-1
78.35,0,-35.166,0,-1
78.4,0,-35.166,0,-1
78.45,0,-35.166,0,-1
78.5,0,-35.166,0,-1
78.55,0,-35.166,0,-1
78.6,0,-35.166,0,-1
78.65,0,-35.166,0,-1
78.7,0,-35.166,0,-1
78.75,0,-35.166,0,-1
78.8,0,-35.166,0,-1
78.85,0,-35.166,0,-1
78.9,0,-35.166,0,-1
78.95,0,-35.166,0,-1
79,0,-35.166,0,-1
79.05,0,-35.166,0,-1
79.1,0,-35.166,0,-1
79.15,0,-35.166,0,-1
79.2,0,-35.166,0,-1
79.25,0,-35.166,0,-1
79.3,0,-35.166,0,-1
79.35,0,-35.166,0,-1
79.4,0,-35.166,0,-1
79.45,0,-35.166,0,-1
79.5,0,-35.166,0,-1
79.55,0,-35.166,0,-1
79.6,0,-35.166,0,-1
79.65,0,-35.166,0,-1
79.7,0,-35.166,0,-1
79.75,0,-35.166,0,-1
79.8,0,-35.166,0,-1
79.85,0,-35.166,0,-1
79.9,0,-35.166,0,-1
79.95,0,-35.166,0,-1
80,0,-35.166,0,-1
80.05,0,-35.166,0,-1
80.1,0,-35.166,0,-1
80.15,0,-35.166,0,-1
80.2,0,-35.166,0,-1
80.25,0,-35.166,0,-1
80.3,0,-35.166,0,-1
80.35,0,-35.166,0,-1
80.4,0,-35.166,0,-1
80.45,0,-35.166,0,-1
80.5,0,-35.166,0,-1
80.55,0,-35.166,0,-1
80.6,0,-35.166,0,-1
80.65,0,-35.166,0,-1
80.7,0,-35.166,0,-1
80.75,0,-35.166,0,-1
80.8,0,-35.166,0,-1
80.85,0,-35.166,0,-1
80.9,0,-35.166,0,-1
80.95,0,-35.166,0,-1
81,0,-35.166,0,-1
81.05,0,-35.166,0,-1
81.1,0,-35.166,0,-1
81.15,0,-35.166,0,-1
81.2,0,-35.166,0,-1
81.25,0,-35.166,0,-1
81.3,0,-35.166,0,-1
81.35,0,-35.166,0,-1
81.4,0,-35.166,0,-1
81.45,0,-35.166,0,-1
81.5,0,-35.166,0,-1
81.55,0,-35.166,0,-1
81.6,0,-35.166,0,-1
81.65,0,-35.166,0,-1
81.7,0,-35.166,0,-1
81.75,0,-35.166,0,-1
81.8,0,-35.166,0,-1
81.85,0,-35.166,0,-1
81.9,0,-35.166,0,-1
81.95,0,-35.166,0,-1
82,0,-35.166,0,-1
82.05,0,-35.166,0,-1
82.1,0,-35.166,0,-1
82.15,0,-35.166,0,-1
82.2,0,-35.166,0,-1
82.25,0,-35.166,0,-1
82.3,0,-35.166,0,-1
82.35,0,-35.166,0,-1
82.4,0,-35.166,0,-1
82.45,0,-35.166,0,-1
82.5,0,-35.166,0,-1
82.55,0,-35.166,0,-1
82.6,0,-35.166,0,-1
82.65,0,-35.166,0,-1
82.7,0,-35.166,0,-1
82.75,0,-35.166,0,-1
82.8,0,-35.166,0,-1
82.85,0,-35.166,0,-1
82.9,0,-35.166,0,-1
82.95,0,-35.166,0,-1
83,0,-35.166,0,-1
83.05,0,-35.166,0,-1
83.1,0,-35.166,0,-1
83.15,0,-35.166,0,-1
83.2,0,-35.166,0,-1
83.25,0,-35.166,0,-1
83.3,0,-35.166,0,-1
83.35,0,-35.166,0,-1
83.4,0,-35.166,0,-1
83.45,0,-35.166,0,-1
83.5,0,-35.166,0,-1
83.55,0,-35.166,0,-1
83.6,0,-35.166,0,-1
83.65,0,-35.166,0,-1
83.7,0,-35.166,0,-1
83.75,0,-35.166,0,-1
83.8,0,-35.166,0,-1
83.85,0,-35.166,0,-1
83.9,0,-35.166,0,-1
83.95,0,-35.166,0,-1
84,0,-35.166,0,-1
84.05,0,-35.166,0,-1
84.1,0,-35.166,0,-1
84.15,0,-35.166,0,-1
84.2,0,-35.166,0,-1
84.25,0,-35.166,0,-1
84.3,0,-35.166,0,-1
84.35,0,-35.166,0,-1
84.4,0,-35.166,0,-1
84.45,0,-35.166,0,-1
84.5,0,-35.166,0,-1
84.55,0,-35.166,0,-1
84.6,0,-35.166,0,-1
84.65,0,-35.166,0,-1
84.7,0,-35.166,0,-1
84.75,0,-35.166,0,-1
84.8,0,-35.166,0,-1
84.85,0,-35.166,0,-1
84.9,0,-35.166,0,-1
84.95,0,-35.166,0,-1
85,0,-35.166,0,-1
85.05,0,-35.166,0,-1
85.1,0,-35.166,0,-1
85.15,0,-35.166,0,-1
85.2,0,-35.166,0,-1
85.25,0,-35.166,0,-1
85.3,0,-35.166,0,-1
85.35,0,-35.166,0,-1
85.4,0,-35.166,0,-1
85.45,0,-35.166,0,-1
85.5,0,-35.166,0,-1
85.55,0,-35.166,0,-1
85.6,0,-35.166,0,-1
85.65,0,-35.166,0,-1
85.7,0,-35.166,0,-1
85.75,0,-35.166,0,-1
85.8,0,-35.166,0,-1
85.85,0,-35.166,0,-1
85.9,0,-35.166,0,-1
85.95,0,-35.166,0,-1
86,0,-35.166,0,-1
86.05,0,-35.166,0,-1
86.1,0,-35.166,0,-1
86.15,0,-35.166,0,-1
86.2,0,-35.166,0,-1
86.25,0,-35.166,0,-1
86.3,0,-35.166,0,-1
86.35,0,-35.166,0,-1
86.4,0,-35.166,0,-1
86.45,0,-35.166,0,-1
86.5,0,-35.166,0,-1
86.55,0,-35.166,0,-1
86.6,0,-35.166,0,-1
86.65,0,-35.166,0,-1
86.7,0,-35.166,0,-1
86.75,0,-35.166,0,-1
86.8,0,-35.166,0,-1
86.85,0,-35.166,0,-1
86.9,0,-35.166,0,-1
86.95,0,-35.166,0,-1
87,0,-35.166,0,-1
87.05,0,-35.166,0,-1
87.1,0,-35.166,0,-1
87.15,0,-35.166,0,-1
87.2,0,-35.166,0,-1
87.25,0,-35.166,0,-1
87.3,0,-35.166,0,-1
87.35,0,-35.166,0,-1
87.4,0,-35.166,0,-1
87.45,0,-35.166,0,-1
87.5,0,-35.166,0,-1
87.55,0,-35.166,0,-1
87.6,0,-35.166,0,-1
87.65,0,-35.166,0,-1
87.7,0,-35.166,0,-1
87.75,0,-35.166,0,-1
87.8,0,-35.166,0,-1
87.85,0,-35.166,0,-1
87.9,0,-35.166,0,-1
87.95,0,-35.166,0,-1
88,0,-35.166,0,-1
88.05,0,-35.166,0,-1
88.1,0,-35.166,0,-1
88.15,0,-35.166,0,-1
88.2,0,-35.166,0,-1
88.25,0,-35.166,0,-1
88.3,0,-35.166,0,-1
88.35,0,-35.166,0,-1
88.4,0,-35.166,0,-1
88.45,0,-35.166,0,-1
88.5,0,-35.166,0,-1
88.55,0,-35.166,0,-1
88.6,0,-35.166,0,-1
88.65,0,-35.166,0,-1
88.7,0,-35.166,0,-1
88.75,0,-35.166,0,-1
88.8,0,-35.166,0,-1
88.85,0,-35.166,0,-1
88.9,0,-35.166,0,-1
88.95,0,-35.166,0,-1
89,0,-35.166,0,-1
89.05,0,-35.166,0,-1
89.1,0,-35.166,0,-1
89.15,0,-35.166,0,-1
89.2,0,-35.166,0,-1
89.25,0,-35.166,0,-1
89.3,0,-35.166,0,-1
89.35,0,-35.166,0,-1
89.4,0,-35.166,0,-1
89.45,0,-35.166,0,-1
89.5,0,-35.166,0,-1
89.55,0,-35.166,0,-1
89.6,0,-35.166,0,-1
89.65,0,-35.166,0,-1
89.7,0,-35.166,0,-1
89.75,0,-35.166,0,-1
89.8,0,-35.166,0,-1
89.85,0,-35.166,0,-1
89.9,0,-35.166,0,-1
89.95,0,-35.166,0,-1
90,0,-35.166,0,-1
90.05,0,-35.166,0,-1
90.1,0,-35.166,0,-1
90.15,0,-35.166,0,-1
90.2,0,-35.166,0,-1
90.25,0,-35.166,0,-1
90.3,0,-35.166,0,-1
90.35,0,-35.166,0,-1
90.4,0,-35.166,0,-1
90.45,0,-35.166,0,-1
90.5,0,-35.166,0,-1
90.55,0,-35.166,0,-1
90.6,0,-35.166,0,-1
90.65,0,-35.166,0,-1
90.7,0,-35.166,0,-1
90.75,0,-35.166,0,-1
90.8,0,-35.166,0,-1
90.85,0,-35.166,0,-1
90.9,0,-35.166,0,-1
90.95,0,-35.166,0,-1
91,0,-35.166,0,-1
91.05,0,-35.166,0,-1
91.1,0,-35.166,0,-1
91.15,0,-35.166,0,-1
91.2,0,-35.166,0,-1
91.25,0,-35.166,0,-1
91.3,0,-35.166,0,-1
91.35,0,-35.166,0,-1
91.4,0,-35.166,0,-1
91.45,0,-35.166,0,-1
91.5,0,-35.166,0,-1
91.55,0,-35.166,0,-1
91.6,0,-35.166,0,-1
91.65,0,-35.166,0,-1
91.7,0,-35.166,0,-1
91.75,0,-35.166,0,-1
91.8,0,-35.166,0,-1
91.85,0,-35.166,0,-1
91.9,0,-35.166,0,-1
91.95,0,-35.166,0,-1
92,0,-35.166,0,-1
92.05,0,-35.166,0,-1
92.1,0,-35.166,0,-1
92.15,0,-35.166,0,-1
92.2,0,-35.166,0,-1
92.25,0,-35.166,0,-1
92.3,0,-35.166,0,-1
92.35,0,-35.166,0,-1
92.4,0,-35.166,0,-1
92.45,0,-35.166,0,-1
92.5,0,-35.166,0,-1
92.55,0,-35.166,0,-1
92.6,0,-35.166,0,-1
92.65,0,-35.166,0,-1
92.7,0,-35.166,0,-1
92.75,0,-35.166,0,-1
92.8,0,-35.166,0,-1
92.85,0,-35.166,0,-1
92.9,0,-35.166,0,-1
92.95,0,-35.166,0,-1
93,0,-35.166,0,-1
93.05,0,-35.166,0,-1
93.1,0,-35.166,0,-1
93.15,0,-35.166,0,-1
93.2,0,-35.166,0,-1
93.25,0,-35.166,0,-1
93.3,0,-35.166,0,-1
93.35,0,-35.166,0,-1
93.4,0,-35.166,0,-1
93.45,0,-35.166,0,-1
93.5,0,-35.166,0,-1
93.55,0,-35.166,0,-1
93.6,0,-35.166,0,-1
93.65,0,-35.166,0,-1
93.7,0,-35.166,0,-1
93.75,0,-35.166,0,-1
93.8,0,-35.166,0,-1
93.85,0,-35.166,0,-1
93.9,0,-35.166,0,-1
93.95,0,-35.166,0,-1
94,0,-35.166,0,-1
94.05,0,-35.166,0,-1
94.1,0,-35.166,0,-1
94.15,0,-35.166,0,-1
94.2,0,-35.166,0,-1
94.25,0,-35.166,0,-1
94.3,0,-35.166,0,-1
94.35,0,-35.166,0,-1
94.4,0,-35.166,0,-1
94.45,0,-35.166,0,-1
94.5,0,-35.166,0,-1
94.55,0,-35.166,0,-1
94.6,0,-35.166,0,-1
94.65,0,-35.166,0,-1
94.7,0,-35.166,0,-1
94.75,0,-35.166,0,-1
94.8,0,-35.166,0,-1
94.85,0,-35.166,0,-1
94.9,0,-35.166,0,-1
94.95,0,-35.166,0,-1
95,0,-35.166,0,-1
95.05,0,-35.166,0,-1
95.1,0,-35.166,0,-1
95.15,0,-35.166,0,-1
95.2,0,-35.166,0,-1
95.25,0,-35.166,0,-1
95.3,0,-35.166,0,-1
95.35,0,-35.166,0,-1
95.4,0,-35.166,0,-1
95.45,0,-35.166,0,-1
95.5,0,-35.166,0,-1
95.55,0,-35.166,0,-1
95.6,0,-35.166,0,-1
95.65,0,-35.166,0,-1
95.7,0,-35.166,0,-1
95.75,0,-35.166,0,-1
95.8,0,-35.166,0,-1
95.85,0,-35.166,0,-1
95.9,0,-35.166,0,-1
95.95,0,-35.166,0,-1
96,0,-35.166,0,-1
96.05,0,-35.166,0,-1
96.1,0,-35.166,0,-1
96.15,0,-35.166,0,-1
96.2,0,-35.166,0,-1
96.25,0,-35.166,0,-1
96.3,0,-35.166,0,-1
96.35,0,-35.166,0,-1
96.4,0,-35.166,0,-1
96.45,0,-35.166,0,-1
96.5,0,-35.166,0,-1
96.55,0,-35.166,0,-1
96.6,0,-35.166,0,-1
96.65,0,-35.166,0,-1
96.7,0,-35.166,0,-1
96.75,0,-35.166,0,-1
96.8,0,-35.166,0,-1
96.85,0,-35.166,0,-1
96.9,0,-35.166,0,-1
96.95,0,-35.166,0,-1
97,0,-35.166,0,-1
97.05,0,-35.166,0,-1
97.1,0,-35.166,0,-1
97.15,0,-35.166,0,-1
97.2,0,-35.166,0,-1
97.25,0,-35.166,0,-1
97.3,0,-35.166,0,-1
97.35,0,-35.166,0,-1
97.4,0,-35.166,0,-1
97.45,0,-35.166,0,-1
97.5,0,-35.166,0,-1
97.55,0,-35.166,0,-1
97.6,0,-35.166,0,-1
97.65,0,-35.166,0,-1
97.7,0,-35.166,0,-1
97.75,0,-35.166,0,-1
97.8,0,-35.166,0,-1
97.85,0,-35.166,0,-1
97.9,0,-35.166,0,-1
97.95,0,-35.166,0,-1
98,0,-35.166,0,-1
98.05,0,-35.166,0,-1
98.1,0,-35.166,0,-1
98.15,0,-35.166,0,-1
98.2,0,-35.166,0,-1
98.25,0,-35.166,0,-1
98.3,0,-35.166,0,-1
98.35,0,-35.166,0,-1
98.4,0,-35.166,0,-1
98.45,0,-35.166,0,-1
98.5,0,-35.166,0,-1
98.55,0,-35.166,0,-1
98.6,0,-35.166,0,-1
98.65,0,-35.166,0,-1
98.7,0,-35.166,0,-1
98.75,0,-35.166,0,-1
98.8,0,-35.166,0,-1
98.85,0,-35.166,0,-1
98.9,0,-35.166,0,-1
98.95,0,-35.166,0,-1
99,0,-35.166,0,-1
99.05,0,-35.166,0,-1
99.1,0,-35.166,0,-1
99.15,0,-35.166,0,-1
99.2,0,-35.166,0,-1
99.25,0,-35.166,0,-1
99.3,0,-35.166,0,-1
99.35,0,-35.166,0,-1
99.4,0,-35.166,0,-1
99.45,0,-35.166,0,-1
99.5,0,-35.166,0,-1
99.55,0,-35.166,0,-1
99.6,0,-35.166,0,-1
99.65,0,-35.166,0,-1
99.7,0,-35.166,0,-1
99.75,0,-35.166,0,-1
99.8,0,-35.166,0,-1
99.85,0,-35.166,0,-1
99.9,0,-35.166,0,-1
99.95,0,-35.166,0,-1
100,0,-35.166,0,-1
100.05,0,-35.166,0,-1
100.1,0,-35.166,0,-1
100.15,0,-35.166,0,-1
100.2,0,-35.166,0,-1
100.25,0,-35.166,0,-1
100.3,0,-35.166,0,-1
100.35,0,-35.166,0,-1
100.4,0,-35.166,0,-1
100.45,0,-35.166,0,-1
100.5,0,-35.166,0,-1
100.55,0,-35.166,0,-1
100.6,0,-35.166,0,-1
100.65,0,-35.166,0,-1
100.7,0,-35.166,0,-1
100.75,0,-35.166,0,-1
100.8,0,-35.166,0,-1
100.85,0,-35.166,0,-1
100.9,0,-35.166,0,-1
100.95,0,-35.166,0,-1
101,0,-35.166,0,-1
101.05,0,-35.166,0,-1
101.1,0,-35.166,0,-1
101.15,0,-35.166,0,-1
101.2,0,-35.166,0,-1
101.25,0,-35.166,0,-1
101.3,0,-35.166,0,-1
101.35,0,-35.166,0,-1
101.4,0,-35.166,0,-1
101.45,0,-35.166,0,-1
101.5,0,-35.166,0,-1
101.55,0,-35.166,0,-1
101.6,0,-35.166,0,-1
101.65,0,-35.166,0,-1
101.7,0,-35.166,0,-1
101.75,0,-35.166,0,-1
101.8,0,-35.166,0,-1
101.85,0,-35.166,0,-1
101.9,0,-35.166,0,-1
101.95,0,-35.166,0,-1
102,0,-35.166,0,-1
102.05,0,-35.166,0,-1
102.1,0,-35.166,0,-1
102.15,0,-35.166,0,-1
102.2,0,-35.166,0,-1
102.25,0,-35.166,0,-1
102.3,0,-35.166,0,-1
102.35,0,-35.166,0,-1
102.4,0,-35.166,0,-1
102.45,0,-35.166,0,-1
102.5,0,-35.166,0,-1
102.55,0,-35.166,0,-1
102.6,0,-35.166,0,-1
102.65,0,-35.166,0,-1
102.7,0,-35.166,0,-1
102.75,0,-35.166,0,-1
102.8,0,-35.166,0,-1
102.85,0,-35.166,0,-1
102.9,0,-35.166,0,-1
102.95,0,-35.166,0,-1
103,0,-35.166,0,-1
103.05,0,-35.166,0,-1
103.1,0,-35.166,0,-1
103.15,0,-35.166,0,-1
103.2,0,-35.166,0,-1
103.25,0,-35.166,0,-1
103.3,0,-35.166,0,-1
103.35,0,-35.166,0,-1
103.4,0,-35.166,0,-1
103.45,0,-35.166,0,-1
103.5,0,-35.166,0,-1
103.55,0,-35.166,0,-1
103.6,0,-35.166,0,-1
103.65,0,-35.166,0,-1
103.7,0,-35.166,0,-1
103.75,0,-35.166,0,-1
103.8,0,-35.166,0,-1
103.85,0,-35.166,0,-1
103.9,0,-35.166,0,-1
103.95,0,-35.166,0,-1
104,0,-35.166,0,-1
104.05,0,-35.166,0,-1
104.1,0,-35.166,0,-1
104.15,0,-35.166,0,-1
104.2,0,-35.166,0,-1
104.25,0,-35.166,0,-1
104.3,0,-35.166,0,-1
104.35,0,-35.166,0,-1
104.4,0,-35.166,0,-1
104.45,0,-35.166,0,-1
104.5,0,-35.166,0,-1
104.55,0,-35.166,0,-1
104.6,0,-35.166,0,-1
104.65,0,-35.166,0,-1
104.7,0,-35.166,0,-1
104.75,0,-35.166,0,-1
104.8,0,-35.166,0,-1
104.85,0,-35.166,0,-1
104.9,0,-35.166,0,-1
104.95,0,-35.166,0,-1
105,0,-35.166,0,-1
105.05,0,-35.166,0,-1
105.1,0,-35.166,0,-1
105.15,0,-35.166,0,-1
105.2,0,-35.166,0,-1
105.25,0,-35.166,0,-1
105.3,0,-35.166,0,-1
105.35,0,-35.166,0,-1
105.4,0,-35.166,0,-1
105.45,0,-35.166,0,-1
105.5,0,-35.166,0,-1
105.55,0,-35.166,0,-1
105.6,0,-35.166,0,-1
105.65,0,-35.166,0,-1
105.7,0,-35.166,0,-1
105.75,0,-35.166,0,-1
105.8,0,-35.166,0,-1
105.85,0,-35.166,0,-1
105.9,0,-35.166,0,-1
105.95,0,-35.166,0,-1
106,0,-35.166,0,-1
106.05,0,-35.166,0,-1
106.1,0,-35.166,0,-1
106.15,0,-35.166,0,-1
106.2,0,-35.166,0,-1
106.25,0,-35.166,0,-1
106.3,0,-35.166,0,-1
106.35,0,-35.166,0,-1
106.4,0,-35.166,0,-1
106.45,0,-35.166,0,-1
106.5,0,-35.166,0,-1
106.55,0,-35.166,0,-1
106.6,0,-35.166,0,-1
106.65,0,-35.166,0,-1
106.7,0,-35.166,0,-1
106.75,0,-35.166,0,-1
106.8,0,-35.166,0,-1
106.85,0,-35.166,0,-1
106.9,0,-35.166,0,-1
106.95,0,-35.166,0,-1
107,0,-35.166,0,-1
107.05,0,-35.166,0,-1
107.1,0,-35.166,0,-1
107.15,0,-35.166,0,-1
107.2,0,-35.166,0,-1
107.25,0,-35.166,0,-1
107.3,0,-35.166,0,-1
107.35,0,-35.166,0,-1
107.4,0,-35.166,0,-1
107.45,0,-35.166,0,-1
107.5,0,-35.166,0,-1
107.55,0,-35.166,0,-1
107.6,0,-35.166,0,-1
107.65,0,-35.166,0,-1
107.7,0,-35.166,0,-1
107.75,0,-35.166,0,-1
107.8,0,-35.166,0,-1
107.85,0,-35.166,0,-1
107.9,0,-35.166,0,-1
107.95,0,-35.166,0,-1
108,0,-35.166,0,-1
108.05,0,-35.166,0,-1
108.1,0,-35.166,0,-1
108.15,0,-35.166,0,-1
108.2,0,-35.166,0,-1
108.25,0,-35.166,0,-1
108.3,0,-35.166,0,-1
108.35,0,-35.166,0,-1
108.4,0,-35.166,0,-1
108.45,0,-35.166,0,-1
108.5,0,-35.166,0,-1
108.55,0,-35.166,0,-1
108.6,0,-35.166,0,-1
108.65,0,-35.166,0,-1
108.7,0,-35.166,0,-1
108.75,0,-35.166,0,-1
108.8,0,-35.166,0,-1
108.85,0,-35.166,0,-1
108.9,0,-35.166,0,-1
108.95,0,-35.166,0,-1
109,0,-35.166,0,-1
109.05,0,-35.166,0,-1
109.1,0,-35.166,0,-1
109.15,0,-35.166,0,-1
109.2,0,-35.166,0,-1
109.25,0,-35.166,0,-1
109.3,0,-35.166,0,-1
109.35,0,-35.166,0,-1
109.4,0,-35.166,0,-1
109.45,0,-35.166,0,-1
109.5,0,-35.166,0,-1
109.55,0,-35.166,0,-1
109.6,0,-35.166,0,-1
109.65,0,-35.166,0,-1
109.7,0,-35.166,0,-1
109.75,0,-35.166,0,-1
109.8,0,-35.166,0,-1
109.85,0,-35.166,0,-1
109.9,0,-35.166,0,-1
109.95,0,-35.166,0,-1
110,0,-35.166,0,-1
110.05,0,-35.166,0,-1
110.1,0,-35.166,0,-1
110.15,0,-35.166,0,-1
110.2,0,-35.166,0,-1
110.25,0,-35.166,0,-1
110.3,0,-35.166,0,-1
110.35,0,-35.166,0,-1
110.4,0,-35.166,0,-1
110.45,0,-35.166,0,-1
110.5,0,-35.166,0,-1
110.55,0,-35.166,0,-1
110.6,0,-35.166,0,-1
110.65,0,-35.166,0,-1
110.7,0,-35.166,0,-1
110.75,0,-35.166,0,-1
110.8,0,-35.166,0,-1
110.85,0,-35.166,0,-1
110.9,0,-35.166,0,-1
110.95,0,-35.166,0,-1
111,0,-35.166,0,-1
111.05,0,-35.166,0,-1
111.1,0,-35.166,0,-1
111.15,0,-35.166,0,-1
111.2,0,-35.166,0,-1
111.25,0,-35.166,0,-1
111.3,0,-35.166,0,-1
111.35,0,-35.166,0,-1
111.4,0,-35.166,0,-1
111.45,0,-35.166,0,-1
111.5,0,-35.166,0,-1
111.55,0,-35.166,0,-1
111.6,0,-35.166,0,-1
111.65,0,-35.166,0,-1
111.7,0,-35.166,0,-1
111.75,0,-35.166,0,-1
111.8,0,-35.166,0,-1
111.85,0,-35.166,0,-1
111.9,0,-35.166,0,-1
111.95,0,-35.166,0,-1
112,0,-35.166,0,-1
112.05,0,-35.166,0,-1
112.1,0,-35.166,0,-1
112.15,0,-35.166,0,-1
112.2,0,-35.166,0,-1
112.25,0,-35.166,0,-1
112.3,0,-35.166,0,-1
112.35,0,-35.166,0,-1
112.4,0,-35.166,0,-1
112.45,0,-35.166,0,-1
112.5,0,-35.166,0,-1
112.55,0,-35.166,0,-1
112.6,0,-35.166,0,-1
112.65,0,-35.166,0,-1
112.7,0,-35.166,0,-1
112.75,0,-35.166,0,-1
112.8,0,-35.166,0,-1
112.85,0,-35.166,0,-1
112.9,0,-35.166,0,-1
112.95,0,-35.166,0,-1
113,0,-35.166,0,-1
113.05,0,-35.166,0,-1
113.1,0,-35.166,0,-1
113.15,0,-35.166,0,-1
113.2,0,-35.166,0,-1
113.25,0,-35.166,0,-1
113.3,0,-35.166,0,-1
113.35,0,-35.166,0,-1
113.4,0,-35.166,0,-1
113.45,0,-35.166,0,-1
113.5,0,-35.166,0,-1
113.55,0,-35.166,0,-1
113.6,0,-35.166,0,-1
113.65,0,-35.166,0,-1
113.7,0,-35.166,0,-1
113.75,0,-35.166,0,-1
113.8,0,-35.166,0,-1
113.85,0,-35.166,0,-1
113.9,0,-35.166,0,-1
113.95,0,-35.166,0,-1
114,0,-35.166,0,-1
114.05,0,-35.166,0,-1
114.1,0,-35.166,0,-1
114.15,0,-35.166,0,-1
114.2,0,-35.166,0,-1
114.25,0,-35.166,0,-1
114.3,0,-35.166,0,-1
114.35,0,-35.166,0,-1
114.4,0,-35.166,0,-1
114.45,0,-35.166,0,-1
114.5,0,-35.166,0,-1
114.55,0,-35.166,0,-1
114.6,0,-35.166,0,-1
114.65,0,-35.166,0,-1
114.7,0,-35.166,0,-1
114.75,0,-35.166,0,-1
114.8,0,-35.166,0,-1
114.85,0,-35.166,0,-1
114.9,0,-35.166,0,-1
114.95,0,-35.166,0,-1
115,0,-35.166,0,-1
115.05,0,-35.166,0,-1
115.1,0,-35.166,0,-1
115.15,0,-35.166,0,-1
115.2,0,-35.166,0,-1
115.25,0,-35.166,0,-1
115.3,0,-35.166,0,-1
115.35,0,-35.166,0,-1
115.4,0,-35.166,0,-1
115.45,0,-35.166,0,-1
115.5,0,-35.166,0,-1
115.55,0,-35.166,0,-1
115.6,0,-35.166,0,-1
115.65,0,-35.166,0,-1
115.7,0,-35.166,0,-1
115.75,0,-35.166,0,-1
115.8,0,-35.166,0,-1
115.85,0,-35.166,0,-1
115.9,0,-35.166,0,-1
115.95,0,-35.166,0,-1
116,0,-35.166,0,-1
116.05,0,-35.166,0,-1
116.1,0,-35.166,0,-1
116.15,0,-35.166,0,-1
116.2,0,-35.166,0,-1
116.25,0,-35.166,0,-1
116.3,0,-35.166,0,-1
116.35,0,-35.166,0,-1
116.4,0,-35.166,0,-1
116.45,0,-35.166,0,-1
116.5,0,-35.166,0,-1
116.55,0,-35.166,0,-1
116.6,0,-35.166,0,-1
116.65,0,-35.166,0,-1
116.7,0,-35.166,0,-1
116.75,0,-35.166,0,-1
116.8,0,-35.166,0,-1
116.85,0,-35.166,0,-1
116.9,0,-35.166,0,-1
116.95,0,-35.166,0,-1
117,0,-35.166,0,-1
117.05,0,-35.166,0,-1
117.1,0,-35.166,0,-1
117.15,0,-35.166,0,-1
117.2,0,-35.166,0,-1
117.25,0,-35.166,0,-1
117.3,0,-35.166,0,-1
117.35,0,-35.166,0,-1
117.4,0,-35.166,0,-1
117.45,0,-35.166,0,-1
117.5,0,-35.166,0,-1
117.55,0,-35.166,0,-1
117.6,0,-35.166,0,-1
117.65,0,-35.166,0,-1
117.7,0,-35.166,0,-1
117.75,0,-35.166,0,-1
117.8,0,-35.166,0,-1
117.85,0,-35.166,0,-1
117.9,0,-35.166,0,-1
117.95,0,-35.166,0,-1
118,0,-35.166,0,-1
118.05,0,-35.166,0,-1
118.1,0,-35.166,0,-1
118.15,0,-35.166,0,-1
118.2,0,-35.166,0,-1
118.25,0,-35.166,0,-1
118.3,0,-35.166,0,-1
118.35,0,-35.166,0,-1
118.4,0,-35.166,0,-1
118.45,0,-35.166,0,-1
118.5,0,-35.166,0,-1
118.55,0,-35.166,0,-1
118.6,0,-35.166,0,-1
118.65,0,-35.166,0,-1
118.7,0,-35.166,0,-1
118.75,0,-35.166,0,-1
118.8,0,-35.166,0,-1
118.85,0,-35.166,0,-1
118.9,0,-35.166,0,-1
118.95,0,-35.166,0,-1
119,0,-35.166,0,-1
119.05,0,-35.166,0,-1
119.1,0,-35.166,0,-1
119.15,0,-35.166,0,-1
119.2,0,-35.166,0,-1
119.25,0,-35.166,0,-1
119.3,0,-35.166,0,-1
119.35,0,-35.166,0,-1
119.4,0,-35.166,0,-1
119.45,0,-35.166,0,-1
119.5,0,-35.166,0,-1
119.55,0,-35.166,0,-1
119.6,0,-35.166,0,-1
119.65,0,-35.166,0,-1
119.7,0,-35.166,0,-1
119.75,0,-35.166,0,-1
119.8,0,-35.166,0,-1
119.85,0,-35.166,0,-1
119.9,0,-35.166,0,-1
119.95,0,-35.166,0,-1
120,0,-35.166,0,-1
120.05,0,-35.166,0,-1
120.1,0,-35.166,0,-1
120.15,0,-35.166,0,-1
120.2,0,-35.166,0,-1
120.25,0,-35.166,0,-1
120.3,0,-35.166,0,-1
120.35,0,-35.166,0,-1
120.4,0,-35.166,0,-1
120.45,0,-35.166,0,-1
120.5,0,-35.166,0,-1
120.55,0,-35.166,0,-1
120.6,0,-35.166,0,-1
120.65,0,-35.166,0,-1
120.7,0,-35.166,0,-1
120.75,0,-35.166,0,-1
120.8,0,-35.166,0,-1
120.85,0,-35.166,0,-1
120.9,0,-35.166,0,-1
120.95,0,-35.166,0,-1
121,0,-35.166,0,-1
121.05,0,-35.166,0,-1
121.1,0,-35.166,0,-1
121.15,0,-35.166,0,-1
121.2,0,-35.166,0,-1
121.25,0,-35.166,0,-1
121.3,0,-35.166,0,-1
121.35,0,-35.166,0,-1
121.4,0,-35.166,0,-1
121.45,0,-35.166,0,-1
121.5,0,-35.166,0,-1
121.55,0,-35.166,0,-1
121.6,0,-35.166,0,-1
121.65,0,-35.166,0,-1
121.7,0,-35.166,0,-1
121.75,0,-35.166,0,-1
121.8,0,-35.166,0,-1
121.85,0,-35.166,0,-1
121.9,0,-35.166,0,-1
121.95,0,-35.166,0,-1
122,0,-35.166,0,-1
122.05,0,-35.166,0,-1
122.1,0,-35.166,0,-1
122.15,0,-35.166,0,-1
122.2,0,-35.166,0,-1
122.25,0,-35.166,0,-1
122.3,0,-35.166,0,-1
122.35,0,-35.166,0,-1
122.4,0,-35.166,0,-1
122.45,0,-35.166,0,-1
122.5,0,-35.166,0,-1
122.55,0,-35.166,0,-1
122.6,0,-35.166,0,-1
122.65,0,-35.166,0,-1
122.7,0,-35.166,0,-1
122.75,0,-35.166,0,-1
122.8,0,-35.166,0,-1
122.85,0,-35.166,0,-1
122.9,0,-35.166,0,-1
122.95,0,-35.166,0,-1
123,0,-35.166,0,-1
123.05,0,-35.166,0,-1
123.1,0,-35.166,0,-1
123.15,0,-35.166,0,-1
123.2,0,-35.166,0,-1
123.25,0,-35.166,0,-1
123.3,0,-35.166,0,-1
123.35,0,-35.166,0,-1
123.4,0,-35.166,0,-1
123.45,0,-35.166,0,-1
123.5,0,-35.166,0,-1
123.55,0,-35.166,0,-1
123.6,0,-35.166,0,-1
123.65,0,-35.166,0,-1
123.7,0,-35.166,0,-1
123.75,0,-35.166,0,-1
123.8,0,-35.166,0,-1
123.85,0,-35.166,0,-1
123.9,0,-35.166,0,-1
123.95,0,-35.166,0,-1
124,0,-35.166,0,-1
124.05,0,-35.166,0,-1
124.1,0,-35.166,0,-1
124.15,0,-35.166,0,-1
124.2,0,-35.166,0,-1
124.25,0,-35.166,0,-1
124.3,0,-35.166,0,-1
124.35,0,-35.166,0,-1
124.4,0,-35.166,0,-1
124.45,0,-35.166,0,-1
124.5,0,-35.166,0,-1
124.55,0,-35.166,0,-1
124.6,0,-35.166,0,-1
124.65,0,-35.166,0,-1
124.7,0,-35.166,0,-1
124.75,0,-35.166,0,-1
124.8,0,-35.166,0,-1
124.85,0,-35.166,0,-1
124.9,0,-35.166,0,-1
124.95,0,-35.166,0,-1
125,0,-35.166,0,-1
125.05,0,-35.166,0,-1
125.1,0,-35.166,0,-1
125.15,0,-35.166,0,-1
125.2,0,-35.166,0,-1
125.25,0,-35.166,0,-1
125.3,0,-35.166,0,-1
125.35,0,-35.166,0,-1
125.4,0,-35.166,0,-1
125.45,0,-35.166,0,-1
125.5,0,-35.166,0,-1
125.55,0,-35.166,0,-1
125.6,0,-35.166,0,-1
125.65,0,-35.166,0,-1
125.7,0,-35.166,0,-1
125.75,0,-35.166,0,-1
125.8,0,-35.166,0,-1
125.85,0,-35.166,0,-1
125.9,0,-35.166,0,-1
125.95,0,-35.166,0,-1
126,0,-35.166,0,-1
126.05,0,-35.166,0,-1
126.1,0,-35.166,0,-1
126.15,0,-35.166,0,-1
126.2,0,-35.166,0,-1
126.25,0,-35.166,0,-1
126.3,0,-35.166,0,-1
126.35,0,-35.166,0,-1
126.4,0,-35.166,0,-1
126.45,0,-35.166,0,-1
126.5,0,-35.166,0,-1
126.55,0,-35.166,0,-1
126.6,0,-35.166,0,-1
126.65,0,-35.166,0,-1
126.7,0,-35.166,0,-1
126.75,0,-35.166,0,-1
126.8,0,-35.166,0,-1
126.85,0,-35.166,0,-1
126.9,0,-35.166,0,-1
126.95,0,-35.166,0,-1
127,0,-35.166,0,-1
127.05,0,-35.166,0,-1
127.1,0,-35.166,0,-1
127.15,0,-35.166,0,-1
127.2,0,-35.166,0,-1
127.25,0,-35.166,0,-1
127.3,0,-35.166,0,-1
127.35,0,-35.166,0,-1
127.4,0,-35.166,0,-1
127.45,0,-35.166,0,-1
127.5,0,-35.166,0,-1
127.55,0,-35.166,0,-1
127.6,0,-35.166,0,-1
127.65,0,-35.166,0,-1
127.7,0,-35.166,0,-1
127.75,0,-35.166,0,-1
127.8,0,-35.166,0,-1
127.85,0,-35.166,0,-1
127.9,0,-35.166,0,-1
127.95,0,-35.166,0,-1
128,0,-35.166,0,-1
128.05,0,-35.166,0,-1
128.1,0,-35.166,0,-1
128.15,0,-35.166,0,-1
128.2,0,-35.166,0,-1
128.25,0,-35.166,0,-1
128.3,0,-35.166,0,-1
128.35,0,-35.166,0,-1
128.4,0,-35.166,0,-1
128.45,0,-35.166,0,-1
128.5,0,-35.166,0,-1
128.55,0,-35.166,0,-1
128.6,0,-35.166,0,-1
128.65,0,-35.166,0,-1
128.7,0,-35.166,0,-1
128.75,0,-35.166,0,-1
128.8,0,-35.166,0,-1
128.85,0,-35.166,0,-1
128.9,0,-35.166,0,-1
128.95,0,-35.166,0,-1
129,0,-35.166,0,-1
129.05,0,-35.166,0,-1
129.1,0,-35.166,0,-1
129.15,0,-35.166,0,-1
129.2,0,-35.166,0,-1
129.25,0,-35.166,0,-1
129.3,0,-35.166,0,-1
129.35,0,-35.166,0,-1
129.4,0,-35.166,0,-1
129.45,0,-35.166,0,-1
129.5,0,-35.166,0,-1
129.55,0,-35.166,0,-1
129.6,0,-35.166,0,-1
129.65,0,-35.166,0,-1
129.7,0,-35.166,0,-1
129.75,0,-35.166,0,-1
129.8,0,-35.166,0,-1
129.85,0,-35.166,0,-1
129.9,0,-35.166,0,-1
129.95,0,-35.166,0,-1
130,0,-35.166,0,-1
130.05,0,-35.166,0,-1
130.1,0,-35.166,0,-1
130.15,0,-35.166,0,-1
130.2,0,-35.166,0,-1
130.25,0,-35.166,0,-1
130.3,0,-35.166,0,-1
130.35,0,-35.166,0,-1
130.4,0,-35.166,0,-1
130.45,0,-35.166,0,-1
130.5,0,-35.166,0,-1
130.55,0,-35.166,0,-1
130.6,0,-35.166,0,-1
130.65,0,-35.166,0,-1
130.7,0,-35.166,0,-1
130.75,0,-35.166,0,-1
130.8,0,-35.166,0,-1
130.85,0,-35.166,0,-1
130.9,0,-35.166,0,-1
130.95,0,-35.166,0,-1
131,0,-35.166,0,-1
131.05,0,-35.166,0,-1
131.1,0,-35.166,0,-1
131.15,0,-35.166,0,-1
131.2,0,-35.166,0,-1
131.25,0,-35.166,0,-1
131.3,0,-35.166,0,-1
131.35,0,-35.166,0,-1
131.4,0,-35.166,0,-1
131.45,0,-35.166,0,-1
131.5,0,-35.166,0,-1
131.55,0,-35.166,0,-1
131.6,0,-35.166,0,-1
131.65,0,-35.166,0,-1
131.7,0,-35.166,0,-1
131.75,0,-35.166,0,-1
131.8,0,-35.166,0,-1
131.85,0,-35.166,0,-1
131.9,0,-35.166,0,-1
131.95,0,-35.166,0,-1
132,0,-35.166,0,-1
132.05,0,-35.166,0,-1
132.1,0,-35.166,0,-1
132.15,0,-35.166,0,-1
132.2,0,-35.166,0,-1
132.25,0,-35.166,0,-1
132.3,0,-35.166,0,-1
132.35,0,-35.166,0,-1
132.4,0,-35.166,0,-1
132.45,0,-35.166,0,-1
132.5,0,-35.166,0,-1
132.55,0,-35.166,0,-1
132.6,0,-35.166,0,-1
132.65,0,-35.166,0,-1
132.7,0,-35.166,0,-1
132.75,0,-35.166,0,-1
132.8,0,-35.166,0,-1
132.85,0,-35.166,0,-1
132.9,0,-35.166,0,-1
132.95,0,-35.166,0,-1
133,0,-35.166,0,-1
133.05,0,-35.166,0,-1
133.1,0,-35.166,0,-1
133.15,0,-35.166,0,-1
133.2,0,-35.166,0,-1
133.25,0,-35.166,0,-1
133.3,0,-35.166,0,-1
133.35,0,-35.166,0,-1
133.4,0,-35.166,0,-1
133.45,0,-35.166,0,-1
133.5,0,-35.166,0,-1
133.55,0,-35.166,0,-1
133.6,0,-35.166,0,-1
133.65,0,-35.166,0,-1
133.7,0,-35.166,0,-1
133.75,0,-35.166,0,-1
133.8,0,-35.166,0,-1
133.85,0,-35.166,0,-1
133.9,0,-35.166,0,-1
133.95,0,-35.166,0,-1
134,0,-35.166,0,-1
134.05,0,-35.166,0,-1
134.1,0,-35.166,0,-1
134.15,0,-35.166,0,-1
134.2,0,-35.166,0,-1
134.25,0,-35.166,0,-1
134.3,0,-35.166,0,-1
134.35,0,-35.166,0,-1
134.4,0,-35.166,0,-1
134.45,0,-35.166,0,-1
134.5,0,-35.166,0,-1
134.55,0,-35.166,0,-1
134.6,0,-35.166,0,-1
134.65,0,-35.166,0,-1
134.7,0,-35.166,0,-1
134.75,0,-35.166,0,-1
134.8,0,-35.166,0,-1
134.85,0,-35.166,0,-1
134.9,0,-35.166,0,-1
134.95,0,-35.166,0,-1
135,0,-35.166,0,-1
135.05,0,-35.166,0,-1
135.1,0,-35.166,0,-1
135.15,0,-35.166,0,-1
135.2,0,-35.166,0,-1
135.25,0,-35.166,0,-1
135.3,0,-35.166,0,-1
135.35,0,-35.166,0,-1
135.4,0,-35.166,0,-1
135.45,0,-35.166,0,-1
135.5,0,-35.166,0,-1
135.55,0,-35.166,0,-1
135.6,0,-35.166,0,-1
135.65,0,-35.166,0,-1
135.7,0,-35.166,0,-1
135.75,0,-35.166,0,-1
135.8,0,-35.166,0,-1
135.85,0,-35.166,0,-1
135.9,0,-35.166,0,-1
135.95,0,-35.166,0,-1
136,0,-35.166,0,-1
136.05,0,-35.166,0,-1
136.1,0,-35.166,0,-1
136.15,0,-35.166,0,-1
136.2,0,-35.166,0,-1
136.25,0,-35.166,0,-1
136.3,0,-35.166,0,-1
136.35,0,-35.166,0,-1
136.4,0,-35.166,0,-1
136.45,0,-35.166,0,-1
136.5,0,-35.166,0,-1
136.55,0,-35.166,0,-1
136.6,0,-35.166,0,-1
136.65,0,-35.166,0,-1
136.7,0,-35.166,0,-1
136.75,0,-35.166,0,-1
136.8,0,-35.166,0,-1
136.85,0,-35.166,0,-1
136.9,0,-35.166,0,-1
136.95,0,-35.166,0,-1
137,0,-35.166,0,-1
137.05,0,-35.166,0,-1
137.1,0,-35.166,0,-1
137.15,0,-35.166,0,-1
137.2,0,-35.166,0,-1
137.25,0,-35.166,0,-1
137.3,0,-35.166,0,-1
137.35,0,-35.166,0,-1
137.4,0,-35.166,0,-1
137.45,0,-35.166,0,-1
137.5,0,-35.166,0,-1
137.55,0,-35.166,0,-1
137.6,0,-35.166,0,-1
137.65,0,-35.166,0,-1
137.7,0,-35.166,0,-1
137.75,0,-35.166,0,-1
137.8,0,-35.166,0,-1
137.85,0,-35.166,0,-1
137.9,0,-35.166,0,-1
137.95,0,-35.166,0,-1
138,0,-35.166,0,-1
138.05,0,-35.166,0,-1
138.1,0,-35.166,0,-1
138.15,0,-35.166,0,-1
138.2,0,-35.166,0,-1
138.25,0,-35.166,0,-1
138.3,0,-35.166,0,-1
138.35,0,-35.166,0,-1
138.4,0,-35.166,0,-1
138.45,0,-35.166,0,-1
138.5,0,-35.166,0,-1
138.55,0,-35.166,0,-1
138.6,0,-35.166,0,-1
138.65,0,-35.166,0,-1
138.7,0,-35.166,0,-1
138.75,0,-35.166,0,-1
138.8,0,-35.166,0,-1
138.85,0,-35.166,0,-1
138.9,0,-35.166,0,-1
138.95,0,-35.166,0,-1
139,0,-35.166,0,-1
139.05,0,-35.166,0,-1
139.1,0,-35.166,0,-1
139.15,0,-35.166,0,-1
139.2,0,-35.166,0,-1
139.25,0,-35.166,0,-1
139.3,0,-35.166,0,-1
139.35,0,-35.166,0,-1
139.4,0,-35.166,0,-1
139.45,0,-35.166,0,-1
139.5,0,-35.166,0,-1
139.55,0,-35.166,0,-1
139.6,0,-35.166,0,-1
139.65,0,-35.166,0,-1
139.7,0,-35.166,0,-1
139.75,0,-35.166,0,-1
139.8,0,-35.166,0,-1
139.85,0,-35.166,0,-1
139.9,0,-35.166,0,-1
139.95,0,-35.166,0,-1
140,0,-35.166,0,-1
140.05,0,-35.166,0,-1
140.1,0,-35.166,0,-1
140.15,0,-35.166,0,-1
140.2,0,-35.166,0,-1
140.25,0,-35.166,0,-1
140.3,0,-35.166,0,-1
140.35,0,-35.166,0,-1
140.4,0,-35.166,0,-1
140.45,0,-35.166,0,-1
140.5,0,-35.166,0,-1
140.55,0,-35.166,0,-1
140.6,0,-35.166,0,-1
140.65,0,-35.166,0,-1
140.7,0,-35.166,0,-1
140.75,0,-35.166,0,-1
140.8,0,-35.166,0,-1
140.85,0,-35.166,0,-1
140.9,0,-35.166,0,-1
140.95,0,-35.166,0,-1
141,0,-35.166,0,-1
141.05,0,-35.166,0,-1
141.1,0,-35.166,0,-1
141.15,0,-35.166,0,-1
141.2,0,-35.166,0,-1
141.25,0,-35.166,0,-1
141.3,0,-35.166,0,-1
141.35,0,-35.166,0,-1
141.4,0,-35.166,0,-1
141.45,0,-35.166,0,-1
141.5,0,-35.166,0,-1
141.55,0,-35.166,0,-1
141.6,0,-35.166,0,-1
141.65,0,-35.166,0,-1
141.7,0,-35.166,0,-1
141.75,0,-35.166,0,-1
141.8,0,-35.166,0,-1
141.85,0,-35.166,0,-1
141.9,0,-35.166,0,-1
141.95,0,-35.166,0,-1
142,0,-35.166,0,-1
142.05,0,-35.166,0,-1
142.1,0,-35.166,0,-1
142.15,0,-35.166,0,-1
142.2,0,-35.166,0,-1
142.25,0,-35.166,0,-1
142.3,0,-35.166,0,-1
142.35,0,-35.166,0,-1
142.4,0,-35.166,0,-1
142.45,0,-35.166,0,-1
142.5,0,-35.166,0,-1
142.55,0,-35.166,0,-1
142.6,0,-35.166,0,-1
142.65,0,-35.166,0,-1
142.7,0,-35.166,0,-1
142.75,0,-35.166,0,-1
142.8,0,-35.166,0,-1
142.85,0,-35.166,0,-1
142.9,0,-35.166,0,-1
142.95,0,-35.166,0,-1
143,0,-35.166,0,-1
143.05,0,-35.166,0,-1
143.1,0,-35.166,0,-1
143.15,0,-35.166,0,-1
143.2,0,-35.166,0,-1
143.25,0,-35.166,0,-1
143.3,0,-35.166,0,-1
143.35,0,-35.166,0,-1
143.4,0,-35.166,0,-1
143.45,0,-35.166,0,-1
143.5,0,-35.166,0,-1
143.55,0,-35.166,0,-1
143.6,0,-35.166,0,-1
143.65,0,-35.166,0,-1
143.7,0,-35.166,0,-1
143.75,0,-35.166,0,-1
143.8,0,-35.166,0,-1
143.85,0,-35.166,0,-1
143.9,0,-35.166,0,-1
143.95,0,-35.166,0,-1
144,0,-35.166,0,-1
144.05,0,-35.166,0,-1
144.1,0,-35.166,0,-1
144.15,0,-35.166,0,-1
144.2,0,-35.166,0,-1
144.25,0,-35.166,0,-1
144.3,0,-35.166,0,-1
144.35,0,-35.166,0,-1
144.4,0,-35.166,0,-1
144.45,0,-35.166,0,-1
144.5,0,-35.166,0,-1
144.55,0,-35.166,0,-1
144.6,0,-35.166,0,-1
144.65,0,-35.166,0,-1
144.7,0,-35.166,0,-1
144.75,0,-35.166,0,-1
144.8,0,-35.166,0,-1
144.85,0,-35.166,0,-1
144.9,0,-35.166,0,-1
144.95,0,-35.166,0,-1
145,0,-35.166,0,-1
145.05,0,-35.166,0,-1
145.1,0,-35.166,0,-1
145.15,0,-35.166,0,-1
145.2,0,-35.166,0,-1
145.25,0,-35.166,0,-1
145.3,0,-35.166,0,-1
145.35,0,-35.166,0,-1
145.4,0,-35.166,0,-1
145.45,0,-35.166,0,-1
145.5,0,-35.166,0,-1
145.55,0,-35.166,0,-1
145.6,0,-35.166,0,-1
145.65,0,-35.166,0,-1
145.7,0,-35.166,0,-1
145.75,0,-35.166,0,-1
145.8,0,-35.166,0,-1
145.85,0,-35.166,0,-1
145.9,0,-35.166,0,-1
145.95,0,-35.166,0,-1
146,0,-35.166,0,-1
146.05,0,-35.166,0,-1
146.1,0,-35.166,0,-1
146.15,0,-35.166,0,-1
146.2,0,-35.166,0,-1
146.25,0,-35.166,0,-1
146.3,0,-35.166,0,-1
146.35,0,-35.166,0,-1
146.4,0,-35.166,0,-1
146.45,0,-35.166,0,-1
146.5,0,-35.166,0,-1
146.55,0,-35.166,0,-1
146.6,0,-35.166,0,-1
146.65,0,-35.166,0,-1
146.7,0,-35.166,0,-1
146.75,0,-35.166,0,-1
146.8,0,-35.166,0,-1
146.85,0,-35.166,0,-1
146.9,0,-35.166,0,-1
146.95,0,-35.166,0,-1
147,0,-35.166,0,-1
147.05,0,-35.166,0,-1
147.1,0,-35.166,0,-1
147.15,0,-35.166,0,-1
147.2,0,-35.166,0,-1
147.25,0,-35.166,0,-1
147.3,0,-35.166,0,-1
147.35,0,-35.166,0,-1
147.4,0,-35.166,0,-1
147.45,0,-35.166,0,-1
147.5,0,-35.166,0,-1
147.55,0,-35.166,0,-1
147.6,0,-35.166,0,-1
147.65,0,-35.166,0,-1
147.7,0,-35.166,0,-1
147.75,0,-35.166,0,-1
147.8,0,-35.166,0,-1
147.85,0,-35.166,0,-1
147.9,0,-35.166,0,-1
147.95,0,-35.166,0,-1
148,0,-35.166,0,-1
148.05,0,-35.166,0,-1
148.1,0,-35.166,0,-1
148.15,0,-35.166,0,-1
148.2,0,-35.166,0,-1
148.25,0,-35.166,0,-1
148.3,0,-35.166,0,-1
148.35,0,-35.166,0,-1
148.4,0,-35.166,0,-1
148.45,0,-35.166,0,-1
148.5,0,-35.166,0,-1
148.55,0,-35.166,0,-1
148.6,0,-35.166,0,-1
148.65,0,-35.166,0,-1
148.7,0,-35.166,0,-1
148.75,0,-35.166,0,-1
148.8,0,-35.166,0,-1
148.85,0,-35.166,0,-1
148.9,0,-35.166,0,-1
148.95,0,-35.166,0,-1
149,0,-35.166,0,-1
149.05,0,-35.166,0,-1
149.1,0,-35.166,0,-1
149.15,0,-35.166,0,-1
149.2,0,-35.166,0,-1
149.25,0,-35.166,0,-1
149.3,0,-35.166,0,-1
149.35,0,-35.166,0,-1
149.4,0,-35.166,0,-1
149.45,0,-35.166,0,-1
149.5,0,-35.166,0,-1
149.55,0,-35.166,0,-1
149.6,0,-35.166,0,-1
149.65,0,-35.166,0,-1
149.7,0,-35.166,0,-1
149.75,0,-35.166,0,-1
149.8,0,-35.166,0,-1
149.85,0,-35.166,0,-1
149.9,0,-35.166,0,-1
149.95,0,-35.166,0,-1
150,0,-35.166,0,-1
150.05,0,-35.166,0,-1
150.1,0,-35.166,0,-1
150.15,0,-35.166,0,-1
150.2,0,-35.166,0,-1
150.25,0,-35.166,0,-1
150.3,0,-35.166,0,-1
150.35,0,-35.166,0,-1
150.4,0,-35.166,0,-1
150.45,0,-35.166,0,-1
150.5,0,-35.166,0,-1
150.55,0,-35.166,0,-1
150.6,0,-35.166,0,-1
150.65,0,-35.166,0,-1
150.7,0,-35.166,0,-1
150.75,0,-35.166,0,-1
150.8,0,-35.166,0,-1
150.85,0,-35.166,0,-1
150.9,0,-35.166,0,-1
150.95,0,-35.166,0,-1
151,0,-35.166,0,-1
151.05,0,-35.166,0,-1
151.1,0,-35.166,0,-1
151.15,0,-35.166,0,-1
151.2,0,-35.166,0,-1
151.25,0,-35.166,0,-1
151.3,0,-35.166,0,-1
151.35,0,-35.166,0,-1
151.4,0,-35.166,0,-1
151.45,0,-35.166,0,-1
151.5,0,-35.166,0,-1
151.55,0,-35.166,0,-1
151.6,0,-35.166,0,-1
151.65,0,-35.166,0,-1
151.7,0,-35.166,0,-1
151.75,0,-35.166,0,-1
151.8,0,-35.166,0,-1
151.85,0,-35.166,0,-1
151.9,0,-35.166,0,-1
151.95,0,-35.166,0,-1
152,0,-35.166,0,-1
152.05,0,-35.166,0,-1
152.1,0,-35.166,0,-1
152.15,0,-35.166,0,-1
152.2,0,-35.166,0,-1
152.25,0,-35.166,0,-1
152.3,0,-35.166,0,-1
152.35,0,-35.166,0,-1
152.4,0,-35.166,0,-1
152.45,0,-35.166,0,-1
152.5,0,-35.166,0,-1
152.55,0,-35.166,0,-1
152.6,0,-35.166,0,-1
152.65,0,-35.166,0,-1
152.7,0,-35.166,0,-1
152.75,0,-35.166,0,-1
152.8,0,-35.166,0,-1
152.85,0,-35.166,0,-1
152.9,0,-35.166,0,-1
152.95,0,-35.166,0,-1
153,0,-35.166,0,-1
153.05,0,-35.166,0,-1
153.1,0,-35.166,0,-1
153.15,0,-35.166,0,-1
153.2,0,-35.166,0,-1
153.25,0,-35.166,0,-1
153.3,0,-35.166,0,-1
153.35,0,-35.166,0,-1
153.4,0,-35.166,0,-1
153.45,0,-35.166,0,-1
153.5,0,-35.166,0,-1
153.55,0,-35.166,0,-1
153.6,0,-35.166,0,-1
153.65,0,-35.166,0,-1
153.7,0,-35.166,0,-1
153.75,0,-35.166,0,-1
153.8,0,-35.166,0,-1
153.85,0,-35.166,0,-1
153.9,0,-35.166,0,-1
153.95,0,-35.166,0,-1
154,0,-35.166,0,-1
154.05,0,-35.166,0,-1
154.1,0,-35.166,0,-1
154.15,0,-35.166,0,-1
154.2,0,-35.166,0,-1
154.25,0,-35.166,0,-1
154.3,0,-35.166,0,-1
154.35,0,-35.166,0,-1
154.4,0,-35.166,0,-1
154.45,0,-35.166,0,-1
154.5,0,-35.166,0,-1
154.55,0,-35.166,0,-1
154.6,0,-35.166,0,-1
154.65,0,-35.166,0,-1
154.7,0,-35.166,0,-1
154.75,0,-35.166,0,-1
154.8,0,-35.166,0,-1
154.85,0,-35.166,0,-1
154.9,0,-35.166,0,-1
154.95,0,-35.166,0,-1
155,0,-35.166,0,-1
155.05,0,-35.166,0,-1
155.1,0,-35.166,0,-1
155.15,0,-35.166,0,-1
155.2,0,-35.166,0,-1
155.25,0,-35.166,0,-1
155.3,0,-35.166,0,-1
155.35,0,-35.166,0,-1
155.4,0,-35.166,0,-1
155.45,0,-35.166,0,-1
155.5,0,-35.166,0,-1
155.55,0,-35.166,0,-1
155.6,0,-35.166,0,-1
155.65,0,-35.166,0,-1
155.7,0,-35.166,0,-1
155.75,0,-35.166,0,-1
155.8,0,-35.166,0,-1
155.85,0,-35.166,0,-1
155.9,0,-35.166,0,-1
155.95,0,-35.166,0,-1
156,0,-35.166,0,-1
156.05,0,-35.166,0,-1
156.1,0,-35.166,0,-1
156.15,0,-35.166,0,-1
156.2,0,-35.166,0,-1
156.25,0,-35.166,0,-1
156.3,0,-35.166,0,-1
156.35,0,-35.166,0,-1
156.4,0,-35.166,0,-1
156.45,0,-35.166,0,-1
156.5,0,-35.166,0,-1
156.55,0,-35.166,0,-1
156.6,0,-35.166,0,-1
156.65,0,-35.166,0,-1
156.7,0,-35.166,0,-1
156.75,0,-35.166,0,-1
156.8,0,-35.166,0,-1
156.85,0,-35.166,0,-1
156.9,0,-35.166,0,-1
156.95,0,-35.166,0,-1
157,0,-35.166,0,-1
157.05,0,-35.166,0,-1
157.1,0,-35.166,0,-1
157.15,0,-35.166,0,-1
157.2,0,-35.166,0,-1
157.25,0,-35.166,0,-1
157.3,0,-35.166,0,-1
157.35,0,-35.166,0,-1
157.4,0,-35.166,0,-1
157.45,0,-35.166,0,-1
157.5,0,-35.166,0,-1
157.55,0,-35.166,0,-1
157.6,0,-35.166,0,-1
157.65,0,-35.166,0,-1
157.7,0,-35.166,0,-1
157.75,0,-35.166,0,-1
157.8,0,-35.166,0,-1
157.85,0,-35.166,0,-1
157.9,0,-35.166,0,-1
157.95,0,-35.166,0,-1
158,0,-35.166,0,-1
158.05,0,-35.166,0,-1
158.1,0,-35.166,0,-1
158.15,0,-35.166,0,-1
158.2,0,-35.166,0,-1
158.25,0,-35.166,0,-1
158.3,0,-35.166,0,-1
158.35,0,-35.166,0,-1
158.4,0,-35.166,0,-1
158.45,0,-35.166,0,-1
158.5,0,-35.166,0,-1
158.55,0,-35.166,0,-1
158.6,0,-35.166,0,-1
158.65,0,-35.166,0,-1
158.7,0,-35.166,0,-1
158.75,0,-35.166,0,-1
158.8,0,-35.166,0,-1
158.85,0,-35.166,0,-1
158.9,0,-35.166,0,-1
158.95,0,-35.166,0,-1
159,0,-35.166,0,-1
159.05,0,-35.166,0,-1
159.1,0,-35.166,0,-1
159.15,0,-35.166,0,-1
159.2,0,-35.166,0,-1
159.25,0,-35.166,0,-1
159.3,0,-35.166,0,-1
159.35,0,-35.166,0,-1
159.4,0,-35.166,0,-1
159.45,0,-35.166,0,-1
159.5,0,-35.166,0,-1
159.55,0,-35.166,0,-1
159.6,0,-35.166,0,-1
159.65,0,-35.166,0,-1
159.7,0,-35.166,0,-1
159.75,0,-35.166,0,-1
159.8,0,-35.166,0,-1
159.85,0,-35.166,0,-1
159.9,0,-35.166,0,-1
159.95,0,-35.166,0,-1
160,0,-35.166,0,-1
160.05,0,-35.166,0,-1
160.1,0,-35.166,0,-1
160.15,0,-35.166,0,-1
160.2,0,-35.166,0,-1
160.25,0,-35.166,0,-1
160.3,0,-35.166,0,-1
160.35,0,-35.166,0,-1
160.4,0,-35.166,0,-1
160.45,0,-35.166,0,-1
160.5,0,-35.166,0,-1
160.55,0,-35.166,0,-1
160.6,0,-35.166,0,-1
160.65,0,-35.166,0,-1
160.7,0,-35.166,0,-1
160.75,0,-35.166,0,-1
160.8,0,-35.166,0,-1
160.85,0,-35.166,0,-1
160.9,0,-35.166,0,-1
160.95,0,-35.166,0,-1
161,0,-35.166,0,-1
161.05,0,-35.166,0,-1
161.1,0,-35.166,0,-1
161.15,0,-35.166,0,-1
161.2,0,-35.166,0,-1
161.25,0,-35.166,0,-1
161.3,0,-35.166,0,-1
161.35,0,-35.166,0,-1
161.4,0,-35.166,0,-1
161.45,0,-35.166,0,-1
161.5,0,-35.166,0,-1
161.55,0,-35.166,0,-1
161.6,0,-35.166,0,-1
161.65,0,-35.166,0,-1
161.7,0,-35.166,0,-1
161.75,0,-35.166,0,-1
161.8,0,-35.166,0,-1
161.85,0,-35.166,0,-1
161.9,0,-35.166,0,-1
161.95,0,-35.166,0,-1
162,0,-35.166,0,-1
162.05,0,-35.166,0,-1
162.1,0,-35.166,0,-1
162.15,0,-35.166,0,-1
162.2,0,-35.166,0,-1
162.25,0,-35.166,0,-1
162.3,0,-35.166,0,-1
162.35,0,-35.166,0,-1
162.4,0,-35.166,0,-1
162.45,0,-35.166,0,-1
162.5,0,-35.166,0,-1
162.55,0,-35.166,0,-1
162.6,0,-35.166,0,-1
162.65,0,-35.166,0,-1
162.7,0,-35.166,0,-1
162.75,0,-35.166,0,-1
162.8,0,-35.166,0,-1
162.85,0,-35.166,0,-1
162.9,0,-35.166,0,-1
162.95,0,-35.166,0,-1
163,0,-35.166,0,-1
163.05,0,-35.166,0,-1
163.1,0,-35.166,0,-1
163.15,0,-35.166,0,-1
163.2,0,-35.166,0,-1
163.25,0,-35.166,0,-1
163.3,0,-35.166,0,-1
163.35,0,-35.166,0,-1
163.4,0,-35.166,0,-1
163.45,0,-35.166,0,-1
163.5,0,-35.166,0,-1
163.55,0,-35.166,0,-1
163.6,0,-35.166,0,-1
163.65,0,-35.166,0,-1
163.7,0,-35.166,0,-1
163.75,0,-35.166,0,-1
163.8,0,-35.166,0,-1
163.85,0,-35.166,0,-1
163.9,0,-35.166,0,-1
163.95,0,-35.166,0,-1
164,0,-35.166,0,-1
164.05,0,-35.166,0,-1
164.1,0,-35.166,0,-1
164.15,0,-35.166,0,-1
164.2,0,-35.166,0,-1
164.25,0,-35.166,0,-1
164.3,0,-35.166,0,-1
164.35,0,-35.166,0,-1
164.4,0,-35.166,0,-1
164.45,0,-35.166,0,-1
164.5,0,-35.166,0,-1
164.55,0,-35.166,0,-1
164.6,0,-35.166,0,-1
164.65,0,-35.166,0,-1
164.7,0,-35.166,0,-1
164.75,0,-35.166,0,-1
164.8,0,-35.166,0,-1
164.85,0,-35.166,0,-1
164.9,0,-35.166,0,-1
164.95,0,-35.166,0,-1
165,0,-35.166,0,-1
165.05,0,-35.166,0,-1
165.1,0,-35.166,0,-1
165.15,0,-35.166,0,-1
165.2,0,-35.166,0,-1
165.25,0,-35.166,0,-1
165.3,0,-35.166,0,-1
165.35,0,-35.166,0,-1
165.4,0,-35.166,0,-1
165.45,0,-35.166,0,-1
165.5,0,-35.166,0,-1
165.55,0,-35.166,0,-1
165.6,0,-35.166,0,-1
165.65,0,-35.166,0,-1
165.7,0,-35.166,0,-1
165.75,0,-35.166,0,-1
165.8,0,-35.166,0,-1
165.85,0,-35.166,0,-1
165.9,0,-35.166,0,-1
165.95,0,-35.166,0,-1
166,0,-35.166,0,-1
166.05,0,-35.166,0,-1
166.1,0,-35.166,0,-1
166.15,0,-35.166,0,-1
166.2,0,-35.166,0,-1
166.25,0,-35.166,0,-1
166.3,0,-35.166,0,-1
166.35,0,-35.166,0,-1
166.4,0,-35.166,0,-1
166.45,0,-35.166,0,-1
166.5,0,-35.166,0,-1
166.55,0,-35.166,0,-1
166.6,0,-35.166,0,-1
166.65,0,-35.166,0,-1
166.7,0,-35.166,0,-1
166.75,0,-35.166,0,-1
166.8,0,-35.166,0,-1
166.85,0,-35.166,0,-1
166.9,0,-35.166,0,-1
166.95,0,-35.166,0,-1
167,0,-35.166,0,-1
167.05,0,-35.166,0,-1
167.1,0,-35.166,0,-1
167.15,0,-35.166,0,-1
167.2,0,-35.166,0,-1
167.25,0,-35.166,0,-1
167.3,0,-35.166,0,-1
167.35,0,-35.166,0,-1
167.4,0,-35.166,0,-1
167.45,0,-35.166,0,-1
167.5,0,-35.166,0,-1
167.55,0,-35.166,0,-1
167.6,0,-35.166,0,-1
167.65,0,-35.166,0,-1
167.7,0,-35.166,0,-1
167.75,0,-35.166,0,-1
167.8,0,-35.166,0,-1
167.85,0,-35.166,0,-1
167.9,0,-35.166,0,-1
167.95,0,-35.166,0,-1
168,0,-35.166,0,-1
168.05,0,-35.166,0,-1
168.1,0,-35.166,0,-1
168.15,0,-35.166,0,-1
168.2,0,-35.166,0,-1
168.25,0,-35.166,0,-1
168.3,0,-35.166,0,-1
168.35,0,-35.166,0,-1
168.4,0,-35.166,0,-1
168.45,0,-35.166,0,-1
168.5,0,-35.166,0,-1
168.55,0,-35.166,0,-1
168.6,0,-35.166,0,-1
168.65,0,-35.166,0,-1
168.7,0,-35.166,0,-1
168.75,0,-35.166,0,-1
168.8,0,-35.166,0,-1
168.85,0,-35.166,0,-1
168.9,0,-35.166,0,-1
168.95,0,-35.166,0,-1
169,0,-35.166,0,-1
169.05,0,-35.166,0,-1
169.1,0,-35.166,0,-1
169.15,0,-35.166,0,-1
169.2,0,-35.166,0,-1
169.25,0,-35.166,0,-1
169.3,0,-35.166,0,-1
169.35,0,-35.166,0,-1
169.4,0,-35.166,0,-1
169.45,0,-35.166,0,-1
169.5,0,-35.166,0,-1
169.55,0,-35.166,0,-1
169.6,0,-35.166,0,-1
169.65,0,-35.166,0,-1
169.7,0,-35.166,0,-1
169.75,0,-35.166,0,-1
169.8,0,-35.166,0,-1
169.85,0,-35.166,0,-1
169.9,0,-35.166,0,-1
169.95,0,-35.166,0,-1
170,0,-35.166,0,-1
170.05,0,-35.166,0,-1
170.1,0,-35.166,0,-1
170.15,0,-35.166,0,-1
170.2,0,-35.166,0,-1
170.25,0,-35.166,0,-1
170.3,0,-35.166,0,-1
170.35,0,-35.166,0,-1
170.4,0,-35.166,0,-1
170.45,0,-35.166,0,-1
170.5,0,-35.166,0,-1
170.55,0,-35.166,0,-1
170.6,0,-35.166,0,-1
170.65,0,-35.166,0,-1
170.7,0,-35.166,0,-1
170.75,0,-35.166,0,-1
170.8,0,-35.166,0,-1
170.85,0,-35.166,0,-1
170.9,0,-35.166,0,-1
170.95,0,-35.166,0,-1
171,0,-35.166,0,-1
171.05,0,-35.166,0,-1
171.1,0,-35.166,0,-1
171.15,0,-35.166,0,-1
171.2,0,-35.166,0,-1
171.25,0,-35.166,0,-1
171.3,0,-35.166,0,-1
171.35,0,-35.166,0,-1
171.4,0,-35.166,0,-1
171.45,0,-35.166,0,-1
171.5,0,-35.166,0,-1
171.55,0,-35.166,0,-1
171.6,0,-35.166,0,-1
171.65,0,-35.166,0,-1
171.7,0,-35.166,0,-1
171.75,0,-35.166,0,-1
171.8,0,-35.166,0,-1
171.85,0,-35.166,0,-1
171.9,0,-35.166,0,-1
171.95,0,-35.166,0,-1
172,0,-35.166,0,-1
172.05,0,-35.166,0,-1
172.1,0,-35.166,0,-1
172.15,0,-35.166,0,-1
172.2,0,-35.166,0,-1
172.25,0,-35.166,0,-1
172.3,0,-35.166,0,-1
172.35,0,-35.166,0,-1
172.4,0,-35.166,0,-1
172.45,0,-35.166,0,-1
172.5,0,-35.166,0,-1
172.55,0,-35.166,0,-1
172.6,0,-35.166,0,-1
172.65,0,-35.166,0,-1
172.7,0,-35.166,0,-1
172.75,0,-35.166,0,-1
172.8,0,-35.166,0,-1
172.85,0,-35.166,0,-1
172.9,0,-35.166,0,-1
172.95,0,-35.166,0,-1
173,0,-35.166,0,-1
173.05,0,-35.166,0,-1
173.1,0,-35.166,0,-1
173.15,0,-35.166,0,-1
173.2,0,-35.166,0,-1
173.25,0,-35.166,0,-1
173.3,0,-35.166,0,-1
173.35,0,-35.166,0,-1
173.4,0,-35.166,0,-1
173.45,0,-35.166,0,-1
173.5,0,-35.166,0,-1
173.55,0,-35.166,0,-1
173.6,0,-35.166,0,-1
173.65,0,-35.166,0,-1
173.7,0,-35.166,0,-1
173.75,0,-35.166,0,-1
173.8,0,-35.166,0,-1
173.85,0,-35.166,0,-1
173.9,0,-35.166,0,-1
173.95,0,-35.166,0,-1
174,0,-35.166,0,-1
174.05,0,-35.166,0,-1
174.1,0,-35.166,0,-1
174.15,0,-35.166,0,-1
174.2,0,-35.166,0,-1
174.25,0,-35.166,0,-1
174.3,0,-35.166,0,-1
174.35,0,-35.166,0,-1
174.4,0,-35.166,0,-1
174.45,0,-35.166,0,-1
174.5,0,-35.166,0,-1
174.55,0,-35.166,0,-1
174.6,0,-35.166,0,-1
174.65,0,-35.166,0,-1
174.7,0,-35.166,0,-1
174.75,0,-35.166,0,-1
174.8,0,-35.166,0,-1
174.85,0,-35.166,0,-1
174.9,0,-35.166,0,-1
174.95,0,-35.166,0,-1
175,0,-35.166,0,-1
175.05,0,-35.166,0,-1
175.1,0,-35.166,0,-1
175.15,0,-35.166,0,-1
175.2,0,-35.166,0,-1
175.25,0,-35.166,0,-1
175.3,0,-35.166,0,-1
175.35,0,-35.166,0,-1
175.4,0,-35.166,0,-1
175.45,0,-35.166,0,-1
175.5,0,-35.166,0,-1
175.55,0,-35.166,0,-1
175.6,0,-35.166,0,-1
175.65,0,-35.166,0,-1
175.7,0,-35.166,0,-1
175.75,0,-35.166,0,-1
175.8,0,-35.166,0,-1
175.85,0,-35.166,0,-1
175.9,0,-35.166,0,-1
175.95,0,-35.166,0,-1
176,0,-35.166,0,-1
176.05,0,-35.166,0,-1
176.1,0,-35.166,0,-1
176.15,0,-35.166,0,-1
176.2,0,-35.166,0,-1
176.25,0,-35.166,0,-1
176.3,0,-35.166,0,-1
176.35,0,-35.166,0,-1
176.4,0,-35.166,0,-1
176.45,0,-35.166,0,-1
176.5,0,-35.166,0,-1
176.55,0,-35.166,0,-1
176.6,0,-35.166,0,-1
176.65,0,-35.166,0,-1
176.7,0,-35.166,0,-1
176.75,0,-35.166,0,-1
176.8,0,-35.166,0,-1
176.85,0,-35.166,0,-1
176.9,0,-35.166,0,-1
176.95,0,-35.166,0,-1
177,0,-35.166,0,-1
177.05,0,-35.166,0,-1
177.1,0,-35.166,0,-1
177.15,0,-35.166,0,-1
177.2,0,-35.166,0,-1
177.25,0,-35.166,0,-1
177.3,0,-35.166,0,-1
177.35,0,-35.166,0,-1
177.4,0,-35.166,0,-1
177.45,0,-35.166,0,-1
177.5,0,-35.166,0,-1
177.55,0,-35.166,0,-1
177.6,0,-35.166,0,-1
177.65,0,-35.166,0,-1
177.7,0,-35.166,0,-1
177.75,0,-35.166,0,-1
177.8,0,-35.166,0,-1
177.85,0,-35.166,0,-1
177.9,0,-35.166,0,-1
177.95,0,-35.166,0,-1
178,0,-35.166,0,-1
178.05,0,-35.166,0,-1
178.1,0,-35.166,0,-1
178.15,0,-35.166,0,-1
178.2,0,-35.166,0,-1
178.25,0,-35.166,0,-1
178.3,0,-35.166,0,-1
178.35,0,-35.166,0,-1
178.4,0,-35.166,0,-1
178.45,0,-35.166,0,-1
178.5,0,-35.166,0,-1
178.55,0,-35.166,0,-1
178.6,0,-35.166,0,-1
178.65,0,-35.166,0,-1
178.7,0,-35.166,0,-1
178.75,0,-35.166,0,-1
178.8,0,-35.166,0,-1
178.85,0,-35.166,0,-1
178.9,0,-35.166,0,-1
178.95,0,-35.166,0,-1
179,0,-35.166,0,-1
179.05,0,-35.166,0,-1
179.1,0,-35.166,0,-1
179.15,0,-35.166,0,-1
179.2,0,-35.166,0,-1
179.25,0,-35.166,0,-1
179.3,0,-35.166,0,-1
179.35,0,-35.166,0,-1
179.4,0,-35.166,0,-1
179.45,0,-35.166,0,-1
179.5,0,-35.166,0,-1
179.55,0,-35.166,0,-1
179.6,0,-35.166,0,-1
179.65,0,-35.166,0,-1
179.7,0,-35.166,0,-1
179.75,0,-35.166,0,-1
179.8,0,-35.166,0,-1
179.85,0,-35.166,0,-1
179.9,0,-35.166,0,-1
179.95,0,-35.166,0,-1
180,0,-35.166,0,-1
