0.05,-22.5,-7.99625,0,1
0.1,-22.5,-7.98898,0,1
0.15,-22.5,-7.97842,0,1
0.2,-22.5,-7.96477,0,1
0.25,-22.5,-7.94822,0,1
0.3,-22.5,-7.92896,0,1
0.35,-22.5,-7.90715,0,1
0.4,-22.5,-7.88295,0,1
0.45,-22.5,-7.85652,0,1
0.5,-22.5,-7.82799,0,1
0.55,-22.5,-7.79749,0,1
0.6,-22.5,-7.76514,0,1
0.65,-22.5,-7.73107,0,1
0.7,-22.5,-7.69538,0,1
0.75,-22.5,-7.65817,0,1
0.8,-22.5,-7.61953,0,1
0.85,-22.5,-7.57956,0,1
0.9,-22.5,-7.53834,0,1
0.95,-22.5,-7.49594,0,1
1,-22.5,-7.45245,0,1
1.05,-22.5,-7.40792,0,1
1.1,-22.5,-7.36242,0,1
1.15,-22.5,-7.31602,0,1
1.2,-22.5,-7.26877,0,1
1.25,-22.5,-7.22072,0,1
1.3,-22.5,-7.17193,0,1
1.35,-22.5,-7.12243,0,1
1.4,-22.5,-7.07228,0,1
1.45,-22.5,-7.02151,0,1
1.5,-22.5,-6.97017,0,1
1.55,-22.5,-6.91828,0,1
1.6,-22.5,-6.86589,0,1
1.65,-22.5,-6.81302,0,1
1.7,-22.5,-6.75971,0,1
1.75,-22.5,-6.70598,0,1
1.8,-22.5,-6.65185,0,1
1.85,-22.5,-6.59736,0,1
1.9,-22.5,-6.54253,0,1
1.95,-22.5,-6.48737,0,1
2,-22.5,-6.43191,0,1
2.05,-22.5,-6.37616,0,1
2.1,-22.5,-6.32015,0,1
2.15,-22.5,-6.26389,0,1
2.2,-22.5,-6.2074,0,1
2.25,-22.5,-6.15069,0,1
2.3,-22.5,-6.09377,0,1
2.35,-22.5,-6.03666,0,1
2.4,-22.5,-5.97937,0,1
2.45,-22.5,-5.92191,0,1
2.5,-22.5,-5.86429,0,1
2.55,-22.5,-5.80652,0,1
2.6,-22.5,-5.74861,0,1
2.65,-22.5,-5.69058,0,1
2.7,-22.5,-5.63241,0,1
2.75,-22.5,-5.57414,0,1
2.8,-22.5,-5.51576,0,1
2.85,-22.5,-5.45727,0,1
2.9,-22.5,-5.39869,0,1
2.95,-22.5,-5.34002,0,1
3,-22.5,-5.28127,0,1
3.05,-22.5,-5.22244,0,1
3.1,-22.5,-5.16354,0,1
3.15,-22.5,-5.10457,0,1
3.2,-22.5,-5.04553,0,1
3.25,-22.5,-4.98644,0,1
3.3,-22.5,-4.92729,0,1
3.35,-22.5,-4.86808,0,1
3.4,-22.5,-4.80883,0,1
3.45,-22.5,-4.74952,0,1
3.5,-22.5,-4.69018,0,1
3.55,-22.5,-4.63079,0,1
3.6,-22.5,-4.57137,0,1
3.65,-22.5,-4.51191,0,1
3.7,-22.5,-4.45241,0,1
3.75,-22.5,-4.39289,0,1
3.8,-22.5,-4.33333,0,1
3.85,-22.5,-4.27375,0,1
3.9,-22.5,-4.21414,0,1
3.95,-22.5,-4.15451,0,1
4,-22.5,-4.09485,0,1
4.05,-22.5,-4.03517,0,1
4.1,-22.5,-3.97547,0,1
4.15,-22.5,-3.91576,0,1
4.2,-22.5,-3.85602,0,1
4.25,-22.5,-3.79627,0,1
4.3,-22.5,-3.7365,0,1
4.35,-22.5,-3.67672,0,1
4.4,-22.5,-3.61693,0,1
4.45,-22.5,-3.55712,0,1
4.5,-22.5,-3.4973,0,1
4.55,-22.5,-3.43747,0,1
4.6,-22.5,-3.37763,0,1
4.65,-22.5,-3.31777,0,1
4.7,-22.5,-3.25791,0,1
4.75,-22.5,-3.19804,0,1
4.8,-22.5,-3.13817,0,1
4.85,-22.5,-3.07828,0,1
4.9,-22.5,-3.01839,0,1
4.95,-22.5,-2.95849,0,1
5,-22.5,-2.89858,0,1
5.05,-22.5,-2.83867,0,1
5.1,-22.5,-2.77876,0,1
5.15,-22.5,-2.71883,0,1
5.2,-22.5,-2.65891,0,1
5.25,-22.5,-2.59897,0,1
5.3,-22.5,-2.53904,0,1
5.35,-22.5,-2.4791,0,1
5.4,-22.5,-2.41916,0,1
5.45,-22.5,-2.35921,0,1
5.5,-22.5,-2.29926,0,1
5.55,-22.5,-2.2393,0,1
5.6,-22.5,-2.17935,0,1
5.65,-22.5,-2.11939,0,1
5.7,-22.5,-2.05943,0,1
5.75,-22.5,-1.99946,0,1
5.8,-22.5,-1.9395,0,1
5.85,-22.5,-1.87953,0,1
5.9,-22.5,-1.81956,0,1
5.95,-22.5,-1.75958,0,1
6,-22.5,-1.69961,0,1
6.05,-22.5,-1.63964,0,1
6.1,-22.5,-1.57966,0,1
6.15,-22.5,-1.51968,0,1
6.2,-22.5,-1.4597,0,1
6.25,-22.5,-1.39972,0,1
6.3,-22.5,-1.33974,0,1
6.35,-22.5,-1.27975,0,1
6.4,-22.5,-1.21977,0,1
6.45,-22.5,-1.15978,0,1
6.5,-22.5,-1.0998,0,1
6.55,-22.5,-1.03981,0,1
6.6,-22.5,-0.979821,0,1
6.65,-22.5,-0.919832,0,1
6.7,-22.5,-0.859843,0,1
6.75,-22.5,-0.799853,0,1
6.8,-22.5,-0.739862,0,1
6.85,-22.5,-0.67987,0,1
6.9,-22.5,-0.619879,0,1
6.95,-22.5,-0.559886,0,1
7,-22.5,-0.499893,0,1
7.05,-22.5,-0.4399,0,1
7.1,-22.5,-0.379906,0,1
7.15,-22.5,-0.319912,0,1
7.2,-22.5,-0.259918,0,1
7.25,-22.5,-0.199923,0,1
7.3,-22.5,-0.139928,0,1
7.35,-22.5,-0.0799323,0,1
7.4,-22.5,-0.0199366,0,1
7.45,-22.5,0.0400594,0,1
7.5,-22.5,0.100056,0,1
7.55,-22.5,0.160052,0,1
7.6,-22.5,0.220049,0,1
7.65,-22.5,0.280046,0,1
7.7,-22.5,0.340043,0,1
7.75,-22.5,0.40004,0,1
7.8,-22.5,0.460038,0,1
7.85,-22.5,0.520035,0,1
7.9,-22.5,0.580033,0,1
7.95,-22.5,0.640031,0,1
8,-22.5,0.700029,0,1
8.05,-22.5,0.760027,0,1
8.1,-22.5,0.820025,0,1
8.15,-22.5,0.880024,0,1
8.2,-22.5,0.940022,0,1
8.25,-22.5,1.00002,0,1
8.3,-22.5,1.06002,0,1
8.35,-22.5,1.12002,0,1
8.4,-22.5,1.18002,0,1
8.45,-22.5,1.24002,0,1
8.5,-22.5,1.30001,0,1
8.55,-22.5,1.36001,0,1
8.6,-22.5,1.42001,0,1
8.65,-22.5,1.48001,0,1
8.7,-22.5,1.54001,0,1
8.75,-22.5,1.60001,0,1
8.8,-22.5,1.66001,0,1
8.85,-22.5,1.72001,0,1
8.9,-22.5,1.78001,0,1
8.95,-22.5,1.84001,0,1
9,-22.5,1.90001,0,1
9.05,-22.5,1.96001,0,1
9.1,-22.5,2.02001,0,1
9.15,-22.5,2.08001,0,1
9.2,-22.5,2.14001,0,1
9.25,-22.5,2.20001,0,1
9.3,-22.5,2.26,0,1
9.35,-22.5,2.32,0,1
9.4,-22.5,2.38,0,1
9.45,-22.5,2.44,0,1
9.5,-22.5,2.5,0,1
9.55,-22.5,2.56,0,1
9.6,-22.5,2.62,0,1
9.65,-22.5,2.68,0,1
9.7,-22.5,2.74,0,1
9.75,-22.5,2.8,0,1
9.8,-22.5,2.86,0,1
9.85,-22.5,2.92,0,1
9.9,-22.5,2.98,0,1
9.95,-22.5,3.04,0,1
10,-22.5,3.1,0,1
10.05,-22.5,3.16,0,1
10.1,-22.5,3.22,0,1
10.15,-22.5,3.28,0,1
10.2,-22.5,3.34,0,1
10.25,-22.5,3.4,0,1
10.3,-22.5,3.46,0,1
10.35,-22.5,3.52,0,1
10.4,-22.5,3.58,0,1
10.45,-22.5,3.64,0,1
10.5,-22.5,3.7,0,1
10.55,-22.5,3.76,0,1
10.6,-22.5,3.82,0,1
10.65,-22.5,3.88,0,1
10.7,-22.5,3.94,0,1
10.75,-22.5,4,0,1
10.8,-22.5,4.06,0,1
10.85,-22.5,4.12,0,1
10.9,-22.5,4.18,0,1
10.95,-22.5,4.24,0,1
11,-22.5,4.3,0,1
11.05,-22.5,4.36,0,1
11.1,-22.5,4.42,0,1
11.15,-22.5,4.48,0,1
11.2,-22.5,4.54,0,1
11.25,-22.5,4.6,0,1
11.3,-22.5,4.66,0,1
11.35,-22.5,4.72,0,1
11.4,-22.5,4.78,0,1
11.45,-22.5,4.8275,0,1
11.5,-22.5,4.8625,0,1
11.55,-22.5,4.885,0,1
11.6,-22.5,4.895,0,1
11.65,-22.5,4.895,0,1
11.7,-22.5,4.895,0,1
11.75,-22.5,4.895,0,1
11.8,-22.5,4.895,0,1
11.85,-22.5,4.895,0,1
11.9,-22.5,4.895,0,1
11.95,-22.5,4.895,0,1
12,-22.5,4.895,0,1
12.05,-22.5,4.895,0,1
12.1,-22.5,4.895,0,1
12.15,-22.5,4.895,0,1
12.2,-22.5,4.895,0,1
12.25,-22.5,4.895,0,1
12.3,-22.5,4.895,0,1
12.35,-22.5,4.895,0,1
12.4,-22.5,4.895,0,1
12.45,-22.5,4.895,0,1
12.5,-22.5,4.895,0,1
12.55,-22.5,4.895,0,1
12.6,-22.5,4.895,0,1
12.65,-22.5,4.895,0,1
12.7,-22.5,4.895,0,1
12.75,-22.5,4.895,0,1
12.8,-22.5,4.895,0,1
12.85,-22.5,4.895,0,1
12.9,-22.5,4.895,0,1
12.95,-22.5,4.895,0,1
13,-22.5,4.895,0,1
13.05,-22.5,4.895,0,1
13.1,-22.5,4.895,0,1
13.15,-22.5,4.895,0,1
13.2,-22.5,4.895,0,1
13.25,-22.5,4.895,0,1
13.3,-22.5,4.895,0,1
13.35,-22.5,4.895,0,1
13.4,-22.5,4.895,0,1
13.45,-22.5,4.895,0,1
13.5,-22.5,4.895,0,1
13.55,-22.5,4.895,0,1
13.6,-22.5,4.895,0,1
13.65,-22.5,4.895,0,1
13.7,-22.5,4.895,0,1
13.75,-22.5,4.895,0,1
13.8,-22.5,4.895,0,1
13.85,-22.5,4.895,0,1
13.9,-22.5,4.895,0,1
13.95,-22.5,4.895,0,1
14,-22.5,4.895,0,1
14.05,-22.5,4.895,0,1
14.1,-22.5,4.895,0,1
14.15,-22.5,4.895,0,1
14.2,-22.5,4.895,0,1
14.25,-22.5,4.895,0,1
14.3,-22.5,4.895,0,1
14.35,-22.5,4.895,0,1
14.4,-22.5,4.895,0,1
14.45,-22.5,4.895,0,1
14.5,-22.5,4.895,0,1
14.55,-22.5,4.895,0,1
14.6,-22.5,4.895,0,1
14.65,-22.5,4.895,0,1
14.7,-22.5,4.895,0,1
14.75,-22.5,4.895,0,1
14.8,-22.5,4.895,0,1
14.85,-22.5,4.895,0,1
14.9,-22.5,4.895,0,1
14.95,-22.5,4.895,0,1
15,-22.5,4.895,0,1
15.05,-22.5,4.895,0,1
15.1,-22.5,4.895,0,1
15.15,-22.5,4.895,0,1
15.2,-22.5,4.895,0,1
15.25,-22.5,4.895,0,1
15.3,-22.5,4.895,0,1
15.35,-22.5,4.895,0,1
15.4,-22.5,4.895,0,1
15.45,-22.5,4.895,0,1
15.5,-22.5,4.895,0,1
15.55,-22.5,4.895,0,1
15.6,-22.5,4.895,0,1
15.65,-22.5,4.895,0,1
15.7,-22.5,4.895,0,1
15.75,-22.5,4.895,0,1
15.8,-22.5,4.895,0,1
15.85,-22.5,4.895,0,1
15.9,-22.5,4.895,0,1
15.95,-22.5,4.895,0,1
16,-22.5,4.895,0,1
16.05,-22.5,4.895,0,1
16.1,-22.5,4.895,0,1
16.15,-22.5,4.895,0,1
16.2,-22.5,4.895,0,1
16.25,-22.5,4.895,0,1
16.3,-22.5,4.895,0,1
16.35,-22.5,4.895,0,1
16.4,-22.5,4.895,0,1
16.45,-22.5,4.895,0,1
16.5,-22.5,4.895,0,1
16.55,-22.5,4.895,0,1
16.6,-22.5,4.895,0,1
16.65,-22.5,4.895,0,1
16.7,-22.5,4.895,0,1
16.75,-22.5,4.895,0,1
16.8,-22.5,4.895,0,1
16.85,-22.5,4.895,0,1
16.9,-22.5,4.895,0,1
16.95,-22.5,4.895,0,1
17,-22.5,4.895,0,1
17.05,-22.5,4.895,0,1
17.1,-22.5,4.895,0,1
17.15,-22.5,4.895,0,1
17.2,-22.5,4.895,0,1
17.25,-22.5,4.895,0,1
17.3,-22.5,4.895,0,1
17.35,-22.5,4.895,0,1
17.4,-22.5,4.895,0,1
17.45,-22.5,4.895,0,1
17.5,-22.5,4.895,0,1
17.55,-22.5,4.895,0,1
17.6,-22.5,4.895,0,1
17.65,-22.5,4.895,0,1
17.7,-22.5,4.895,0,1
17.75,-22.5,4.895,0,1
17.8,-22.5,4.895,0,1
17.85,-22.5,4.895,0,1
17.9,-22.5,4.895,0,1
17.95,-22.5,4.895,0,1
18,-22.5,4.895,0,1
18.05,-22.5,4.895,0,1
18.1,-22.5,4.895,0,1
18.15,-22.5,4.895,0,1
18.2,-22.5,4.895,0,1
18.25,-22.5,4.895,0,1
18.3,-22.5,4.895,0,1
18.35,-22.5,4.895,0,1
18.4,-22.5,4.895,0,1
18.45,-22.5,4.895,0,1
18.5,-22.5,4.895,0,1
18.55,-22.5,4.895,0,1
18.6,-22.5,4.895,0,1
18.65,-22.5,4.895,0,1
18.7,-22.5,4.895,0,1
18.75,-22.5,4.895,0,1
18.8,-22.5,4.895,0,1
18.85,-22.5,4.895,0,1
18.9,-22.5,4.895,0,1
18.95,-22.5,4.895,0,1
19,-22.5,4.895,0,1
19.05,-22.5,4.895,0,1
19.1,-22.5,4.895,0,1
19.15,-22.5,4.895,0,1
19.2,-22.5,4.895,0,1
19.25,-22.5,4.895,0,1
19.3,-22.5,4.895,0,1
19.35,-22.5,4.895,0,1
19.4,-22.5,4.895,0,1
19.45,-22.5,4.895,0,1
19.5,-22.5,4.895,0,1
19.55,-22.5,4.895,0,1
19.6,-22.5,4.895,0,1
19.65,-22.5,4.895,0,1
19.7,-22.5,4.895,0,1
19.75,-22.5,4.895,0,1
19.8,-22.5,4.895,0,1
19.85,-22.5,4.895,0,1
19.9,-22.5,4.895,0,1
19.95,-22.5,4.895,0,1
20,-22.5,4.895,0,1
20.05,-22.5,4.895,0,1
20.1,-22.5,4.895,0,1
20.15,-22.5,4.895,0,1
20.2,-22.5,4.895,0,1
20.25,-22.5,4.895,0,1
20.3,-22.5,4.895,0,1
20.35,-22.5,4.895,0,1
20.4,-22.5,4.895,0,1
20.45,-22.5,4.895,0,1
20.5,-22.5,4.895,0,1
20.55,-22.5,4.895,0,1
20.6,-22.5,4.895,0,1
20.65,-22.5,4.895,0,1
20.7,-22.5,4.895,0,1
20.75,-22.5,4.895,0,1
20.8,-22.5,4.895,0,1
20.85,-22.5,4.895,0,1
20.9,-22.5,4.895,0,1
20.95,-22.5,4.895,0,1
21,-22.5,4.895,0,1
21.05,-22.5,4.895,0,1
21.1,-22.5,4.895,0,1
21.15,-22.5,4.895,0,1
21.2,-22.5,4.895,0,1
21.25,-22.5,4.895,0,1
21.3,-22.5,4.895,0,1
21.35,-22.5,4.895,0,1
21.4,-22.5,4.895,0,1
21.45,-22.5,4.895,0,1
21.5,-22.5,4.895,0,1
21.55,-22.5,4.895,0,1
21.6,-22.5,4.895,0,1
21.65,-22.5,4.895,0,1
21.7,-22.5,4.895,0,1
21.75,-22.5,4.895,0,1
21.8,-22.5,4.895,0,1
21.85,-22.5,4.895,0,1
21.9,-22.5,4.895,0,1
21.95,-22.5,4.895,0,1
22,-22.5,4.895,0,1
22.05,-22.5,4.895,0,1
22.1,-22.5,4.895,0,1
22.15,-22.5,4.895,0,1
22.2,-22.5,4.895,0,1
22.25,-22.5,4.895,0,1
22.3,-22.5,4.895,0,1
22.35,-22.5,4.895,0,1
22.4,-22.5,4.895,0,1
22.45,-22.5,4.895,0,1
22.5,-22.5,4.895,0,1
22.55,-22.5,4.895,0,1
22.6,-22.5,4.895,0,1
22.65,-22.5,4.895,0,1
22.7,-22.5,4.895,0,1
22.75,-22.5,4.895,0,1
22.8,-22.5,4.895,0,1
22.85,-22.5,4.895,0,1
22.9,-22.5,4.895,0,1
22.95,-22.5,4.895,0,1
23,-22.5,4.895,0,1
23.05,-22.5,4.895,0,1
23.1,-22.5,4.895,0,1
23.15,-22.5,4.895,0,1
23.2,-22.5,4.895,0,1
23.25,-22.5,4.895,0,1
23.3,-22.5,4.895,0,1
23.35,-22.5,4.895,0,1
23.4,-22.5,4.895,0,1
23.45,-22.5,4.895,0,1
23.5,-22.5,4.895,0,1
23.55,-22.5,4.895,0,1
23.6,-22.5,4.895,0,1
23.65,-22.5,4.895,0,1
23.7,-22.5,4.895,0,1
23.75,-22.5,4.895,0,1
23.8,-22.5,4.895,0,1
23.85,-22.5,4.895,0,1
23.9,-22.5,4.895,0,1
23.95,-22.5,4.895,0,1
24,-22.5,4.895,0,1
24.05,-22.5,4.895,0,1
24.1,-22.5,4.895,0,1
24.15,-22.5,4.895,0,1
24.2,-22.5,4.895,0,1
24.25,-22.5,4.895,0,1
24.3,-22.5,4.895,0,1
24.35,-22.5,4.895,0,1
24.4,-22.5,4.895,0,1
24.45,-22.5,4.895,0,1
24.5,-22.5,4.895,0,1
24.55,-22.5,4.895,0,1
24.6,-22.5,4.895,0,1
24.65,-22.5,4.895,0,1
24.7,-22.5,4.895,0,1
24.75,-22.5,4.895,0,1
24.8,-22.5,4.895,0,1
24.85,-22.5,4.895,0,1
24.9,-22.5,4.895,0,1
24.95,-22.5,4.895,0,1
25,-22.5,4.895,0,1
25.05,-22.5,4.895,0,1
25.1,-22.5,4.895,0,1
25.15,-22.5,4.895,0,1
25.2,-22.5,4.895,0,1
25.25,-22.5,4.895,0,1
25.3,-22.5,4.895,0,1
25.35,-22.5,4.895,0,1
25.4,-22.5,4.895,0,1
25.45,-22.5,4.895,0,1
25.5,-22.5,4.895,0,1
25.55,-22.5,4.895,0,1
25.6,-22.5,4.895,0,1
25.65,-22.5,4.895,0,1
25.7,-22.5,4.895,0,1
25.75,-22.5,4.895,0,1
25.8,-22.5,4.895,0,1
25.85,-22.5,4.895,0,1
25.9,-22.5,4.895,0,1
25.95,-22.5,4.895,0,1
26,-22.5,4.895,0,1
26.05,-22.5,4.895,0,1
26.1,-22.5,4.895,0,1
26.15,-22.5,4.895,0,1
26.2,-22.5,4.895,0,1
26.25,-22.5,4.895,0,1
26.3,-22.5,4.895,0,1
26.35,-22.5,4.895,0,1
26.4,-22.5,4.895,0,1
26.45,-22.5,4.895,0,1
26.5,-22.5,4.895,0,1
26.55,-22.5,4.895,0,1
26.6,-22.5,4.895,0,1
26.65,-22.5,4.895,0,1
26.7,-22.5,4.895,0,1
26.75,-22.5,4.895,0,1
26.8,-22.5,4.895,0,1
26.85,-22.5,4.895,0,1
26.9,-22.5,4.895,0,1
26.95,-22.5,4.895,0,1
27,-22.5,4.895,0,1
27.05,-22.5,4.895,0,1
27.1,-22.5,4.895,0,1
27.15,-22.5,4.895,0,1
27.2,-22.5,4.895,0,1
27.25,-22.5,4.895,0,1
27.3,-22.5,4.895,0,1
27.35,-22.5,4.895,0,1
27.4,-22.5,4.895,0,1
27.45,-22.5,4.895,0,1
27.5,-22.5,4.895,0,1
27.55,-22.5,4.895,0,1
27.6,-22.5,4.895,0,1
27.65,-22.5,4.895,0,1
27.7,-22.5,4.895,0,1
27.75,-22.5,4.895,0,1
27.8,-22.5,4.895,0,1
27.85,-22.5,4.895,0,1
27.9,-22.5,4.895,0,1
27.95,-22.5,4.895,0,1
28,-22.5,4.895,0,1
28.05,-22.5,4.895,0,1
28.1,-22.5,4.895,0,1
28.15,-22.5,4.895,0,1
28.2,-22.5,4.895,0,1
28.25,-22.5,4.895,0,1
28.3,-22.5,4.895,0,1
28.35,-22.5,4.895,0,1
28.4,-22.5,4.895,0,1
28.45,-22.5,4.895,0,1
28.5,-22.5,4.895,0,1
28.55,-22.5,4.895,0,1
28.6,-22.5,4.895,0,1
28.65,-22.5,4.895,0,1
28.7,-22.5,4.895,0,1
28.75,-22.5,4.895,0,1
28.8,-22.5,4.895,0,1
28.85,-22.5,4.895,0,1
28.9,-22.5,4.895,0,1
28.95,-22.5,4.895,0,1
29,-22.5,4.895,0,1
29.05,-22.5,4.895,0,1
29.1,-22.5,4.895,0,1
29.15,-22.5,4.895,0,1
29.2,-22.5,4.895,0,1
29.25,-22.5,4.895,0,1
29.3,-22.5,4.895,0,1
29.35,-22.5,4.895,0,1
29.4,-22.5,4.895,0,1
29.45,-22.5,4.895,0,1
29.5,-22.5,4.895,0,1
29.55,-22.5,4.895,0,1
29.6,-22.5,4.895,0,1
29.65,-22.5,4.895,0,1
29.7,-22.5,4.895,0,1
29.75,-22.5,4.895,0,1
29.8,-22.5,4.895,0,1
29.85,-22.5,4.895,0,1
29.9,-22.5,4.895,0,1
29.95,-22.5,4.895,0,1
30,-22.5,4.895,0,1
30.05,-22.5,4.895,0,1
30.1,-22.5,4.895,0,1
30.15,-22.5,4.895,0,1
30.2,-22.5,4.895,0,1
30.25,-22.5,4.895,0,1
30.3,-22.5,4.895,0,1
30.35,-22.5,4.895,0,1
30.4,-22.5,4.895,0,1
30.45,-22.5,4.895,0,1
30.5,-22.5,4.895,0,1
30.55,-22.5,4.895,0,1
30.6,-22.5,4.895,0,1
30.65,-22.5,4.895,0,1
30.7,-22.5,4.895,0,1
30.75,-22.5,4.895,0,1
30.8,-22.5,4.895,0,1
30.85,-22.5,4.895,0,1
30.9,-22.5,4.895,0,1
30.95,-22.5,4.895,0,1
31,-22.5,4.895,0,1
31.05,-22.5,4.895,0,1
31.1,-22.5,4.895,0,1
31.15,-22.5,4.895,0,1
31.2,-22.5,4.895,0,1
31.25,-22.5,4.895,0,1
31.3,-22.5,4.895,0,1
31.35,-22.5,4.895,0,1
31.4,-22.5,4.895,0,1
31.45,-22.5,4.895,0,1
31.5,-22.5,4.895,0,1
31.55,-22.5,4.895,0,1
31.6,-22.5,4.895,0,1
31.65,-22.5,4.895,0,1
31.7,-22.5,4.895,0,1
31.75,-22.5,4.895,0,1
31.8,-22.5,4.895,0,1
31.85,-22.5,4.895,0,1
31.9,-22.5,4.895,0,1
31.95,-22.5,4.895,0,1
32,-22.5,4.895,0,1
32.05,-22.5,4.895,0,1
32.1,-22.5,4.895,0,1
32.15,-22.5,4.895,0,1
32.2,-22.5,4.895,0,1
32.25,-22.5,4.895,0,1
32.3,-22.5,4.895,0,1
32.35,-22.5,4.895,0,1
32.4,-22.5,4.895,0,1
32.45,-22.5,4.895,0,1
32.5,-22.5,4.895,0,1
32.55,-22.5,4.895,0,1
32.6,-22.5,4.895,0,1
32.65,-22.5,4.895,0,1
32.7,-22.5,4.895,0,1
32.75,-22.5,4.895,0,1
32.8,-22.5,4.895,0,1
32.85,-22.5,4.895,0,1
32.9,-22.5,4.895,0,1
32.95,-22.5,4.895,0,1
33,-22.5,4.895,0,1
33.05,-22.5,4.895,0,1
33.1,-22.5,4.895,0,1
33.15,-22.5,4.895,0,1
33.2,-22.5,4.895,0,1
33.25,-22.5,4.895,0,1
33.3,-22.5,4.895,0,1
33.35,-22.5,4.895,0,1
33.4,-22.5,4.895,0,1
33.45,-22.5,4.895,0,1
33.5,-22.5,4.895,0,1
33.55,-22.5,4.895,0,1
33.6,-22.5,4.895,0,1
33.65,-22.5,4.895,0,1
33.7,-22.5,4.895,0,1
33.75,-22.5,4.895,0,1
33.8,-22.5,4.895,0,1
33.85,-22.5,4.895,0,1
33.9,-22.5,4.895,0,1
33.95,-22.5,4.895,0,1
34,-22.5,4.895,0,1
34.05,-22.5,4.895,0,1
34.1,-22.5,4.895,0,1
34.15,-22.5,4.895,0,1
34.2,-22.5,4.895,0,1
34.25,-22.5,4.895,0,1
34.3,-22.5,4.895,0,1
34.35,-22.5,4.895,0,1
34.4,-22.5,4.895,0,1
34.45,-22.5,4.895,0,1
34.5,-22.5,4.895,0,1
34.55,-22.5,4.895,0,1
34.6,-22.5,4.895,0,1
34.65,-22.5,4.895,0,1
34.7,-22.5,4.895,0,1
34.75,-22.5,4.895,0,1
34.8,-22.5,4.895,0,1
34.85,-22.5,4.895,0,1
34.9,-22.5,4.895,0,1
34.95,-22.5,4.895,0,1
35,-22.5,4.895,0,1
35.05,-22.5,4.895,0,1
35.1,-22.5,4.895,0,1
35.15,-22.5,4.895,0,1
35.2,-22.5,4.895,0,1
35.25,-22.5,4.895,0,1
35.3,-22.5,4.895,0,1
35.35,-22.5,4.895,0,1
35.4,-22.5,4.895,0,1
35.45,-22.5,4.895,0,1
35.5,-22.5,4.895,0,1
35.55,-22.5,4.895,0,1
35.6,-22.5,4.895,0,1
35.65,-22.5,4.895,0,1
35.7,-22.5,4.895,0,1
35.75,-22.5,4.895,0,1
35.8,-22.5,4.895,0,1
35.85,-22.5,4.895,0,1
35.9,-22.5,4.895,0,1
35.95,-22.5,4.895,0,1
36,-22.5,4.895,0,1
36.05,-22.5,4.895,0,1
36.1,-22.5,4.895,0,1
36.15,-22.5,4.895,0,1
36.2,-22.5,4.895,0,1
36.25,-22.5,4.895,0,1
36.3,-22.5,4.895,0,1
36.35,-22.5,4.895,0,1
36.4,-22.5,4.895,0,1
36.45,-22.5,4.895,0,1
36.5,-22.5,4.895,0,1
36.55,-22.5,4.895,0,1
36.6,-22.5,4.895,0,1
36.65,-22.5,4.895,0,1
36.7,-22.5,4.895,0,1
36.75,-22.5,4.895,0,1
36.8,-22.5,4.895,0,1
36.85,-22.5,4.895,0,1
36.9,-22.5,4.895,0,1
36.95,-22.5,4.895,0,1
37,-22.5,4.895,0,1
37.05,-22.5,4.895,0,1
37.1,-22.5,4.895,0,1
37.15,-22.5,4.895,0,1
37.2,-22.5,4.895,0,1
37.25,-22.5,4.895,0,1
37.3,-22.5,4.895,0,1
37.35,-22.5,4.895,0,1
37.4,-22.5,4.895,0,1
37.45,-22.5,4.895,0,1
37.5,-22.5,4.895,0,1
37.55,-22.5,4.895,0,1
37.6,-22.5,4.895,0,1
37.65,-22.5,4.895,0,1
37.7,-22.5,4.895,0,1
37.75,-22.5,4.895,0,1
37.8,-22.5,4.895,0,1
37.85,-22.5,4.895,0,1
37.9,-22.5,4.895,0,1
37.95,-22.5,4.895,0,1
38,-22.5,4.895,0,1
38.05,-22.5,4.895,0,1
38.1,-22.5,4.895,0,1
38.15,-22.5,4.895,0,1
38.2,-22.5,4.895,0,1
38.25,-22.5,4.895,0,1
38.3,-22.5,4.895,0,1
38.35,-22.5,4.895,0,1
38.4,-22.5,4.895,0,1
38.45,-22.5,4.895,0,1
38.5,-22.5,4.895,0,1
38.55,-22.5,4.895,0,1
38.6,-22.5,4.895,0,1
38.65,-22.5,4.895,0,1
38.7,-22.5,4.895,0,1
38.75,-22.5,4.895,0,1
38.8,-22.5,4.895,0,1
38.85,-22.5,4.895,0,1
38.9,-22.5,4.895,0,1
38.95,-22.5,4.895,0,1
39,-22.5,4.895,0,1
39.05,-22.5,4.895,0,1
39.1,-22.5,4.895,0,1
39.15,-22.5,4.895,0,1
39.2,-22.5,4.895,0,1
39.25,-22.5,4.895,0,1
39.3,-22.5,4.895,0,1
39.35,-22.5,4.895,0,1
39.4,-22.5,4.895,0,1
39.45,-22.5,4.895,0,1
39.5,-22.5,4.895,0,1
39.55,-22.5,4.895,0,1
39.6,-22.5,4.895,0,1
39.65,-22.5,4.895,0,1
39.7,-22.5,4.895,0,1
39.75,-22.5,4.895,0,1
39.8,-22.5,4.895,0,1
39.85,-22.5,4.895,0,1
39.9,-22.5,4.895,0,1
39.95,-22.5,4.895,0,1
40,-22.5,4.895,0,1
40.05,-22.5,4.895,0,1
40.1,-22.5,4.895,0,1
40.15,-22.5,4.895,0,1
40.2,-22.5,4.895,0,1
40.25,-22.5,4.895,0,1
40.3,-22.5,4.895,0,1
40.35,-22.5,4.895,0,1
40.4,-22.5,4.895,0,1
40.45,-22.5,4.895,0,1
40.5,-22.5,4.895,0,1
40.55,-22.5,4.895,0,1
40.6,-22.5,4.895,0,1
40.65,-22.5,4.895,0,1
40.7,-22.5,4.895,0,1
40.75,-22.5,4.895,0,1
40.8,-22.5,4.895,0,1
40.85,-22.5,4.895,0,1
40.9,-22.5,4.895,0,1
40.95,-22.5,4.895,0,1
41,-22.5,4.895,0,1
41.05,-22.5,4.895,0,1
41.1,-22.5,4.895,0,1
41.15,-22.5,4.895,0,1
41.2,-22.5,4.895,0,1
41.25,-22.5,4.895,0,1
41.3,-22.5,4.895,0,1
41.35,-22.5,4.895,0,1
41.4,-22.5,4.895,0,1
41.45,-22.5,4.895,0,1
41.5,-22.5,4.895,0,1
41.55,-22.5,4.895,0,1
41.6,-22.5,4.895,0,1
41.65,-22.5,4.895,0,1
41.7,-22.5,4.895,0,1
41.75,-22.5,4.895,0,1
41.8,-22.5,4.895,0,1
41.85,-22.5,4.895,0,1
41.9,-22.5,4.895,0,1
41.95,-22.5,4.895,0,1
42,-22.5,4.895,0,1
42.05,-22.5,4.895,0,1
42.1,-22.5,4.895,0,1
42.15,-22.5,4.895,0,1
42.2,-22.5,4.895,0,1
42.25,-22.5,4.895,0,1
42.3,-22.5,4.895,0,1
42.35,-22.5,4.895,0,1
42.4,-22.5,4.895,0,1
42.45,-22.5,4.895,0,1
42.5,-22.5,4.895,0,1
42.55,-22.5,4.895,0,1
42.6,-22.5,4.895,0,1
42.65,-22.5,4.895,0,1
42.7,-22.5,4.895,0,1
42.75,-22.5,4.895,0,1
42.8,-22.5,4.895,0,1
42.85,-22.5,4.895,0,1
42.9,-22.5,4.895,0,1
42.95,-22.5,4.895,0,1
43,-22.5,4.895,0,1
43.05,-22.5,4.895,0,1
43.1,-22.5,4.895,0,1
43.15,-22.5,4.895,0,1
43.2,-22.5,4.895,0,1
43.25,-22.5,4.895,0,1
43.3,-22.5,4.895,0,1
43.35,-22.5,4.895,0,1
43.4,-22.5,4.895,0,1
43.45,-22.5,4.895,0,1
43.5,-22.5,4.895,0,1
43.55,-22.5,4.895,0,1
43.6,-22.5,4.895,0,1
43.65,-22.5,4.895,0,1
43.7,-22.5,4.895,0,1
43.75,-22.5,4.895,0,1
43.8,-22.5,4.895,0,1
43.85,-22.5,4.895,0,1
43.9,-22.5,4.895,0,1
43.95,-22.5,4.895,0,1
44,-22.5,4.895,0,1
44.05,-22.5,4.895,0,1
44.1,-22.5,4.895,0,1
44.15,-22.5,4.895,0,1
44.2,-22.5,4.895,0,1
44.25,-22.5,4.895,0,1
44.3,-22.5,4.895,0,1
44.35,-22.5,4.895,0,1
44.4,-22.5,4.895,0,1
44.45,-22.5,4.895,0,1
44.5,-22.5,4.895,0,1
44.55,-22.5,4.895,0,1
44.6,-22.5,4.895,0,1
44.65,-22.5,4.895,0,1
44.7,-22.5,4.895,0,1
44.75,-22.5,4.895,0,1
44.8,-22.5,4.895,0,1
44.85,-22.5,4.895,0,1
44.9,-22.5,4.895,0,1
44.95,-22.5,4.895,0,1
45,-22.5,4.895,0,1
45.05,-22.5,4.895,0,1
45.1,-22.5,4.895,0,1
45.15,-22.5,4.895,0,1
45.2,-22.5,4.895,0,1
45.25,-22.5,4.895,0,1
45.3,-22.5,4.895,0,1
45.35,-22.5,4.895,0,1
45.4,-22.5,4.895,0,1
45.45,-22.5,4.895,0,1
45.5,-22.5,4.895,0,1
45.55,-22.5,4.895,0,1
45.6,-22.5,4.895,0,1
45.65,-22.5,4.895,0,1
45.7,-22.5,4.895,0,1
45.75,-22.5,4.895,0,1
45.8,-22.5,4.895,0,1
45.85,-22.5,4.895,0,1
45.9,-22.5,4.895,0,1
45.95,-22.5,4.895,0,1
46,-22.5,4.895,0,1
46.05,-22.5,4.895,0,1
46.1,-22.5,4.895,0,1
46.15,-22.5,4.895,0,1
46.2,-22.5,4.895,0,1
46.25,-22.5,4.895,0,1
46.3,-22.5,4.895,0,1
46.35,-22.5,4.895,0,1
46.4,-22.5,4.895,0,1
46.45,-22.5,4.895,0,1
46.5,-22.5,4.895,0,1
46.55,-22.5,4.895,0,1
46.6,-22.5,4.895,0,1
46.65,-22.5,4.895,0,1
46.7,-22.5,4.895,0,1
46.75,-22.5,4.895,0,1
46.8,-22.5,4.895,0,1
46.85,-22.5,4.895,0,1
46.9,-22.5,4.895,0,1
46.95,-22.5,4.895,0,1
47,-22.5,4.895,0,1
47.05,-22.5,4.895,0,1
47.1,-22.5,4.895,0,1
47.15,-22.5,4.895,0,1
47.2,-22.5,4.895,0,1
47.25,-22.5,4.895,0,1
47.3,-22.5,4.895,0,1
47.35,-22.5,4.895,0,1
47.4,-22.5,4.895,0,1
47.45,-22.5,4.895,0,1
47.5,-22.5,4.895,0,1
47.55,-22.5,4.895,0,1
47.6,-22.5,4.895,0,1
47.65,-22.5,4.895,0,1
47.7,-22.5,4.895,0,1
47.75,-22.5,4.895,0,1
47.8,-22.5,4.895,0,1
47.85,-22.5,4.895,0,1
47.9,-22.5,4.895,0,1
47.95,-22.5,4.895,0,1
48,-22.5,4.895,0,1
48.05,-22.5,4.895,0,1
48.1,-22.5,4.895,0,1
48.15,-22.5,4.895,0,1
48.2,-22.5,4.895,0,1
48.25,-22.5,4.895,0,1
48.3,-22.5,4.895,0,1
48.35,-22.5,4.895,0,1
48.4,-22.5,4.895,0,1
48.45,-22.5,4.895,0,1
48.5,-22.5,4.895,0,1
48.55,-22.5,4.895,0,1
48.6,-22.5,4.895,0,1
48.65,-22.5,4.895,0,1
48.7,-22.5,4.895,0,1
48.75,-22.5,4.895,0,1
48.8,-22.5,4.895,0,1
48.85,-22.5,4.895,0,1
48.9,-22.5,4.895,0,1
48.95,-22.5,4.895,0,1
49,-22.5,4.895,0,1
49.05,-22.5,4.895,0,1
49.1,-22.5,4.895,0,1
49.15,-22.5,4.895,0,1
49.2,-22.5,4.895,0,1
49.25,-22.5,4.895,0,1
49.3,-22.5,4.895,0,1
49.35,-22.5,4.895,0,1
49.4,-22.5,4.895,0,1
49.45,-22.5,4.895,0,1
49.5,-22.5,4.895,0,1
49.55,-22.5,4.895,0,1
49.6,-22.5,4.895,0,1
49.65,-22.5,4.895,0,1
49.7,-22.5,4.895,0,1
49.75,-22.5,4.895,0,1
49.8,-22.5,4.895,0,1
49.85,-22.5,4.895,0,1
49.9,-22.5,4.895,0,1
49.95,-22.5,4.895,0,1
50,-22.5,4.895,0,1
50.05,-22.5,4.895,0,1
50.1,-22.5,4.895,0,1
50.15,-22.5,4.895,0,1
50.2,-22.5,4.895,0,1
50.25,-22.5,4.895,0,1
50.3,-22.5,4.895,0,1
50.35,-22.5,4.895,0,1
50.4,-22.5,4.895,0,1
50.45,-22.5,4.895,0,1
50.5,-22.5,4.895,0,1
50.55,-22.5,4.895,0,1
50.6,-22.5,4.895,0,1
50.65,-22.5,4.895,0,1
50.7,-22.5,4.895,0,1
50.75,-22.5,4.895,0,1
50.8,-22.5,4.895,0,1
50.85,-22.5,4.895,0,1
50.9,-22.5,4.895,0,1
50.95,-22.5,4.895,0,1
51,-22.5,4.895,0,1
51.05,-22.5,4.895,0,1
51.1,-22.5,4.895,0,1
51.15,-22.5,4.895,0,1
51.2,-22.5,4.895,0,1
51.25,-22.5,4.895,0,1
51.3,-22.5,4.895,0,1
51.35,-22.5,4.895,0,1
51.4,-22.5,4.895,0,1
51.45,-22.5,4.895,0,1
51.5,-22.5,4.895,0,1
51.55,-22.5,4.895,0,1
51.6,-22.5,4.895,0,1
51.65,-22.5,4.895,0,1
51.7,-22.5,4.895,0,1
51.75,-22.5,4.895,0,1
51.8,-22.5,4.895,0,1
51.85,-22.5,4.895,0,1
51.9,-22.5,4.895,0,1
51.95,-22.5,4.895,0,1
52,-22.5,4.895,0,1
52.05,-22.5,4.895,0,1
52.1,-22.5,4.895,0,1
52.15,-22.5,4.895,0,1
52.2,-22.5,4.895,0,1
52.25,-22.5,4.895,0,1
52.3,-22.5,4.895,0,1
52.35,-22.5,4.895,0,1
52.4,-22.5,4.895,0,1
52.45,-22.5,4.895,0,1
52.5,-22.5,4.895,0,1
52.55,-22.5,4.895,0,1
52.6,-22.5,4.895,0,1
52.65,-22.5,4.895,0,1
52.7,-22.5,4.895,0,1
52.75,-22.5,4.895,0,1
52.8,-22.5,4.895,0,1
52.85,-22.5,4.895,0,1
52.9,-22.5,4.895,0,1
52.95,-22.5,4.895,0,1
53,-22.5,4.895,0,1
53.05,-22.5,4.895,0,1
53.1,-22.5,4.895,0,1
53.15,-22.5,4.895,0,1
53.2,-22.5,4.895,0,1
53.25,-22.5,4.895,0,1
53.3,-22.5,4.895,0,1
53.35,-22.5,4.895,0,1
53.4,-22.5,4.895,0,1
53.45,-22.5,4.895,0,1
53.5,-22.5,4.895,0,1
53.55,-22.5,4.895,0,1
53.6,-22.5,4.895,0,1
53.65,-22.5,4.895,0,1
53.7,-22.5,4.895,0,1
53.75,-22.5,4.895,0,1
53.8,-22.5,4.895,0,1
53.85,-22.5,4.895,0,1
53.9,-22.5,4.895,0,1
53.95,-22.5,4.895,0,1
54,-22.5,4.895,0,1
54.05,-22.5,4.895,0,1
54.1,-22.5,4.895,0,1
54.15,-22.5,4.895,0,1
54.2,-22.5,4.895,0,1
54.25,-22.5,4.895,0,1
54.3,-22.5,4.895,0,1
54.35,-22.5,4.895,0,1
54.4,-22.5,4.895,0,1
54.45,-22.5,4.895,0,1
54.5,-22.5,4.895,0,1
54.55,-22.5,4.895,0,1
54.6,-22.5,4.895,0,1
54.65,-22.5,4.895,0,1
54.7,-22.5,4.895,0,1
54.75,-22.5,4.895,0,1
54.8,-22.5,4.895,0,1
54.85,-22.5,4.895,0,1
54.9,-22.5,4.895,0,1
54.95,-22.5,4.895,0,1
55,-22.5,4.895,0,1
55.05,-22.5,4.895,0,1
55.1,-22.5,4.895,0,1
55.15,-22.5,4.895,0,1
55.2,-22.5,4.895,0,1
55.25,-22.5,4.895,0,1
55.3,-22.5,4.895,0,1
55.35,-22.5,4.895,0,1
55.4,-22.5,4.895,0,1
55.45,-22.5,4.895,0,1
55.5,-22.5,4.895,0,1
55.55,-22.5,4.895,0,1
55.6,-22.5,4.895,0,1
55.65,-22.5,4.895,0,1
55.7,-22.5,4.895,0,1
55.75,-22.5,4.895,0,1
55.8,-22.5,4.895,0,1
55.85,-22.5,4.895,0,1
55.9,-22.5,4.895,0,1
55.95,-22.5,4.895,0,1
56,-22.5,4.895,0,1
56.05,-22.5,4.895,0,1
56.1,-22.5,4.895,0,1
56.15,-22.5,4.895,0,1
56.2,-22.5,4.895,0,1
56.25,-22.5,4.895,0,1
56.3,-22.5,4.895,0,1
56.35,-22.5,4.895,0,1
56.4,-22.5,4.895,0,1
56.45,-22.5,4.895,0,1
56.5,-22.5,4.895,0,1
56.55,-22.5,4.895,0,1
56.6,-22.5,4.895,0,1
56.65,-22.5,4.895,0,1
56.7,-22.5,4.895,0,1
56.75,-22.5,4.895,0,1
56.8,-22.5,4.895,0,1
56.85,-22.5,4.895,0,1
56.9,-22.5,4.895,0,1
56.95,-22.5,4.895,0,1
57,-22.5,4.895,0,1
57.05,-22.5,4.895,0,1
57.1,-22.5,4.895,0,1
57.15,-22.5,4.895,0,1
57.2,-22.5,4.895,0,1
57.25,-22.5,4.895,0,1
57.3,-22.5,4.895,0,1
57.35,-22.5,4.895,0,1
57.4,-22.5,4.895,0,1
57.45,-22.5,4.895,0,1
57.5,-22.5,4.895,0,1
57.55,-22.5,4.895,0,1
57.6,-22.5,4.895,0,1
57.65,-22.5,4.895,0,1
57.7,-22.5,4.895,0,1
57.75,-22.5,4.895,0,1
57.8,-22.5,4.895,0,1
57.85,-22.5,4.895,0,1
57.9,-22.5,4.895,0,1
57.95,-22.5,4.895,0,1
58,-22.5,4.895,0,1
58.05,-22.5,4.895,0,1
58.1,-22.5,4.895,0,1
58.15,-22.5,4.895,0,1
58.2,-22.5,4.895,0,1
58.25,-22.5,4.895,0,1
58.3,-22.5,4.895,0,1
58.35,-22.5,4.895,0,1
58.4,-22.5,4.895,0,1
58.45,-22.5,4.895,0,1
58.5,-22.5,4.895,0,1
58.55,-22.5,4.895,0,1
58.6,-22.5,4.895,0,1
58.65,-22.5,4.895,0,1
58.7,-22.5,4.895,0,1
58.75,-22.5,4.895,0,1
58.8,-22.5,4.895,0,1
58.85,-22.5,4.895,0,1
58.9,-22.5,4.895,0,1
58.95,-22.5,4.895,0,1
59,-22.5,4.895,0,1
59.05,-22.5,4.895,0,1
59.1,-22.5,4.895,0,1
59.15,-22.5,4.895,0,1
59.2,-22.5,4.895,0,1
59.25,-22.5,4.895,0,1
59.3,-22.5,4.895,0,1
59.35,-22.5,4.895,0,1
59.4,-22.5,4.895,0,1
59.45,-22.5,4.895,0,1
59.5,-22.5,4.895,0,1
59.55,-22.5,4.895,0,1
59.6,-22.5,4.895,0,1
59.65,-22.5,4.895,0,1
59.7,-22.5,4.895,0,1
59.75,-22.5,4.895,0,1
59.8,-22.5,4.895,0,1
59.85,-22.5,4.895,0,1
59.9,-22.5,4.895,0,1
59.95,-22.5,4.895,0,1
60,-22.5,4.895,0,1
60.05,-22.5,4.895,0,1
60.1,-22.5,4.895,0,1
60.15,-22.5,4.895,0,1
60.2,-22.5,4.895,0,1
60.25,-22.5,4.895,0,1
60.3,-22.5,4.895,0,1
60.35,-22.5,4.895,0,1
60.4,-22.5,4.895,0,1
60.45,-22.5,4.895,0,1
60.5,-22.5,4.895,0,1
60.55,-22.5,4.895,0,1
60.6,-22.5,4.895,0,1
60.65,-22.5,4.895,0,1
60.7,-22.5,4.895,0,1
60.75,-22.5,4.895,0,1
60.8,-22.5,4.895,0,1
60.85,-22.5,4.895,0,1
60.9,-22.5,4.895,0,1
60.95,-22.5,4.895,0,1
61,-22.5,4.895,0,1
61.05,-22.5,4.895,0,1
61.1,-22.5,4.895,0,1
61.15,-22.5,4.895,0,1
61.2,-22.5,4.895,0,1
61.25,-22.5,4.895,0,1
61.3,-22.5,4.895,0,1
61.35,-22.5,4.895,0,1
61.4,-22.5,4.895,0,1
61.45,-22.5,4.895,0,1
61.5,-22.5,4.895,0,1
61.55,-22.5,4.895,0,1
61.6,-22.5,4.895,0,1
61.65,-22.5,4.895,0,1
61.7,-22.5,4.895,0,1
61.75,-22.5,4.895,0,1
61.8,-22.5,4.895,0,1
61.85,-22.5,4.895,0,1
61.9,-22.5,4.895,0,1
61.95,-22.5,4.895,0,1
62,-22.5,4.895,0,1
62.05,-22.5,4.895,0,1
62.1,-22.5,4.895,0,1
62.15,-22.5,4.895,0,1
62.2,-22.5,4.895,0,1
62.25,-22.5,4.895,0,1
62.3,-22.5,4.895,0,1
62.35,-22.5,4.895,0,1
62.4,-22.5,4.895,0,1
62.45,-22.5,4.895,0,1
62.5,-22.5,4.895,0,1
62.55,-22.5,4.895,0,1
62.6,-22.5,4.895,0,1
62.65,-22.5,4.895,0,1
62.7,-22.5,4.895,0,1
62.75,-22.5,4.895,0,1
62.8,-22.5,4.895,0,1
62.85,-22.5,4.895,0,1
62.9,-22.5,4.895,0,1
62.95,-22.5,4.895,0,1
63,-22.5,4.895,0,1
63.05,-22.5,4.895,0,1
63.1,-22.5,4.895,0,1
63.15,-22.5,4.895,0,1
63.2,-22.5,4.895,0,1
63.25,-22.5,4.895,0,1
63.3,-22.5,4.895,0,1
63.35,-22.5,4.895,0,1
63.4,-22.5,4.895,0,1
63.45,-22.5,4.895,0,1
63.5,-22.5,4.895,0,1
63.55,-22.5,4.895,0,1
63.6,-22.5,4.895,0,1
63.65,-22.5,4.895,0,1
63.7,-22.5,4.895,0,1
63.75,-22.5,4.895,0,1
63.8,-22.5,4.895,0,1
63.85,-22.5,4.895,0,1
63.9,-22.5,4.895,0,1
63.95,-22.5,4.895,0,1
64,-22.5,4.895,0,1
64.05,-22.5,4.895,0,1
64.1,-22.5,4.895,0,1
64.15,-22.5,4.895,0,1
64.2,-22.5,4.895,0,1
64.25,-22.5,4.895,0,1
64.3,-22.5,4.895,0,1
64.35,-22.5,4.895,0,1
64.4,-22.5,4.895,0,1
64.45,-22.5,4.895,0,1
64.5,-22.5,4.895,0,1
64.55,-22.5,4.895,0,1
64.6,-22.5,4.895,0,1
64.65,-22.5,4.895,0,1
64.7,-22.5,4.895,0,1
64.75,-22.5,4.895,0,1
64.8,-22.5,4.895,0,1
64.85,-22.5,4.895,0,1
64.9,-22.5,4.895,0,1
64.95,-22.5,4.895,0,1
65,-22.5,4.895,0,1
65.05,-22.5,4.895,0,1
65.1,-22.5,4.895,0,1
65.15,-22.5,4.895,0,1
65.2,-22.5,4.895,0,1
65.25,-22.5,4.895,0,1
65.3,-22.5,4.895,0,1
65.35,-22.5,4.895,0,1
65.4,-22.5,4.895,0,1
65.45,-22.5,4.895,0,1
65.5,-22.5,4.895,0,1
65.55,-22.5,4.895,0,1
65.6,-22.5,4.895,0,1
65.65,-22.5,4.895,0,1
65.7,-22.5,4.895,0,1
65.75,-22.5,4.895,0,1
65.8,-22.5,4.895,0,1
65.85,-22.5,4.895,0,1
65.9,-22.5,4.895,0,1
65.95,-22.5,4.895,0,1
66,-22.5,4.895,0,1
66.05,-22.5,4.895,0,1
66.1,-22.5,4.895,0,1
66.15,-22.5,4.895,0,1
66.2,-22.5,4.895,0,1
66.25,-22.5,4.895,0,1
66.3,-22.5,4.895,0,1
66.35,-22.5,4.895,0,1
66.4,-22.5,4.895,0,1
66.45,-22.5,4.895,0,1
66.5,-22.5,4.895,0,1
66.55,-22.5,4.895,0,1
66.6,-22.5,4.895,0,1
66.65,-22.5,4.895,0,1
66.7,-22.5,4.895,0,1
66.75,-22.5,4.895,0,1
66.8,-22.5,4.895,0,1
66.85,-22.5,4.895,0,1
66.9,-22.5,4.895,0,1
66.95,-22.5,4.895,0,1
67,-22.5,4.895,0,1
67.05,-22.5,4.895,0,1
67.1,-22.5,4.895,0,1
67.15,-22.5,4.895,0,1
67.2,-22.5,4.895,0,1
67.25,-22.5,4.895,0,1
67.3,-22.5,4.895,0,1
67.35,-22.5,4.895,0,1
67.4,-22.5,4.895,0,1
67.45,-22.5,4.895,0,1
67.5,-22.5,4.895,0,1
67.55,-22.5,4.895,0,1
67.6,-22.5,4.895,0,1
67.65,-22.5,4.895,0,1
67.7,-22.5,4.895,0,1
67.75,-22.5,4.895,0,1
67.8,-22.5,4.895,0,1
67.85,-22.5,4.895,0,1
67.9,-22.5,4.895,0,1
67.95,-22.5,4.895,0,1
68,-22.5,4.895,0,1
68.05,-22.5,4.895,0,1
68.1,-22.5,4.895,0,1
68.15,-22.5,4.895,0,1
68.2,-22.5,4.895,0,1
68.25,-22.5,4.895,0,1
68.3,-22.5,4.895,0,1
68.35,-22.5,4.895,0,1
68.4,-22.5,4.895,0,1
68.45,-22.5,4.895,0,1
68.5,-22.5,4.895,0,1
68.55,-22.5,4.895,0,1
68.6,-22.5,4.895,0,1
68.65,-22.5,4.895,0,1
68.7,-22.5,4.895,0,1
68.75,-22.5,4.895,0,1
68.8,-22.5,4.895,0,1
68.85,-22.5,4.895,0,1
68.9,-22.5,4.895,0,1
68.95,-22.5,4.895,0,1
69,-22.5,4.895,0,1
69.05,-22.5,4.895,0,1
69.1,-22.5,4.895,0,1
69.15,-22.5,4.895,0,1
69.2,-22.5,4.895,0,1
69.25,-22.5,4.895,0,1
69.3,-22.5,4.895,0,1
69.35,-22.5,4.895,0,1
69.4,-22.5,4.895,0,1
69.45,-22.5,4.895,0,1
69.5,-22.5,4.895,0,1
69.55,-22.5,4.895,0,1
69.6,-22.5,4.895,0,1
69.65,-22.5,4.895,0,1
69.7,-22.5,4.895,0,1
69.75,-22.5,4.895,0,1
69.8,-22.5,4.895,0,1
69.85,-22.5,4.895,0,1
69.9,-22.5,4.895,0,1
69.95,-22.5,4.895,0,1
70,-22.5,4.895,0,1
70.05,-22.5,4.895,0,1
70.1,-22.5,4.895,0,1
70.15,-22.5,4.895,0,1
70.2,-22.5,4.895,0,1
70.25,-22.5,4.895,0,1
70.3,-22.5,4.895,0,1
70.35,-22.5,4.895,0,1
70.4,-22.5,4.895,0,1
70.45,-22.5,4.895,0,1
70.5,-22.5,4.895,0,1
70.55,-22.5,4.895,0,1
70.6,-22.5,4.895,0,1
70.65,-22.5,4.895,0,1
70.7,-22.5,4.895,0,1
70.75,-22.5,4.895,0,1
70.8,-22.5,4.895,0,1
70.85,-22.5,4.895,0,1
70.9,-22.5,4.895,0,1
70.95,-22.5,4.895,0,1
71,-22.5,4.895,0,1
71.05,-22.5,4.895,0,1
71.1,-22.5,4.895,0,1
71.15,-22.5,4.895,0,1
71.2,-22.5,4.895,0,1
71.25,-22.5,4.895,0,1
71.3,-22.5,4.895,0,1
71.35,-22.5,4.895,0,1
71.4,-22.5,4.895,0,1
71.45,-22.5,4.895,0,1
71.5,-22.5,4.895,0,1
71.55,-22.5,4.895,0,1
71.6,-22.5,4.895,0,1
71.65,-22.5,4.895,0,1
71.7,-22.5,4.895,0,1
71.75,-22.5,4.895,0,1
71.8,-22.5,4.895,0,1
71.85,-22.5,4.895,0,1
71.9,-22.5,4.895,0,1
71.95,-22.5,4.895,0,1
72,-22.5,4.895,0,1
72.05,-22.5,4.895,0,1
72.1,-22.5,4.895,0,1
72.15,-22.5,4.895,0,1
72.2,-22.5,4.895,0,1
72.25,-22.5,4.895,0,1
72.3,-22.5,4.895,0,1
72.35,-22.5,4.895,0,1
72.4,-22.5,4.895,0,1
72.45,-22.5,4.895,0,1
72.5,-22.5,4.895,0,1
72.55,-22.5,4.895,0,1
72.6,-22.5,4.895,0,1
72.65,-22.5,4.895,0,1
72.7,-22.5,4.895,0,1
72.75,-22.5,4.895,0,1
72.8,-22.5,4.895,0,1
72.85,-22.5,4.895,0,1
72.9,-22.5,4.895,0,1
72.95,-22.5,4.895,0,1
73,-22.5,4.895,0,1
73.05,-22.5,4.895,0,1
73.1,-22.5,4.895,0,1
73.15,-22.5,4.895,0,1
73.2,-22.5,4.895,0,1
73.25,-22.5,4.895,0,1
73.3,-22.5,4.895,0,1
73.35,-22.5,4.895,0,1
73.4,-22.5,4.895,0,1
73.45,-22.5,4.895,0,1
73.5,-22.5,4.895,0,1
73.55,-22.5,4.895,0,1
73.6,-22.5,4.895,0,1
73.65,-22.5,4.895,0,1
73.7,-22.5,4.895,0,1
73.75,-22.5,4.895,0,1
73.8,-22.5,4.895,0,1
73.85,-22.5,4.895,0,1
73.9,-22.5,4.895,0,1
73.95,-22.5,4.895,0,1
74,-22.5,4.895,0,1
74.05,-22.5,4.895,0,1
74.1,-22.5,4.895,0,1
74.15,-22.5,4.895,0,1
74.2,-22.5,4.895,0,1
74.25,-22.5,4.895,0,1
74.3,-22.5,4.895,0,1
74.35,-22.5,4.895,0,1
74.4,-22.5,4.895,0,1
74.45,-22.5,4.895,0,1
74.5,-22.5,4.895,0,1
74.55,-22.5,4.895,0,1
74.6,-22.5,4.895,0,1
74.65,-22.5,4.895,0,1
74.7,-22.5,4.895,0,1
74.75,-22.5,4.895,0,1
74.8,-22.5,4.895,0,1
74.85,-22.5,4.895,0,1
74.9,-22.5,4.895,0,1
74.95,-22.5,4.895,0,1
75,-22.5,4.895,0,1
75.05,-22.5,4.895,0,1
75.1,-22.5,4.895,0,1
75.15,-22.5,4.895,0,1
75.2,-22.5,4.895,0,1
75.25,-22.5,4.895,0,1
75.3,-22.5,4.895,0,1
75.35,-22.5,4.895,0,1
75.4,-22.5,4.895,0,1
75.45,-22.5,4.895,0,1
75.5,-22.5,4.895,0,1
75.55,-22.5,4.895,0,1
75.6,-22.5,4.895,0,1
75.65,-22.5,4.895,0,1
75.7,-22.5,4.895,0,1
75.75,-22.5,4.895,0,1
75.8,-22.5,4.895,0,1
75.85,-22.5,4.895,0,1
75.9,-22.5,4.895,0,1
75.95,-22.5,4.895,0,1
76,-22.5,4.895,0,1
76.05,-22.5,4.895,0,1
76.1,-22.5,4.895,0,1
76.15,-22.5,4.895,0,1
76.2,-22.5,4.895,0,1
76.25,-22.5,4.895,0,1
76.3,-22.5,4.895,0,1
76.35,-22.5,4.895,0,1
76.4,-22.5,4.895,0,1
76.45,-22.5,4.895,0,1
76.5,-22.5,4.895,0,1
76.55,-22.5,4.895,0,1
76.6,-22.5,4.895,0,1
76.65,-22.5,4.895,0,1
76.7,-22.5,4.895,0,1
76.75,-22.5,4.895,0,1
76.8,-22.5,4.895,0,1
76.85,-22.5,4.895,0,1
76.9,-22.5,4.895,0,1
76.95,-22.5,4.895,0,1
77,-22.5,4.895,0,1
77.05,-22.5,4.895,0,1
77.1,-22.5,4.895,0,1
77.15,-22.5,4.895,0,1
77.2,-22.5,4.895,0,1
77.25,-22.5,4.895,0,1
77.3,-22.5,4.895,0,1
77.35,-22.5,4.895,0,1
77.4,-22.5,4.895,0,1
77.45,-22.5,4.895,0,1
77.5,-22.5,4.895,0,1
77.55,-22.5,4.895,0,1
77.6,-22.5,4.895,0,1
77.65,-22.5,4.895,0,1
77.7,-22.5,4.895,0,1
77.75,-22.5,4.895,0,1
77.8,-22.5,4.895,0,1
77.85,-22.5,4.895,0,1
77.9,-22.5,4.895,0,1
77.95,-22.5,4.895,0,1
78,-22.5,4.895,0,1
78.05,-22.5,4.895,0,1
78.1,-22.5,4.895,0,1
78.15,-22.5,4.895,0,1
78.2,-22.5,4.895,0,1
78.25,-22.5,4.895,0,1
78.3,-22.5,4.895,0,1
78.35,-22.5,4.895,0,1
78.4,-22.5,4.895,0,1
78.45,-22.5,4.895,0,1
78.5,-22.5,4.895,0,1
78.55,-22.5,4.895,0,1
78.6,-22.5,4.895,0,1
78.65,-22.5,4.895,0,1
78.7,-22.5,4.895,0,1
78.75,-22.5,4.895,0,1
78.8,-22.5,4.895,0,1
78.85,-22.5,4.895,0,1
78.9,-22.5,4.895,0,1
78.95,-22.5,4.895,0,1
79,-22.5,4.895,0,1
79.05,-22.5,4.895,0,1
79.1,-22.5,4.895,0,1
79.15,-22.5,4.895,0,1
79.2,-22.5,4.895,0,1
79.25,-22.5,4.895,0,1
79.3,-22.5,4.895,0,1
79.35,-22.5,4.895,0,1
79.4,-22.5,4.895,0,1
79.45,-22.5,4.895,0,1
79.5,-22.5,4.895,0,1
79.55,-22.5,4.895,0,1
79.6,-22.5,4.895,0,1
79.65,-22.5,4.895,0,1
79.7,-22.5,4.895,0,1
79.75,-22.5,4.895,0,1
79.8,-22.5,4.895,0,1
79.85,-22.5,4.895,0,1
79.9,-22.5,4.895,0,1
79.95,-22.5,4.895,0,1
80,-22.5,4.895,0,1
80.05,-22.5,4.895,0,1
80.1,-22.5,4.895,0,1
80.15,-22.5,4.895,0,1
80.2,-22.5,4.895,0,1
80.25,-22.5,4.895,0,1
80.3,-22.5,4.895,0,1
80.35,-22.5,4.895,0,1
80.4,-22.5,4.895,0,1
80.45,-22.5,4.895,0,1
80.5,-22.5,4.895,0,1
80.55,-22.5,4.895,0,1
80.6,-22.5,4.895,0,1
80.65,-22.5,4.895,0,1
80.7,-22.5,4.895,0,1
80.75,-22.5,4.895,0,1
80.8,-22.5,4.895,0,1
80.85,-22.5,4.895,0,1
80.9,-22.5,4.895,0,1
80.95,-22.5,4.895,0,1
81,-22.5,4.895,0,1
81.05,-22.5,4.895,0,1
81.1,-22.5,4.895,0,1
81.15,-22.5,4.895,0,1
81.2,-22.5,4.895,0,1
81.25,-22.5,4.895,0,1
81.3,-22.5,4.895,0,1
81.35,-22.5,4.895,0,1
81.4,-22.5,4.895,0,1
81.45,-22.5,4.895,0,1
81.5,-22.5,4.895,0,1
81.55,-22.5,4.895,0,1
81.6,-22.5,4.895,0,1
81.65,-22.5,4.895,0,1
81.7,-22.5,4.895,0,1
81.75,-22.5,4.895,0,1
81.8,-22.5,4.895,0,1
81.85,-22.5,4.895,0,1
81.9,-22.5,4.895,0,1
81.95,-22.5,4.895,0,1
82,-22.5,4.895,0,1
82.05,-22.5,4.895,0,1
82.1,-22.5,4.895,0,1
82.15,-22.5,4.895,0,1
82.2,-22.5,4.895,0,1
82.25,-22.5,4.895,0,1
82.3,-22.5,4.895,0,1
82.35,-22.5,4.895,0,1
82.4,-22.5,4.895,0,1
82.45,-22.5,4.895,0,1
82.5,-22.5,4.895,0,1
82.55,-22.5,4.895,0,1
82.6,-22.5,4.895,0,1
82.65,-22.5,4.895,0,1
82.7,-22.5,4.895,0,1
82.75,-22.5,4.895,0,1
82.8,-22.5,4.895,0,1
82.85,-22.5,4.895,0,1
82.9,-22.5,4.895,0,1
82.95,-22.5,4.895,0,1
83,-22.5,4.895,0,1
83.05,-22.5,4.895,0,1
83.1,-22.5,4.895,0,1
83.15,-22.5,4.895,0,1
83.2,-22.5,4.895,0,1
83.25,-22.5,4.895,0,1
83.3,-22.5,4.895,0,1
83.35,-22.5,4.895,0,1
83.4,-22.5,4.895,0,1
83.45,-22.5,4.895,0,1
83.5,-22.5,4.895,0,1
83.55,-22.5,4.895,0,1
83.6,-22.5,4.895,0,1
83.65,-22.5,4.895,0,1
83.7,-22.5,4.895,0,1
83.75,-22.5,4.895,0,1
83.8,-22.5,4.895,0,1
83.85,-22.5,4.895,0,1
83.9,-22.5,4.895,0,1
83.95,-22.5,4.895,0,1
84,-22.5,4.895,0,1
84.05,-22.5,4.895,0,1
84.1,-22.5,4.895,0,1
84.15,-22.5,4.895,0,1
84.2,-22.5,4.895,0,1
84.25,-22.5,4.895,0,1
84.3,-22.5,4.895,0,1
84.35,-22.5,4.895,0,1
84.4,-22.5,4.895,0,1
84.45,-22.5,4.895,0,1
84.5,-22.5,4.895,0,1
84.55,-22.5,4.895,0,1
84.6,-22.5,4.895,0,1
84.65,-22.5,4.895,0,1
84.7,-22.5,4.895,0,1
84.75,-22.5,4.895,0,1
84.8,-22.5,4.895,0,1
84.85,-22.5,4.895,0,1
84.9,-22.5,4.895,0,1
84.95,-22.5,4.895,0,1
85,-22.5,4.895,0,1
85.05,-22.5,4.895,0,1
85.1,-22.5,4.895,0,1
85.15,-22.5,4.895,0,1
85.2,-22.5,4.895,0,1
85.25,-22.5,4.895,0,1
85.3,-22.5,4.895,0,1
85.35,-22.5,4.895,0,1
85.4,-22.5,4.895,0,1
85.45,-22.5,4.895,0,1
85.5,-22.5,4.895,0,1
85.55,-22.5,4.895,0,1
85.6,-22.5,4.895,0,1
85.65,-22.5,4.895,0,1
85.7,-22.5,4.895,0,1
85.75,-22.5,4.895,0,1
85.8,-22.5,4.895,0,1
85.85,-22.5,4.895,0,1
85.9,-22.5,4.895,0,1
85.95,-22.5,4.895,0,1
86,-22.5,4.895,0,1
86.05,-22.5,4.895,0,1
86.1,-22.5,4.895,0,1
86.15,-22.5,4.895,0,1
86.2,-22.5,4.895,0,1
86.25,-22.5,4.895,0,1
86.3,-22.5,4.895,0,1
86.35,-22.5,4.895,0,1
86.4,-22.5,4.895,0,1
86.45,-22.5,4.895,0,1
86.5,-22.5,4.895,0,1
86.55,-22.5,4.895,0,1
86.6,-22.5,4.895,0,1
86.65,-22.5,4.895,0,1
86.7,-22.5,4.895,0,1
86.75,-22.5,4.895,0,1
86.8,-22.5,4.895,0,1
86.85,-22.5,4.895,0,1
86.9,-22.5,4.895,0,1
86.95,-22.5,4.895,0,1
87,-22.5,4.895,0,1
87.05,-22.5,4.895,0,1
87.1,-22.5,4.895,0,1
87.15,-22.5,4.895,0,1
87.2,-22.5,4.895,0,1
87.25,-22.5,4.895,0,1
87.3,-22.5,4.895,0,1
87.35,-22.5,4.895,0,1
87.4,-22.5,4.895,0,1
87.45,-22.5,4.895,0,1
87.5,-22.5,4.895,0,1
87.55,-22.5,4.895,0,1
87.6,-22.5,4.895,0,1
87.65,-22.5,4.895,0,1
87.7,-22.5,4.895,0,1
87.75,-22.5,4.895,0,1
87.8,-22.5,4.895,0,1
87.85,-22.5,4.895,0,1
87.9,-22.5,4.895,0,1
87.95,-22.5,4.895,0,1
88,-22.5,4.895,0,1
88.05,-22.5,4.895,0,1
88.1,-22.5,4.895,0,1
88.15,-22.5,4.895,0,1
88.2,-22.5,4.895,0,1
88.25,-22.5,4.895,0,1
88.3,-22.5,4.895,0,1
88.35,-22.5,4.895,0,1
88.4,-22.5,4.895,0,1
88.45,-22.5,4.895,0,1
88.5,-22.5,4.895,0,1
88.55,-22.5,4.895,0,1
88.6,-22.5,4.895,0,1
88.65,-22.5,4.895,0,1
88.7,-22.5,4.895,0,1
88.75,-22.5,4.895,0,1
88.8,-22.5,4.895,0,1
88.85,-22.5,4.895,0,1
88.9,-22.5,4.895,0,1
88.95,-22.5,4.895,0,1
89,-22.5,4.895,0,1
89.05,-22.5,4.895,0,1
89.1,-22.5,4.895,0,1
89.15,-22.5,4.895,0,1
89.2,-22.5,4.895,0,1
89.25,-22.5,4.895,0,1
89.3,-22.5,4.895,0,1
89.35,-22.5,4.895,0,1
89.4,-22.5,4.895,0,1
89.45,-22.5,4.895,0,1
89.5,-22.5,4.895,0,1
89.55,-22.5,4.895,0,1
89.6,-22.5,4.895,0,1
89.65,-22.5,4.895,0,1
89.7,-22.5,4.895,0,1
89.75,-22.5,4.895,0,1
89.8,-22.5,4.895,0,1
89.85,-22.5,4.895,0,1
89.9,-22.5,4.895,0,1
89.95,-22.5,4.895,0,1
90,-22.5,4.895,0,1
90.05,-22.5,4.895,0,1
90.1,-22.5,4.895,0,1
90.15,-22.5,4.895,0,1
90.2,-22.5,4.895,0,1
90.25,-22.5,4.895,0,1
90.3,-22.5,4.895,0,1
90.35,-22.5,4.895,0,1
90.4,-22.5,4.895,0,1
90.45,-22.5,4.895,0,1
90.5,-22.5,4.895,0,1
90.55,-22.5,4.895,0,1
90.6,-22.5,4.895,0,1
90.65,-22.5,4.895,0,1
90.7,-22.5,4.895,0,1
90.75,-22.5,4.895,0,1
90.8,-22.5,4.895,0,1
90.85,-22.5,4.895,0,1
90.9,-22.5,4.895,0,1
90.95,-22.5,4.895,0,1
91,-22.5,4.895,0,1
91.05,-22.5,4.895,0,1
91.1,-22.5,4.895,0,1
91.15,-22.5,4.895,0,1
91.2,-22.5,4.895,0,1
91.25,-22.5,4.895,0,1
91.3,-22.5,4.895,0,1
91.35,-22.5,4.895,0,1
91.4,-22.5,4.895,0,1
91.45,-22.5,4.895,0,1
91.5,-22.5,4.895,0,1
91.55,-22.5,4.895,0,1
91.6,-22.5,4.895,0,1
91.65,-22.5,4.895,0,1
91.7,-22.5,4.895,0,1
91.75,-22.5,4.895,0,1
91.8,-22.5,4.895,0,1
91.85,-22.5,4.895,0,1
91.9,-22.5,4.895,0,1
91.95,-22.5,4.895,0,1
92,-22.5,4.895,0,1
92.05,-22.5,4.895,0,1
92.1,-22.5,4.895,0,1
92.15,-22.5,4.895,0,1
92.2,-22.5,4.895,0,1
92.25,-22.5,4.895,0,1
92.3,-22.5,4.895,0,1
92.35,-22.5,4.895,0,1
92.4,-22.5,4.895,0,1
92.45,-22.5,4.895,0,1
92.5,-22.5,4.895,0,1
92.55,-22.5,4.895,0,1
92.6,-22.5,4.895,0,1
92.65,-22.5,4.895,0,1
92.7,-22.5,4.895,0,1
92.75,-22.5,4.895,0,1
92.8,-22.5,4.895,0,1
92.85,-22.5,4.895,0,1
92.9,-22.5,4.895,0,1
92.95,-22.5,4.895,0,1
93,-22.5,4.895,0,1
93.05,-22.5,4.895,0,1
93.1,-22.5,4.895,0,1
93.15,-22.5,4.895,0,1
93.2,-22.5,4.895,0,1
93.25,-22.5,4.895,0,1
93.3,-22.5,4.895,0,1
93.35,-22.5,4.895,0,1
93.4,-22.5,4.895,0,1
93.45,-22.5,4.895,0,1
93.5,-22.5,4.895,0,1
93.55,-22.5,4.895,0,1
93.6,-22.5,4.895,0,1
93.65,-22.5,4.895,0,1
93.7,-22.5,4.895,0,1
93.75,-22.5,4.895,0,1
93.8,-22.5,4.895,0,1
93.85,-22.5,4.895,0,1
93.9,-22.5,4.895,0,1
93.95,-22.5,4.895,0,1
94,-22.5,4.895,0,1
94.05,-22.5,4.895,0,1
94.1,-22.5,4.895,0,1
94.15,-22.5,4.895,0,1
94.2,-22.5,4.895,0,1
94.25,-22.5,4.895,0,1
94.3,-22.5,4.895,0,1
94.35,-22.5,4.895,0,1
94.4,-22.5,4.895,0,1
94.45,-22.5,4.895,0,1
94.5,-22.5,4.895,0,1
94.55,-22.5,4.895,0,1
94.6,-22.5,4.895,0,1
94.65,-22.5,4.895,0,1
94.7,-22.5,4.895,0,1
94.75,-22.5,4.895,0,1
94.8,-22.5,4.895,0,1
94.85,-22.5,4.895,0,1
94.9,-22.5,4.895,0,1
94.95,-22.5,4.895,0,1
95,-22.5,4.895,0,1
95.05,-22.5,4.895,0,1
95.1,-22.5,4.895,0,1
95.15,-22.5,4.895,0,1
95.2,-22.5,4.895,0,1
95.25,-22.5,4.895,0,1
95.3,-22.5,4.895,0,1
95.35,-22.5,4.895,0,1
95.4,-22.5,4.895,0,1
95.45,-22.5,4.895,0,1
95.5,-22.5,4.895,0,1
95.55,-22.5,4.895,0,1
95.6,-22.5,4.895,0,1
95.65,-22.5,4.895,0,1
95.7,-22.5,4.895,0,1
95.75,-22.5,4.895,0,1
95.8,-22.5,4.895,0,1
95.85,-22.5,4.895,0,1
95.9,-22.5,4.895,0,1
95.95,-22.5,4.895,0,1
96,-22.5,4.895,0,1
96.05,-22.5,4.895,0,1
96.1,-22.5,4.895,0,1
96.15,-22.5,4.895,0,1
96.2,-22.5,4.895,0,1
96.25,-22.5,4.895,0,1
96.3,-22.5,4.895,0,1
96.35,-22.5,4.895,0,1
96.4,-22.5,4.895,0,1
96.45,-22.5,4.895,0,1
96.5,-22.5,4.895,0,1
96.55,-22.5,4.895,0,1
96.6,-22.5,4.895,0,1
96.65,-22.5,4.895,0,1
96.7,-22.5,4.895,0,1
96.75,-22.5,4.895,0,1
96.8,-22.5,4.895,0,1
96.85,-22.5,4.895,0,1
96.9,-22.5,4.895,0,1
96.95,-22.5,4.895,0,1
97,-22.5,4.895,0,1
97.05,-22.5,4.895,0,1
97.1,-22.5,4.895,0,1
97.15,-22.5,4.895,0,1
97.2,-22.5,4.895,0,1
97.25,-22.5,4.895,0,1
97.3,-22.5,4.895,0,1
97.35,-22.5,4.895,0,1
97.4,-22.5,4.895,0,1
97.45,-22.5,4.895,0,1
97.5,-22.5,4.895,0,1
97.55,-22.5,4.895,0,1
97.6,-22.5,4.895,0,1
97.65,-22.5,4.895,0,1
97.7,-22.5,4.895,0,1
97.75,-22.5,4.895,0,1
97.8,-22.5,4.895,0,1
97.85,-22.5,4.895,0,1
97.9,-22.5,4.895,0,1
97.95,-22.5,4.895,0,1
98,-22.5,4.895,0,1
98.05,-22.5,4.895,0,1
98.1,-22.5,4.895,0,1
98.15,-22.5,4.895,0,1
98.2,-22.5,4.895,0,1
98.25,-22.5,4.895,0,1
98.3,-22.5,4.895,0,1
98.35,-22.5,4.895,0,1
98.4,-22.5,4.895,0,1
98.45,-22.5,4.895,0,1
98.5,-22.5,4.895,0,1
98.55,-22.5,4.895,0,1
98.6,-22.5,4.895,0,1
98.65,-22.5,4.895,0,1
98.7,-22.5,4.895,0,1
98.75,-22.5,4.895,0,1
98.8,-22.5,4.895,0,1
98.85,-22.5,4.895,0,1
98.9,-22.5,4.895,0,1
98.95,-22.5,4.895,0,1
99,-22.5,4.895,0,1
99.05,-22.5,4.895,0,1
99.1,-22.5,4.895,0,1
99.15,-22.5,4.895,0,1
99.2,-22.5,4.895,0,1
99.25,-22.5,4.895,0,1
99.3,-22.5,4.895,0,1
99.35,-22.5,4.895,0,1
99.4,-22.5,4.895,0,1
99.45,-22.5,4.895,0,1
99.5,-22.5,4.895,0,1
99.55,-22.5,4.895,0,1
99.6,-22.5,4.895,0,1
99.65,-22.5,4.895,0,1
99.7,-22.5,4.895,0,1
99.75,-22.5,4.895,0,1
99.8,-22.5,4.895,0,1
99.85,-22.5,4.895,0,1
99.9,-22.5,4.895,0,1
99.95,-22.5,4.895,0,1
100,-22.5,4.895,0,1
100.05,-22.5,4.895,0,1
100.1,-22.5,4.895,0,1
100.15,-22.5,4.895,0,1
100.2,-22.5,4.895,0,1
100.25,-22.5,4.895,0,1
100.3,-22.5,4.895,0,1
100.35,-22.5,4.895,0,1
100.4,-22.5,4.895,0,1
100.45,-22.5,4.895,0,1
100.5,-22.5,4.895,0,1
100.55,-22.5,4.895,0,1
100.6,-22.5,4.895,0,1
100.65,-22.5,4.895,0,1
100.7,-22.5,4.895,0,1
100.75,-22.5,4.895,0,1
100.8,-22.5,4.895,0,1
100.85,-22.5,4.895,0,1
100.9,-22.5,4.895,0,1
100.95,-22.5,4.895,0,1
101,-22.5,4.895,0,1
101.05,-22.5,4.895,0,1
101.1,-22.5,4.895,0,1
101.15,-22.5,4.895,0,1
101.2,-22.5,4.895,0,1
101.25,-22.5,4.895,0,1
101.3,-22.5,4.895,0,1
101.35,-22.5,4.895,0,1
101.4,-22.5,4.895,0,1
101.45,-22.5,4.895,0,1
101.5,-22.5,4.895,0,1
101.55,-22.5,4.895,0,1
101.6,-22.5,4.895,0,1
101.65,-22.5,4.895,0,1
101.7,-22.5,4.895,0,1
101.75,-22.5,4.895,0,1
101.8,-22.5,4.895,0,1
101.85,-22.5,4.895,0,1
101.9,-22.5,4.895,0,1
101.95,-22.5,4.895,0,1
102,-22.5,4.895,0,1
102.05,-22.5,4.895,0,1
102.1,-22.5,4.895,0,1
102.15,-22.5,4.895,0,1
102.2,-22.5,4.895,0,1
102.25,-22.5,4.895,0,1
102.3,-22.5,4.895,0,1
102.35,-22.5,4.895,0,1
102.4,-22.5,4.895,0,1
102.45,-22.5,4.895,0,1
102.5,-22.5,4.895,0,1
102.55,-22.5,4.895,0,1
102.6,-22.5,4.895,0,1
102.65,-22.5,4.895,0,1
102.7,-22.5,4.895,0,1
102.75,-22.5,4.895,0,1
102.8,-22.5,4.895,0,1
102.85,-22.5,4.895,0,1
102.9,-22.5,4.895,0,1
102.95,-22.5,4.895,0,1
103,-22.5,4.895,0,1
103.05,-22.5,4.895,0,1
103.1,-22.5,4.895,0,1
103.15,-22.5,4.895,0,1
103.2,-22.5,4.895,0,1
103.25,-22.5,4.895,0,1
103.3,-22.5,4.895,0,1
103.35,-22.5,4.895,0,1
103.4,-22.5,4.895,0,1
103.45,-22.5,4.895,0,1
103.5,-22.5,4.895,0,1
103.55,-22.5,4.895,0,1
103.6,-22.5,4.895,0,1
103.65,-22.5,4.895,0,1
103.7,-22.5,4.895,0,1
103.75,-22.5,4.895,0,1
103.8,-22.5,4.895,0,1
103.85,-22.5,4.895,0,1
103.9,-22.5,4.895,0,1
103.95,-22.5,4.895,0,1
104,-22.5,4.895,0,1
104.05,-22.5,4.895,0,1
104.1,-22.5,4.895,0,1
104.15,-22.5,4.895,0,1
104.2,-22.5,4.895,0,1
104.25,-22.5,4.895,0,1
104.3,-22.5,4.895,0,1
104.35,-22.5,4.895,0,1
104.4,-22.5,4.895,0,1
104.45,-22.5,4.895,0,1
104.5,-22.5,4.895,0,1
104.55,-22.5,4.895,0,1
104.6,-22.5,4.895,0,1
104.65,-22.5,4.895,0,1
104.7,-22.5,4.895,0,1
104.75,-22.5,4.895,0,1
104.8,-22.5,4.895,0,1
104.85,-22.5,4.895,0,1
104.9,-22.5,4.895,0,1
104.95,-22.5,4.895,0,1
105,-22.5,4.895,0,1
105.05,-22.5,4.895,0,1
105.1,-22.5,4.895,0,1
105.15,-22.5,4.895,0,1
105.2,-22.5,4.895,0,1
105.25,-22.5,4.895,0,1
105.3,-22.5,4.895,0,1
105.35,-22.5,4.895,0,1
105.4,-22.5,4.895,0,1
105.45,-22.5,4.895,0,1
105.5,-22.5,4.895,0,1
105.55,-22.5,4.895,0,1
105.6,-22.5,4.895,0,1
105.65,-22.5,4.895,0,1
105.7,-22.5,4.895,0,1
105.75,-22.5,4.895,0,1
105.8,-22.5,4.895,0,1
105.85,-22.5,4.895,0,1
105.9,-22.5,4.895,0,1
105.95,-22.5,4.895,0,1
106,-22.5,4.895,0,1
106.05,-22.5,4.895,0,1
106.1,-22.5,4.895,0,1
106.15,-22.5,4.895,0,1
106.2,-22.5,4.895,0,1
106.25,-22.5,4.895,0,1
106.3,-22.5,4.895,0,1
106.35,-22.5,4.895,0,1
106.4,-22.5,4.895,0,1
106.45,-22.5,4.895,0,1
106.5,-22.5,4.895,0,1
106.55,-22.5,4.895,0,1
106.6,-22.5,4.895,0,1
106.65,-22.5,4.895,0,1
106.7,-22.5,4.895,0,1
106.75,-22.5,4.895,0,1
106.8,-22.5,4.895,0,1
106.85,-22.5,4.895,0,1
106.9,-22.5,4.895,0,1
106.95,-22.5,4.895,0,1
107,-22.5,4.895,0,1
107.05,-22.5,4.895,0,1
107.1,-22.5,4.895,0,1
107.15,-22.5,4.895,0,1
107.2,-22.5,4.895,0,1
107.25,-22.5,4.895,0,1
107.3,-22.5,4.895,0,1
107.35,-22.5,4.895,0,1
107.4,-22.5,4.895,0,1
107.45,-22.5,4.895,0,1
107.5,-22.5,4.895,0,1
107.55,-22.5,4.895,0,1
107.6,-22.5,4.895,0,1
107.65,-22.5,4.895,0,1
107.7,-22.5,4.895,0,1
107.75,-22.5,4.895,0,1
107.8,-22.5,4.895,0,1
107.85,-22.5,4.895,0,1
107.9,-22.5,4.895,0,1
107.95,-22.5,4.895,0,1
108,-22.5,4.895,0,1
108.05,-22.5,4.895,0,1
108.1,-22.5,4.895,0,1
108.15,-22.5,4.895,0,1
108.2,-22.5,4.895,0,1
108.25,-22.5,4.895,0,1
108.3,-22.5,4.895,0,1
108.35,-22.5,4.895,0,1
108.4,-22.5,4.895,0,1
108.45,-22.5,4.895,0,1
108.5,-22.5,4.895,0,1
108.55,-22.5,4.895,0,1
108.6,-22.5,4.895,0,1
108.65,-22.5,4.895,0,1
108.7,-22.5,4.895,0,1
108.75,-22.5,4.895,0,1
108.8,-22.5,4.895,0,1
108.85,-22.5,4.895,0,1
108.9,-22.5,4.895,0,1
108.95,-22.5,4.895,0,1
109,-22.5,4.895,0,1
109.05,-22.5,4.895,0,1
109.1,-22.5,4.895,0,1
109.15,-22.5,4.895,0,1
109.2,-22.5,4.895,0,1
109.25,-22.5,4.895,0,1
109.3,-22.5,4.895,0,1
109.35,-22.5,4.895,0,1
109.4,-22.5,4.895,0,1
109.45,-22.5,4.895,0,1
109.5,-22.5,4.895,0,1
109.55,-22.5,4.895,0,1
109.6,-22.5,4.895,0,1
109.65,-22.5,4.895,0,1
109.7,-22.5,4.895,0,1
109.75,-22.5,4.895,0,1
109.8,-22.5,4.895,0,1
109.85,-22.5,4.895,0,1
109.9,-22.5,4.895,0,1
109.95,-22.5,4.895,0,1
110,-22.5,4.895,0,1
110.05,-22.5,4.895,0,1
110.1,-22.5,4.895,0,1
110.15,-22.5,4.895,0,1
110.2,-22.5,4.895,0,1
110.25,-22.5,4.895,0,1
110.3,-22.5,4.895,0,1
110.35,-22.5,4.895,0,1
110.4,-22.5,4.895,0,1
110.45,-22.5,4.895,0,1
110.5,-22.5,4.895,0,1
110.55,-22.5,4.895,0,1
110.6,-22.5,4.895,0,1
110.65,-22.5,4.895,0,1
110.7,-22.5,4.895,0,1
110.75,-22.5,4.895,0,1
110.8,-22.5,4.895,0,1
110.85,-22.5,4.895,0,1
110.9,-22.5,4.895,0,1
110.95,-22.5,4.895,0,1
111,-22.5,4.895,0,1
111.05,-22.5,4.895,0,1
111.1,-22.5,4.895,0,1
111.15,-22.5,4.895,0,1
111.2,-22.5,4.895,0,1
111.25,-22.5,4.895,0,1
111.3,-22.5,4.895,0,1
111.35,-22.5,4.895,0,1
111.4,-22.5,4.895,0,1
111.45,-22.5,4.895,0,1
111.5,-22.5,4.895,0,1
111.55,-22.5,4.895,0,1
111.6,-22.5,4.895,0,1
111.65,-22.5,4.895,0,1
111.7,-22.5,4.895,0,1
111.75,-22.5,4.895,0,1
111.8,-22.5,4.895,0,1
111.85,-22.5,4.895,0,1
111.9,-22.5,4.895,0,1
111.95,-22.5,4.895,0,1
112,-22.5,4.895,0,1
112.05,-22.5,4.895,0,1
112.1,-22.5,4.895,0,1
112.15,-22.5,4.895,0,1
112.2,-22.5,4.895,0,1
112.25,-22.5,4.895,0,1
112.3,-22.5,4.895,0,1
112.35,-22.5,4.895,0,1
112.4,-22.5,4.895,0,1
112.45,-22.5,4.895,0,1
112.5,-22.5,4.895,0,1
112.55,-22.5,4.895,0,1
112.6,-22.5,4.895,0,1
112.65,-22.5,4.895,0,1
112.7,-22.5,4.895,0,1
112.75,-22.5,4.895,0,1
112.8,-22.5,4.895,0,1
112.85,-22.5,4.895,0,1
112.9,-22.5,4.895,0,1
112.95,-22.5,4.895,0,1
113,-22.5,4.895,0,1
113.05,-22.5,4.895,0,1
113.1,-22.5,4.895,0,1
113.15,-22.5,4.895,0,1
113.2,-22.5,4.895,0,1
113.25,-22.5,4.895,0,1
113.3,-22.5,4.895,0,1
113.35,-22.5,4.895,0,1
113.4,-22.5,4.895,0,1
113.45,-22.5,4.895,0,1
113.5,-22.5,4.895,0,1
113.55,-22.5,4.895,0,1
113.6,-22.5,4.895,0,1
113.65,-22.5,4.895,0,1
113.7,-22.5,4.895,0,1
113.75,-22.5,4.895,0,1
113.8,-22.5,4.895,0,1
113.85,-22.5,4.895,0,1
113.9,-22.5,4.895,0,1
113.95,-22.5,4.895,0,1
114,-22.5,4.895,0,1
114.05,-22.5,4.895,0,1
114.1,-22.5,4.895,0,1
114.15,-22.5,4.895,0,1
114.2,-22.5,4.895,0,1
114.25,-22.5,4.895,0,1
114.3,-22.5,4.895,0,1
114.35,-22.5,4.895,0,1
114.4,-22.5,4.895,0,1
114.45,-22.5,4.895,0,1
114.5,-22.5,4.895,0,1
114.55,-22.5,4.895,0,1
114.6,-22.5,4.895,0,1
114.65,-22.5,4.895,0,1
114.7,-22.5,4.895,0,1
114.75,-22.5,4.895,0,1
114.8,-22.5,4.895,0,1
114.85,-22.5,4.895,0,1
114.9,-22.5,4.895,0,1
114.95,-22.5,4.895,0,1
115,-22.5,4.895,0,1
115.05,-22.5,4.895,0,1
115.1,-22.5,4.895,0,1
115.15,-22.5,4.895,0,1
115.2,-22.5,4.895,0,1
115.25,-22.5,4.895,0,1
115.3,-22.5,4.895,0,1
115.35,-22.5,4.895,0,1
115.4,-22.5,4.895,0,1
115.45,-22.5,4.895,0,1
115.5,-22.5,4.895,0,1
115.55,-22.5,4.895,0,1
115.6,-22.5,4.895,0,1
115.65,-22.5,4.895,0,1
115.7,-22.5,4.895,0,1
115.75,-22.5,4.895,0,1
115.8,-22.5,4.895,0,1
115.85,-22.5,4.895,0,1
115.9,-22.5,4.895,0,1
115.95,-22.5,4.895,0,1
116,-22.5,4.895,0,1
116.05,-22.5,4.895,0,1
116.1,-22.5,4.895,0,1
116.15,-22.5,4.895,0,1
116.2,-22.5,4.895,0,1
116.25,-22.5,4.895,0,1
116.3,-22.5,4.895,0,1
116.35,-22.5,4.895,0,1
116.4,-22.5,4.895,0,1
116.45,-22.5,4.895,0,1
116.5,-22.5,4.895,0,1
116.55,-22.5,4.895,0,1
116.6,-22.5,4.895,0,1
116.65,-22.5,4.895,0,1
116.7,-22.5,4.895,0,1
116.75,-22.5,4.895,0,1
116.8,-22.5,4.895,0,1
116.85,-22.5,4.895,0,1
116.9,-22.5,4.895,0,1
116.95,-22.5,4.895,0,1
117,-22.5,4.895,0,1
117.05,-22.5,4.895,0,1
117.1,-22.5,4.895,0,1
117.15,-22.5,4.895,0,1
117.2,-22.5,4.895,0,1
117.25,-22.5,4.895,0,1
117.3,-22.5,4.895,0,1
117.35,-22.5,4.895,0,1
117.4,-22.5,4.895,0,1
117.45,-22.5,4.895,0,1
117.5,-22.5,4.895,0,1
117.55,-22.5,4.895,0,1
117.6,-22.5,4.895,0,1
117.65,-22.5,4.895,0,1
117.7,-22.5,4.895,0,1
117.75,-22.5,4.895,0,1
117.8,-22.5,4.895,0,1
117.85,-22.5,4.895,0,1
117.9,-22.5,4.895,0,1
117.95,-22.5,4.895,0,1
118,-22.5,4.895,0,1
118.05,-22.5,4.895,0,1
118.1,-22.5,4.895,0,1
118.15,-22.5,4.895,0,1
118.2,-22.5,4.895,0,1
118.25,-22.5,4.895,0,1
118.3,-22.5,4.895,0,1
118.35,-22.5,4.895,0,1
118.4,-22.5,4.895,0,1
118.45,-22.5,4.895,0,1
118.5,-22.5,4.895,0,1
118.55,-22.5,4.895,0,1
118.6,-22.5,4.895,0,1
118.65,-22.5,4.895,0,1
118.7,-22.5,4.895,0,1
118.75,-22.5,4.895,0,1
118.8,-22.5,4.895,0,1
118.85,-22.5,4.895,0,1
118.9,-22.5,4.895,0,1
118.95,-22.5,4.895,0,1
119,-22.5,4.895,0,1
119.05,-22.5,4.895,0,1
119.1,-22.5,4.895,0,1
119.15,-22.5,4.895,0,1
119.2,-22.5,4.895,0,1
119.25,-22.5,4.895,0,1
119.3,-22.5,4.895,0,1
119.35,-22.5,4.895,0,1
119.4,-22.5,4.895,0,1
119.45,-22.5,4.895,0,1
119.5,-22.5,4.895,0,1
119.55,-22.5,4.895,0,1
119.6,-22.5,4.895,0,1
119.65,-22.5,4.895,0,1
119.7,-22.5,4.895,0,1
119.75,-22.5,4.895,0,1
119.8,-22.5,4.895,0,1
119.85,-22.5,4.895,0,1
119.9,-22.5,4.895,0,1
119.95,-22.5,4.895,0,1
120,-22.5,4.895,0,1
