0.05,-30,0,1,0
0.1,-30,0,1,0
0.15,-30,0,1,0
0.2,-30,0,1,0
0.25,-30,0,1,0
0.3,-30,0,1,0
0.35,-30,0,1,0
0.4,-30,0,1,0
0.45,-30,0,1,0
0.5,-30,0,1,0
0.55,-30,0,1,0
0.6,-30,0,1,0
0.65,-30,0,1,0
0.7,-30,0,1,0
0.75,-30,0,1,0
0.8,-30,0,1,0
0.85,-30,0,1,0
0.9,-30,0,1,0
0.95,-30,0,1,0
1,-30,0,1,0
1.05,-30,0,1,0
1.1,-30,0,1,0
1.15,-30,0,1,0
1.2,-30,0,1,0
1.25,-30,0,1,0
1.3,-30,0,1,0
1.35,-30,0,1,0
1.4,-30,0,1,0
1.45,-30,0,1,0
1.5,-30,0,1,0
1.55,-30,0,1,0
1.6,-30,0,1,0
1.65,-30,0,1,0
1.7,-30,0,1,0
1.75,-30,0,1,0
1.8,-30,0,1,0
1.85,-30,0,1,0
1.9,-30,0,1,0
1.95,-30,0,1,0
2,-30,0,1,0
2.05,-30,0,1,0
2.1,-30,0,1,0
2.15,-30,0,1,0
2.2,-30,0,1,0
2.25,-30,0,1,0
2.3,-30,0,1,0
2.35,-30,0,1,0
2.4,-30,0,1,0
2.45,-30,0,1,0
2.5,-30,0,1,0
2.55,-30,0,1,0
2.6,-30,0,1,0
2.65,-30,0,1,0
2.7,-30,0,1,0
2.75,-30,0,1,0
2.8,-30,0,1,0
2.85,-30,0,1,0
2.9,-30,0,1,0
2.95,-30,0,1,0
3,-30,0,1,0
3.05,-30,0,1,0
3.1,-30,0,1,0
3.15,-30,0,1,0
3.2,-30,0,1,0
3.25,-30,0,1,0
3.3,-30,0,1,0
3.35,-30,0,1,0
3.4,-30,0,1,0
3.45,-30,0,1,0
3.5,-30,0,1,0
3.55,-30,0,1,0
3.6,-30,0,1,0
3.65,-30,0,1,0
3.7,-30,0,1,0
3.75,-30,0,1,0
3.8,-30,0,1,0
3.85,-30,0,1,0
3.9,-30,0,1,0
3.95,-30,0,1,0
4,-30,0,1,0
4.05,-30,0,1,0
4.1,-30,0,1,0
4.15,-30,0,1,0
4.2,-30,0,1,0
4.25,-30,0,1,0
4.3,-30,0,1,0
4.35,-30,0,1,0
4.4,-30,0,1,0
4.45,-30,0,1,0
4.5,-30,0,1,0
4.55,-30,0,1,0
4.6,-30,0,1,0
4.65,-30,0,1,0
4.7,-30,0,1,0
4.75,-30,0,1,0
4.8,-30,0,1,0
4.85,-30,0,1,0
4.9,-30,0,1,0
4.95,-30,0,1,0
5,-30,0,1,0
5.05,-30,0,1,0
5.1,-30,0,1,0
5.15,-30,0,1,0
5.2,-30,0,1,0
5.25,-30,0,1,0
5.3,-30,0,1,0
5.35,-30,0,1,0
5.4,-30,0,1,0
5.45,-30,0,1,0
5.5,-30,0,1,0
5.55,-30,0,1,0
5.6,-30,0,1,0
5.65,-30,0,1,0
5.7,-30,0,1,0
5.75,-30,0,1,0
5.8,-30,0,1,0
5.85,-30,0,1,0
5.9,-30,0,1,0
5.95,-30,0,1,0
6,-30,0,1,0
6.05,-30,0,1,0
6.1,-30,0,1,0
6.15,-30,0,1,0
6.2,-30,0,1,0
6.25,-30,0,1,0
6.3,-30,0,1,0
6.35,-30,0,1,0
6.4,-30,0,1,0
6.45,-30,0,1,0
6.5,-30,0,1,0
6.55,-30,0,1,0
6.6,-30,0,1,0
6.65,-30,0,1,0
6.7,-30,0,1,0
6.75,-30,0,1,0
6.8,-30,0,1,0
6.85,-30,0,1,0
6.9,-30,0,1,0
6.95,-30,0,1,0
7,-30,0,1,0
7.05,-30,0,1,0
7.1,-30,0,1,0
7.15,-30,0,1,0
7.2,-30,0,1,0
7.25,-30,0,1,0
7.3,-30,0,1,0
7.35,-30,0,1,0
7.4,-30,0,1,0
7.45,-30,0,1,0
7.5,-30,0,1,0
7.55,-30,0,1,0
7.6,-30,0,1,0
7.65,-30,0,1,0
7.7,-30,0,1,0
7.75,-30,0,1,0
7.8,-30,0,1,0
7.85,-30,0,1,0
7.9,-30,0,1,0
7.95,-30,0,1,0
8,-30,0,1,0
8.05,-30,0,1,0
8.1,-30,0,1,0
8.15,-30,0,1,0
8.2,-30,0,1,0
8.25,-30,0,1,0
8.3,-30,0,1,0
8.35,-30,0,1,0
8.4,-30,0,1,0
8.45,-30,0,1,0
8.5,-30,0,1,0
8.55,-30,0,1,0
8.6,-30,0,1,0
8.65,-30,0,1,0
8.7,-30,0,1,0
8.75,-30,0,1,0
8.8,-30,0,1,0
8.85,-30,0,1,0
8.9,-30,0,1,0
8.95,-30,0,1,0
9,-30,0,1,0
9.05,-30,0,1,0
9.1,-30,0,1,0
9.15,-30,0,1,0
9.2,-30,0,1,0
9.25,-30,0,1,0
9.3,-30,0,1,0
9.35,-30,0,1,0
9.4,-30,0,1,0
9.45,-30,0,1,0
9.5,-30,0,1,0
9.55,-30,0,1,0
9.6,-30,0,1,0
9.65,-30,0,1,0
9.7,-30,0,1,0
9.75,-30,0,1,0
9.8,-30,0,1,0
9.85,-30,0,1,0
9.9,-30,0,1,0
9.95,-30,0,1,0
10,-30,0,1,0
10.05,-30,0,1,0
10.1,-30,0,1,0
10.15,-30,0,1,0
10.2,-30,0,1,0
10.25,-30,0,1,0
10.3,-30,0,1,0
10.35,-30,0,1,0
10.4,-30,0,1,0
10.45,-30,0,1,0
10.5,-30,0,1,0
10.55,-30,0,1,0
10.6,-30,0,1,0
10.65,-30,0,1,0
10.7,-30,0,1,0
10.75,-30,0,1,0
10.8,-30,0,1,0
10.85,-30,0,1,0
10.9,-30,0,1,0
10.95,-30,0,1,0
11,-30,0,1,0
11.05,-30,0,1,0
11.1,-30,0,1,0
11.15,-30,0,1,0
11.2,-30,0,1,0
11.25,-30,0,1,0
11.3,-30,0,1,0
11.35,-30,0,1,0
11.4,-30,0,1,0
11.45,-30,0,1,0
11.5,-30,0,1,0
11.55,-30,0,1,0
11.6,-30,0,1,0
11.65,-30,0,1,0
11.7,-30,0,1,0
11.75,-30,0,1,0
11.8,-30,0,1,0
11.85,-30,0,1,0
11.9,-30,0,1,0
11.95,-30,0,1,0
12,-30,0,1,0
12.05,-30,0,1,0
12.1,-30,0,1,0
12.15,-30,0,1,0
12.2,-30,0,1,0
12.25,-30,0,1,0
12.3,-30,0,1,0
12.35,-30,0,1,0
12.4,-30,0,1,0
12.45,-30,0,1,0
12.5,-30,0,1,0
12.55,-30,0,1,0
12.6,-30,0,1,0
12.65,-30,0,1,0
12.7,-30,0,1,0
12.75,-30,0,1,0
12.8,-30,0,1,0
12.85,-30,0,1,0
12.9,-30,0,1,0
12.95,-30,0,1,0
13,-30,0,1,0
13.05,-30,0,1,0
13.1,-30,0,1,0
13.15,-30,0,1,0
13.2,-30,0,1,0
13.25,-30,0,1,0
13.3,-30,0,1,0
13.35,-30,0,1,0
13.4,-30,0,1,0
13.45,-30,0,1,0
13.5,-30,0,1,0
13.55,-30,0,1,0
13.6,-30,0,1,0
13.65,-30,0,1,0
13.7,-30,0,1,0
13.75,-30,0,1,0
13.8,-30,0,1,0
13.85,-30,0,1,0
13.9,-30,0,1,0
13.95,-30,0,1,0
14,-30,0,1,0
14.05,-30,0,1,0
14.1,-30,0,1,0
14.15,-30,0,1,0
14.2,-30,0,1,0
14.25,-30,0,1,0
14.3,-30,0,1,0
14.35,-30,0,1,0
14.4,-30,0,1,0
14.45,-30,0,1,0
14.5,-30,0,1,0
14.55,-30,0,1,0
14.6,-30,0,1,0
14.65,-30,0,1,0
14.7,-30,0,1,0
14.75,-30,0,1,0
14.8,-30,0,1,0
14.85,-30,0,1,0
14.9,-30,0,1,0
14.95,-30,0,1,0
15,-30,0,1,0
15.05,-30,0,1,0
15.1,-30,0,1,0
15.15,-30,0,1,0
15.2,-30,0,1,0
15.25,-30,0,1,0
15.3,-30,0,1,0
15.35,-30,0,1,0
15.4,-30,0,1,0
15.45,-30,0,1,0
15.5,-30,0,1,0
15.55,-30,0,1,0
15.6,-30,0,1,0
15.65,-30,0,1,0
15.7,-30,0,1,0
15.75,-30,0,1,0
15.8,-30,0,1,0
15.85,-30,0,1,0
15.9,-30,0,1,0
15.95,-30,0,1,0
16,-30,0,1,0
16.05,-30,0,1,0
16.1,-30,0,1,0
16.15,-30,0,1,0
16.2,-30,0,1,0
16.25,-30,0,1,0
16.3,-30,0,1,0
16.35,-30,0,1,0
16.4,-30,0,1,0
16.45,-30,0,1,0
16.5,-30,0,1,0
16.55,-30,0,1,0
16.6,-30,0,1,0
16.65,-30,0,1,0
16.7,-30,0,1,0
16.75,-30,0,1,0
16.8,-30,0,1,0
16.85,-30,0,1,0
16.9,-30,0,1,0
16.95,-30,0,1,0
17,-30,0,1,0
17.05,-30,0,1,0
17.1,-30,0,1,0
17.15,-30,0,1,0
17.2,-30,0,1,0
17.25,-30,0,1,0
17.3,-30,0,1,0
17.35,-30,0,1,0
17.4,-30,0,1,0
17.45,-30,0,1,0
17.5,-30,0,1,0
17.55,-30,0,1,0
17.6,-30,0,1,0
17.65,-30,0,1,0
17.7,-30,0,1,0
17.75,-30,0,1,0
17.8,-30,0,1,0
17.85,-30,0,1,0
17.9,-30,0,1,0
17.95,-30,0,1,0
18,-30,0,1,0
18.05,-30,0,1,0
18.1,-30,0,1,0
18.15,-30,0,1,0
18.2,-30,0,1,0
18.25,-30,0,1,0
18.3,-30,0,1,0
18.35,-30,0,1,0
18.4,-30,0,1,0
18.45,-30,0,1,0
18.5,-30,0,1,0
18.55,-30,0,1,0
18.6,-30,0,1,0
18.65,-30,0,1,0
18.7,-30,0,1,0
18.75,-30,0,1,0
18.8,-30,0,1,0
18.85,-30,0,1,0
18.9,-30,0,1,0
18.95,-30,0,1,0
19,-30,0,1,0
19.05,-30,0,1,0
19.1,-30,0,1,0
19.15,-30,0,1,0
19.2,-30,0,1,0
19.25,-30,0,1,0
19.3,-30,0,1,0
19.35,-30,0,1,0
19.4,-30,0,1,0
19.45,-30,0,1,0
19.5,-30,0,1,0
19.55,-30,0,1,0
19.6,-30,0,1,0
19.65,-30,0,1,0
19.7,-30,0,1,0
19.75,-30,0,1,0
19.8,-30,0,1,0
19.85,-30,0,1,0
19.9,-30,0,1,0
19.95,-30,0,1,0
20,-30,0,1,0
20.05,-30,0,1,0
20.1,-30,0,1,0
20.15,-30,0,1,0
20.2,-30,0,1,0
20.25,-30,0,1,0
20.3,-30,0,1,0
20.35,-30,0,1,0
20.4,-30,0,1,0
20.45,-30,0,1,0
20.5,-30,0,1,0
20.55,-30,0,1,0
20.6,-30,0,1,0
20.65,-30,0,1,0
20.7,-30,0,1,0
20.75,-30,0,1,0
20.8,-30,0,1,0
20.85,-30,0,1,0
20.9,-30,0,1,0
20.95,-30,0,1,0
21,-30,0,1,0
21.05,-30,0,1,0
21.1,-30,0,1,0
21.15,-30,0,1,0
21.2,-30,0,1,0
21.25,-30,0,1,0
21.3,-30,0,1,0
21.35,-30,0,1,0
21.4,-30,0,1,0
21.45,-30,0,1,0
21.5,-30,0,1,0
21.55,-30,0,1,0
21.6,-30,0,1,0
21.65,-30,0,1,0
21.7,-30,0,1,0
21.75,-30,0,1,0
21.8,-30,0,1,0
21.85,-30,0,1,0
21.9,-30,0,1,0
21.95,-30,0,1,0
22,-30,0,1,0
22.05,-30,0,1,0
22.1,-30,0,1,0
22.15,-30,0,1,0
22.2,-30,0,1,0
22.25,-30,0,1,0
22.3,-30,0,1,0
22.35,-30,0,1,0
22.4,-30,0,1,0
22.45,-30,0,1,0
22.5,-30,0,1,0
22.55,-30,0,1,0
22.6,-30,0,1,0
22.65,-30,0,1,0
22.7,-30,0,1,0
22.75,-30,0,1,0
22.8,-30,0,1,0
22.85,-30,0,1,0
22.9,-30,0,1,0
22.95,-30,0,1,0
23,-30,0,1,0
23.05,-30,0,1,0
23.1,-30,0,1,0
23.15,-30,0,1,0
23.2,-30,0,1,0
23.25,-30,0,1,0
23.3,-30,0,1,0
23.35,-30,0,1,0
23.4,-30,0,1,0
23.45,-30,0,1,0
23.5,-30,0,1,0
23.55,-30,0,1,0
23.6,-30,0,1,0
23.65,-30,0,1,0
23.7,-30,0,1,0
23.75,-30,0,1,0
23.8,-30,0,1,0
23.85,-30,0,1,0
23.9,-30,0,1,0
23.95,-30,0,1,0
24,-30,0,1,0
24.05,-30,0,1,0
24.1,-30,0,1,0
24.15,-30,0,1,0
24.2,-30,0,1,0
24.25,-30,0,1,0
24.3,-30,0,1,0
24.35,-30,0,1,0
24.4,-30,0,1,0
24.45,-30,0,1,0
24.5,-30,0,1,0
24.55,-30,0,1,0
24.6,-30,0,1,0
24.65,-30,0,1,0
24.7,-30,0,1,0
24.75,-30,0,1,0
24.8,-30,0,1,0
24.85,-30,0,1,0
24.9,-30,0,1,0
24.95,-30,0,1,0
25,-30,0,1,0
25.05,-30,0,1,0
25.1,-30,0,1,0
25.15,-30,0,1,0
25.2,-30,0,1,0
25.25,-30,0,1,0
25.3,-30,0,1,0
25.35,-30,0,1,0
25.4,-30,0,1,0
25.45,-30,0,1,0
25.5,-30,0,1,0
25.55,-30,0,1,0
25.6,-30,0,1,0
25.65,-30,0,1,0
25.7,-30,0,1,0
25.75,-30,0,1,0
25.8,-30,0,1,0
25.85,-30,0,1,0
25.9,-30,0,1,0
25.95,-30,0,1,0
26,-30,0,1,0
26.05,-30,0,1,0
26.1,-30,0,1,0
26.15,-30,0,1,0
26.2,-30,0,1,0
26.25,-30,0,1,0
26.3,-30,0,1,0
26.35,-30,0,1,0
26.4,-30,0,1,0
26.45,-30,0,1,0
26.5,-30,0,1,0
26.55,-30,0,1,0
26.6,-30,0,1,0
26.65,-30,0,1,0
26.7,-30,0,1,0
26.75,-30,0,1,0
26.8,-30,0,1,0
26.85,-30,0,1,0
26.9,-30,0,1,0
26.95,-30,0,1,0
27,-30,0,1,0
27.05,-30,0,1,0
27.1,-30,0,1,0
27.15,-30,0,1,0
27.2,-30,0,1,0
27.25,-30,0,1,0
27.3,-30,0,1,0
27.35,-30,0,1,0
27.4,-30,0,1,0
27.45,-30,0,1,0
27.5,-30,0,1,0
27.55,-30,0,1,0
27.6,-30,0,1,0
27.65,-30,0,1,0
27.7,-30,0,1,0
27.75,-30,0,1,0
27.8,-30,0,1,0
27.85,-30,0,1,0
27.9,-30,0,1,0
27.95,-30,0,1,0
28,-30,0,1,0
28.05,-30,0,1,0
28.1,-30,0,1,0
28.15,-30,0,1,0
28.2,-30,0,1,0
28.25,-30,0,1,0
28.3,-30,0,1,0
28.35,-30,0,1,0
28.4,-30,0,1,0
28.45,-30,0,1,0
28.5,-30,0,1,0
28.55,-30,0,1,0
28.6,-30,0,1,0
28.65,-30,0,1,0
28.7,-30,0,1,0
28.75,-30,0,1,0
28.8,-30,0,1,0
28.85,-30,0,1,0
28.9,-30,0,1,0
28.95,-30,0,1,0
29,-30,0,1,0
29.05,-30,0,1,0
29.1,-30,0,1,0
29.15,-30,0,1,0
29.2,-30,0,1,0
29.25,-30,0,1,0
29.3,-30,0,1,0
29.35,-30,0,1,0
29.4,-30,0,1,0
29.45,-30,0,1,0
29.5,-30,0,1,0
29.55,-30,0,1,0
29.6,-30,0,1,0
29.65,-30,0,1,0
29.7,-30,0,1,0
29.75,-30,0,1,0
29.8,-30,0,1,0
29.85,-30,0,1,0
29.9,-30,0,1,0
29.95,-30,0,1,0
30,-30,0,1,0
30.05,-30,0,1,0
30.1,-30,0,1,0
30.15,-30,0,1,0
30.2,-30,0,1,0
30.25,-30,0,1,0
30.3,-30,0,1,0
30.35,-30,0,1,0
30.4,-30,0,1,0
30.45,-30,0,1,0
30.5,-30,0,1,0
30.55,-30,0,1,0
30.6,-30,0,1,0
30.65,-30,0,1,0
30.7,-30,0,1,0
30.75,-30,0,1,0
30.8,-30,0,1,0
30.85,-30,0,1,0
30.9,-30,0,1,0
30.95,-30,0,1,0
31,-30,0,1,0
31.05,-30,0,1,0
31.1,-30,0,1,0
31.15,-30,0,1,0
31.2,-30,0,1,0
31.25,-30,0,1,0
31.3,-30,0,1,0
31.35,-30,0,1,0
31.4,-30,0,1,0
31.45,-30,0,1,0
31.5,-30,0,1,0
31.55,-30,0,1,0
31.6,-30,0,1,0
31.65,-30,0,1,0
31.7,-30,0,1,0
31.75,-30,0,1,0
31.8,-30,0,1,0
31.85,-30,0,1,0
31.9,-30,0,1,0
31.95,-30,0,1,0
32,-30,0,1,0
32.05,-30,0,1,0
32.1,-30,0,1,0
32.15,-30,0,1,0
32.2,-30,0,1,0
32.25,-30,0,1,0
32.3,-30,0,1,0
32.35,-30,0,1,0
32.4,-30,0,1,0
32.45,-30,0,1,0
32.5,-30,0,1,0
32.55,-30,0,1,0
32.6,-30,0,1,0
32.65,-30,0,1,0
32.7,-30,0,1,0
32.75,-30,0,1,0
32.8,-30,0,1,0
32.85,-30,0,1,0
32.9,-30,0,1,0
32.95,-30,0,1,0
33,-30,0,1,0
33.05,-30,0,1,0
33.1,-30,0,1,0
33.15,-30,0,1,0
33.2,-30,0,1,0
33.25,-30,0,1,0
33.3,-30,0,1,0
33.35,-30,0,1,0
33.4,-30,0,1,0
33.45,-30,0,1,0
33.5,-30,0,1,0
33.55,-30,0,1,0
33.6,-30,0,1,0
33.65,-30,0,1,0
33.7,-30,0,1,0
33.75,-30,0,1,0
33.8,-30,0,1,0
33.85,-30,0,1,0
33.9,-30,0,1,0
33.95,-30,0,1,0
34,-30,0,1,0
34.05,-30,0,1,0
34.1,-30,0,1,0
34.15,-30,0,1,0
34.2,-30,0,1,0
34.25,-30,0,1,0
34.3,-30,0,1,0
34.35,-30,0,1,0
34.4,-30,0,1,0
34.45,-30,0,1,0
34.5,-30,0,1,0
34.55,-30,0,1,0
34.6,-30,0,1,0
34.65,-30,0,1,0
34.7,-30,0,1,0
34.75,-30,0,1,0
34.8,-30,0,1,0
34.85,-30,0,1,0
34.9,-30,0,1,0
34.95,-30,0,1,0
35,-30,0,1,0
35.05,-30,0,1,0
35.1,-30,0,1,0
35.15,-30,0,1,0
35.2,-30,0,1,0
35.25,-30,0,1,0
35.3,-30,0,1,0
35.35,-30,0,1,0
35.4,-30,0,1,0
35.45,-30,0,1,0
35.5,-30,0,1,0
35.55,-30,0,1,0
35.6,-30,0,1,0
35.65,-30,0,1,0
35.7,-30,0,1,0
35.75,-30,0,1,0
35.8,-30,0,1,0
35.85,-30,0,1,0
35.9,-30,0,1,0
35.95,-30,0,1,0
36,-30,0,1,0
36.05,-30,0,1,0
36.1,-30,0,1,0
36.15,-30,0,1,0
36.2,-30,0,1,0
36.25,-30,0,1,0
36.3,-30,0,1,0
36.35,-30,0,1,0
36.4,-30,0,1,0
36.45,-30,0,1,0
36.5,-30,0,1,0
36.55,-30,0,1,0
36.6,-30,0,1,0
36.65,-30,0,1,0
36.7,-30,0,1,0
36.75,-30,0,1,0
36.8,-30,0,1,0
36.85,-30,0,1,0
36.9,-30,0,1,0
36.95,-30,0,1,0
37,-30,0,1,0
37.05,-30,0,1,0
37.1,-30,0,1,0
37.15,-30,0,1,0
37.2,-30,0,1,0
37.25,-30,0,1,0
37.3,-30,0,1,0
37.35,-30,0,1,0
37.4,-30,0,1,0
37.45,-30,0,1,0
37.5,-30,0,1,0
37.55,-30,0,1,0
37.6,-30,0,1,0
37.65,-30,0,1,0
37.7,-30,0,1,0
37.75,-30,0,1,0
37.8,-30,0,1,0
37.85,-30,0,1,0
37.9,-30,0,1,0
37.95,-30,0,1,0
38,-30,0,1,0
38.05,-30,0,1,0
38.1,-30,0,1,0
38.15,-30,0,1,0
38.2,-30,0,1,0
38.25,-30,0,1,0
38.3,-30,0,1,0
38.35,-30,0,1,0
38.4,-30,0,1,0
38.45,-30,0,1,0
38.5,-30,0,1,0
38.55,-30,0,1,0
38.6,-30,0,1,0
38.65,-30,0,1,0
38.7,-30,0,1,0
38.75,-30,0,1,0
38.8,-30,0,1,0
38.85,-30,0,1,0
38.9,-30,0,1,0
38.95,-30,0,1,0
39,-30,0,1,0
39.05,-30,0,1,0
39.1,-30,0,1,0
39.15,-30,0,1,0
39.2,-30,0,1,0
39.25,-30,0,1,0
39.3,-30,0,1,0
39.35,-30,0,1,0
39.4,-30,0,1,0
39.45,-30,0,1,0
39.5,-30,0,1,0
39.55,-30,0,1,0
39.6,-30,0,1,0
39.65,-30,0,1,0
39.7,-30,0,1,0
39.75,-30,0,1,0
39.8,-30,0,1,0
39.85,-30,0,1,0
39.9,-30,0,1,0
39.95,-30,0,1,0
40,-30,0,1,0
40.05,-30,0,1,0
40.1,-30,0,1,0
40.15,-30,0,1,0
40.2,-30,0,1,0
40.25,-30,0,1,0
40.3,-30,0,1,0
40.35,-30,0,1,0
40.4,-30,0,1,0
40.45,-30,0,1,0
40.5,-30,0,1,0
40.55,-30,0,1,0
40.6,-30,0,1,0
40.65,-30,0,1,0
40.7,-30,0,1,0
40.75,-30,0,1,0
40.8,-30,0,1,0
40.85,-30,0,1,0
40.9,-30,0,1,0
40.95,-30,0,1,0
41,-30,0,1,0
41.05,-30,0,1,0
41.1,-30,0,1,0
41.15,-30,0,1,0
41.2,-30,0,1,0
41.25,-30,0,1,0
41.3,-30,0,1,0
41.35,-30,0,1,0
41.4,-30,0,1,0
41.45,-30,0,1,0
41.5,-30,0,1,0
41.55,-30,0,1,0
41.6,-30,0,1,0
41.65,-30,0,1,0
41.7,-30,0,1,0
41.75,-30,0,1,0
41.8,-30,0,1,0
41.85,-30,0,1,0
41.9,-30,0,1,0
41.95,-30,0,1,0
42,-30,0,1,0
42.05,-30,0,1,0
42.1,-30,0,1,0
42.15,-30,0,1,0
42.2,-30,0,1,0
42.25,-30,0,1,0
42.3,-30,0,1,0
42.35,-30,0,1,0
42.4,-30,0,1,0
42.45,-30,0,1,0
42.5,-30,0,1,0
42.55,-30,0,1,0
42.6,-30,0,1,0
42.65,-30,0,1,0
42.7,-30,0,1,0
42.75,-30,0,1,0
42.8,-30,0,1,0
42.85,-30,0,1,0
42.9,-30,0,1,0
42.95,-30,0,1,0
43,-30,0,1,0
43.05,-30,0,1,0
43.1,-30,0,1,0
43.15,-30,0,1,0
43.2,-30,0,1,0
43.25,-30,0,1,0
43.3,-30,0,1,0
43.35,-30,0,1,0
43.4,-30,0,1,0
43.45,-30,0,1,0
43.5,-30,0,1,0
43.55,-30,0,1,0
43.6,-30,0,1,0
43.65,-30,0,1,0
43.7,-30,0,1,0
43.75,-30,0,1,0
43.8,-30,0,1,0
43.85,-30,0,1,0
43.9,-30,0,1,0
43.95,-30,0,1,0
44,-30,0,1,0
44.05,-30,0,1,0
44.1,-30,0,1,0
44.15,-30,0,1,0
44.2,-30,0,1,0
44.25,-30,0,1,0
44.3,-30,0,1,0
44.35,-30,0,1,0
44.4,-30,0,1,0
44.45,-30,0,1,0
44.5,-30,0,1,0
44.55,-30,0,1,0
44.6,-30,0,1,0
44.65,-30,0,1,0
44.7,-30,0,1,0
44.75,-30,0,1,0
44.8,-30,0,1,0
44.85,-30,0,1,0
44.9,-30,0,1,0
44.95,-30,0,1,0
45,-30,0,1,0
45.05,-30,0,1,0
45.1,-30,0,1,0
45.15,-30,0,1,0
45.2,-30,0,1,0
45.25,-30,0,1,0
45.3,-30,0,1,0
45.35,-30,0,1,0
45.4,-30,0,1,0
45.45,-30,0,1,0
45.5,-30,0,1,0
45.55,-30,0,1,0
45.6,-30,0,1,0
45.65,-30,0,1,0
45.7,-30,0,1,0
45.75,-30,0,1,0
45.8,-30,0,1,0
45.85,-30,0,1,0
45.9,-30,0,1,0
45.95,-30,0,1,0
46,-30,0,1,0
46.05,-30,0,1,0
46.1,-30,0,1,0
46.15,-30,0,1,0
46.2,-30,0,1,0
46.25,-30,0,1,0
46.3,-30,0,1,0
46.35,-30,0,1,0
46.4,-30,0,1,0
46.45,-30,0,1,0
46.5,-30,0,1,0
46.55,-30,0,1,0
46.6,-30,0,1,0
46.65,-30,0,1,0
46.7,-30,0,1,0
46.75,-30,0,1,0
46.8,-30,0,1,0
46.85,-30,0,1,0
46.9,-30,0,1,0
46.95,-30,0,1,0
47,-30,0,1,0
47.05,-30,0,1,0
47.1,-30,0,1,0
47.15,-30,0,1,0
47.2,-30,0,1,0
47.25,-30,0,1,0
47.3,-30,0,1,0
47.35,-30,0,1,0
47.4,-30,0,1,0
47.45,-30,0,1,0
47.5,-30,0,1,0
47.55,-30,0,1,0
47.6,-30,0,1,0
47.65,-30,0,1,0
47.7,-30,0,1,0
47.75,-30,0,1,0
47.8,-30,0,1,0
47.85,-30,0,1,0
47.9,-30,0,1,0
47.95,-30,0,1,0
48,-30,0,1,0
48.05,-30,0,1,0
48.1,-30,0,1,0
48.15,-30,0,1,0
48.2,-30,0,1,0
48.25,-30,0,1,0
48.3,-30,0,1,0
48.35,-30,0,1,0
48.4,-30,0,1,0
48.45,-30,0,1,0
48.5,-30,0,1,0
48.55,-30,0,1,0
48.6,-30,0,1,0
48.65,-30,0,1,0
48.7,-30,0,1,0
48.75,-30,0,1,0
48.8,-30,0,1,0
48.85,-30,0,1,0
48.9,-30,0,1,0
48.95,-30,0,1,0
49,-30,0,1,0
49.05,-30,0,1,0
49.1,-30,0,1,0
49.15,-30,0,1,0
49.2,-30,0,1,0
49.25,-30,0,1,0
49.3,-30,0,1,0
49.35,-30,0,1,0
49.4,-30,0,1,0
49.45,-30,0,1,0
49.5,-30,0,1,0
49.55,-30,0,1,0
49.6,-30,0,1,0
49.65,-30,0,1,0
49.7,-30,0,1,0
49.75,-30,0,1,0
49.8,-30,0,1,0
49.85,-30,0,1,0
49.9,-30,0,1,0
49.95,-30,0,1,0
50,-30,0,1,0
50.05,-30,0,1,0
50.1,-30,0,1,0
50.15,-30,0,1,0
50.2,-30,0,1,0
50.25,-30,0,1,0
50.3,-30,0,1,0
50.35,-30,0,1,0
50.4,-30,0,1,0
50.45,-30,0,1,0
50.5,-30,0,1,0
50.55,-30,0,1,0
50.6,-30,0,1,0
50.65,-30,0,1,0
50.7,-30,0,1,0
50.75,-30,0,1,0
50.8,-30,0,1,0
50.85,-30,0,1,0
50.9,-30,0,1,0
50.95,-30,0,1,0
51,-30,0,1,0
51.05,-30,0,1,0
51.1,-30,0,1,0
51.15,-30,0,1,0
51.2,-30,0,1,0
51.25,-30,0,1,0
51.3,-30,0,1,0
51.35,-30,0,1,0
51.4,-30,0,1,0
51.45,-30,0,1,0
51.5,-30,0,1,0
51.55,-30,0,1,0
51.6,-30,0,1,0
51.65,-30,0,1,0
51.7,-30,0,1,0
51.75,-30,0,1,0
51.8,-30,0,1,0
51.85,-30,0,1,0
51.9,-30,0,1,0
51.95,-30,0,1,0
52,-30,0,1,0
52.05,-30,0,1,0
52.1,-30,0,1,0
52.15,-30,0,1,0
52.2,-30,0,1,0
52.25,-30,0,1,0
52.3,-30,0,1,0
52.35,-30,0,1,0
52.4,-30,0,1,0
52.45,-30,0,1,0
52.5,-30,0,1,0
52.55,-30,0,1,0
52.6,-30,0,1,0
52.65,-30,0,1,0
52.7,-30,0,1,0
52.75,-30,0,1,0
52.8,-30,0,1,0
52.85,-30,0,1,0
52.9,-30,0,1,0
52.95,-30,0,1,0
53,-30,0,1,0
53.05,-30,0,1,0
53.1,-30,0,1,0
53.15,-30,0,1,0
53.2,-30,0,1,0
53.25,-30,0,1,0
53.3,-30,0,1,0
53.35,-30,0,1,0
53.4,-30,0,1,0
53.45,-30,0,1,0
53.5,-30,0,1,0
53.55,-30,0,1,0
53.6,-30,0,1,0
53.65,-30,0,1,0
53.7,-30,0,1,0
53.75,-30,0,1,0
53.8,-30,0,1,0
53.85,-30,0,1,0
53.9,-30,0,1,0
53.95,-30,0,1,0
54,-30,0,1,0
54.05,-30,0,1,0
54.1,-30,0,1,0
54.15,-30,0,1,0
54.2,-30,0,1,0
54.25,-30,0,1,0
54.3,-30,0,1,0
54.35,-30,0,1,0
54.4,-30,0,1,0
54.45,-30,0,1,0
54.5,-30,0,1,0
54.55,-30,0,1,0
54.6,-30,0,1,0
54.65,-30,0,1,0
54.7,-30,0,1,0
54.75,-30,0,1,0
54.8,-30,0,1,0
54.85,-30,0,1,0
54.9,-30,0,1,0
54.95,-30,0,1,0
55,-30,0,1,0
55.05,-30,0,1,0
55.1,-30,0,1,0
55.15,-30,0,1,0
55.2,-30,0,1,0
55.25,-30,0,1,0
55.3,-30,0,1,0
55.35,-30,0,1,0
55.4,-30,0,1,0
55.45,-30,0,1,0
55.5,-30,0,1,0
55.55,-30,0,1,0
55.6,-30,0,1,0
55.65,-30,0,1,0
55.7,-30,0,1,0
55.75,-30,0,1,0
55.8,-30,0,1,0
55.85,-30,0,1,0
55.9,-30,0,1,0
55.95,-30,0,1,0
56,-30,0,1,0
56.05,-30,0,1,0
56.1,-30,0,1,0
56.15,-30,0,1,0
56.2,-30,0,1,0
56.25,-30,0,1,0
56.3,-30,0,1,0
56.35,-30,0,1,0
56.4,-30,0,1,0
56.45,-30,0,1,0
56.5,-30,0,1,0
56.55,-30,0,1,0
56.6,-30,0,1,0
56.65,-30,0,1,0
56.7,-30,0,1,0
56.75,-30,0,1,0
56.8,-30,0,1,0
56.85,-30,0,1,0
56.9,-30,0,1,0
56.95,-30,0,1,0
57,-30,0,1,0
57.05,-30,0,1,0
57.1,-30,0,1,0
57.15,-30,0,1,0
57.2,-30,0,1,0
57.25,-30,0,1,0
57.3,-30,0,1,0
57.35,-30,0,1,0
57.4,-30,0,1,0
57.45,-30,0,1,0
57.5,-30,0,1,0
57.55,-30,0,1,0
57.6,-30,0,1,0
57.65,-30,0,1,0
57.7,-30,0,1,0
57.75,-30,0,1,0
57.8,-30,0,1,0
57.85,-30,0,1,0
57.9,-30,0,1,0
57.95,-30,0,1,0
58,-30,0,1,0
58.05,-30,0,1,0
58.1,-30,0,1,0
58.15,-30,0,1,0
58.2,-30,0,1,0
58.25,-30,0,1,0
58.3,-30,0,1,0
58.35,-30,0,1,0
58.4,-30,0,1,0
58.45,-30,0,1,0
58.5,-30,0,1,0
58.55,-30,0,1,0
58.6,-30,0,1,0
58.65,-30,0,1,0
58.7,-30,0,1,0
58.75,-30,0,1,0
58.8,-30,0,1,0
58.85,-30,0,1,0
58.9,-30,0,1,0
58.95,-30,0,1,0
59,-30,0,1,0
59.05,-30,0,1,0
59.1,-30,0,1,0
59.15,-30,0,1,0
59.2,-30,0,1,0
59.25,-30,0,1,0
59.3,-30,0,1,0
59.35,-30,0,1,0
59.4,-30,0,1,0
59.45,-30,0,1,0
59.5,-30,0,1,0
59.55,-30,0,1,0
59.6,-30,0,1,0
59.65,-30,0,1,0
59.7,-30,0,1,0
59.75,-30,0,1,0
59.8,-30,0,1,0
59.85,-30,0,1,0
59.9,-30,0,1,0
59.95,-30,0,1,0
60,-30,0,1,0
60.05,-30,0,1,0
60.1,-30,0,1,0
60.15,-30,0,1,0
60.2,-30,0,1,0
60.25,-30,0,1,0
60.3,-30,0,1,0
60.35,-30,0,1,0
60.4,-30,0,1,0
60.45,-30,0,1,0
60.5,-30,0,1,0
60.55,-30,0,1,0
60.6,-30,0,1,0
60.65,-30,0,1,0
60.7,-30,0,1,0
60.75,-30,0,1,0
60.8,-30,0,1,0
60.85,-30,0,1,0
60.9,-30,0,1,0
60.95,-30,0,1,0
61,-30,0,1,0
61.05,-30,0,1,0
61.1,-30,0,1,0
61.15,-30,0,1,0
61.2,-30,0,1,0
61.25,-30,0,1,0
61.3,-30,0,1,0
61.35,-30,0,1,0
61.4,-30,0,1,0
61.45,-30,0,1,0
61.5,-30,0,1,0
61.55,-30,0,1,0
61.6,-30,0,1,0
61.65,-30,0,1,0
61.7,-30,0,1,0
61.75,-30,0,1,0
61.8,-30,0,1,0
61.85,-30,0,1,0
61.9,-30,0,1,0
61.95,-30,0,1,0
62,-30,0,1,0
62.05,-30,0,1,0
62.1,-30,0,1,0
62.15,-30,0,1,0
62.2,-30,0,1,0
62.25,-30,0,1,0
62.3,-30,0,1,0
62.35,-30,0,1,0
62.4,-30,0,1,0
62.45,-30,0,1,0
62.5,-30,0,1,0
62.55,-30,0,1,0
62.6,-30,0,1,0
62.65,-30,0,1,0
62.7,-30,0,1,0
62.75,-30,0,1,0
62.8,-30,0,1,0
62.85,-30,0,1,0
62.9,-30,0,1,0
62.95,-30,0,1,0
63,-30,0,1,0
63.05,-30,0,1,0
63.1,-30,0,1,0
63.15,-30,0,1,0
63.2,-30,0,1,0
63.25,-30,0,1,0
63.3,-30,0,1,0
63.35,-30,0,1,0
63.4,-30,0,1,0
63.45,-30,0,1,0
63.5,-30,0,1,0
63.55,-30,0,1,0
63.6,-30,0,1,0
63.65,-30,0,1,0
63.7,-30,0,1,0
63.75,-30,0,1,0
63.8,-30,0,1,0
63.85,-30,0,1,0
63.9,-30,0,1,0
63.95,-30,0,1,0
64,-30,0,1,0
64.05,-30,0,1,0
64.1,-30,0,1,0
64.15,-30,0,1,0
64.2,-30,0,1,0
64.25,-30,0,1,0
64.3,-30,0,1,0
64.35,-30,0,1,0
64.4,-30,0,1,0
64.45,-30,0,1,0
64.5,-30,0,1,0
64.55,-30,0,1,0
64.6,-30,0,1,0
64.65,-30,0,1,0
64.7,-30,0,1,0
64.75,-30,0,1,0
64.8,-30,0,1,0
64.85,-30,0,1,0
64.9,-30,0,1,0
64.95,-30,0,1,0
65,-30,0,1,0
65.05,-30,0,1,0
65.1,-30,0,1,0
65.15,-30,0,1,0
65.2,-30,0,1,0
65.25,-30,0,1,0
65.3,-30,0,1,0
65.35,-30,0,1,0
65.4,-30,0,1,0
65.45,-30,0,1,0
65.5,-30,0,1,0
65.55,-30,0,1,0
65.6,-30,0,1,0
65.65,-30,0,1,0
65.7,-30,0,1,0
65.75,-30,0,1,0
65.8,-30,0,1,0
65.85,-30,0,1,0
65.9,-30,0,1,0
65.95,-30,0,1,0
66,-30,0,1,0
66.05,-30,0,1,0
66.1,-30,0,1,0
66.15,-30,0,1,0
66.2,-30,0,1,0
66.25,-30,0,1,0
66.3,-30,0,1,0
66.35,-30,0,1,0
66.4,-30,0,1,0
66.45,-30,0,1,0
66.5,-30,0,1,0
66.55,-30,0,1,0
66.6,-30,0,1,0
66.65,-30,0,1,0
66.7,-30,0,1,0
66.75,-30,0,1,0
66.8,-30,0,1,0
66.85,-30,0,1,0
66.9,-30,0,1,0
66.95,-30,0,1,0
67,-30,0,1,0
67.05,-30,0,1,0
67.1,-30,0,1,0
67.15,-30,0,1,0
67.2,-30,0,1,0
67.25,-30,0,1,0
67.3,-30,0,1,0
67.35,-30,0,1,0
67.4,-30,0,1,0
67.45,-30,0,1,0
67.5,-30,0,1,0
67.55,-30,0,1,0
67.6,-30,0,1,0
67.65,-30,0,1,0
67.7,-30,0,1,0
67.75,-30,0,1,0
67.8,-30,0,1,0
67.85,-30,0,1,0
67.9,-30,0,1,0
67.95,-30,0,1,0
68,-30,0,1,0
68.05,-30,0,1,0
68.1,-30,0,1,0
68.15,-30,0,1,0
68.2,-30,0,1,0
68.25,-30,0,1,0
68.3,-30,0,1,0
68.35,-30,0,1,0
68.4,-30,0,1,0
68.45,-30,0,1,0
68.5,-30,0,1,0
68.55,-30,0,1,0
68.6,-30,0,1,0
68.65,-30,0,1,0
68.7,-30,0,1,0
68.75,-30,0,1,0
68.8,-30,0,1,0
68.85,-30,0,1,0
68.9,-30,0,1,0
68.95,-30,0,1,0
69,-30,0,1,0
69.05,-30,0,1,0
69.1,-30,0,1,0
69.15,-30,0,1,0
69.2,-30,0,1,0
69.25,-30,0,1,0
69.3,-30,0,1,0
69.35,-30,0,1,0
69.4,-30,0,1,0
69.45,-30,0,1,0
69.5,-30,0,1,0
69.55,-30,0,1,0
69.6,-30,0,1,0
69.65,-30,0,1,0
69.7,-30,0,1,0
69.75,-30,0,1,0
69.8,-30,0,1,0
69.85,-30,0,1,0
69.9,-30,0,1,0
69.95,-30,0,1,0
70,-30,0,1,0
70.05,-30,0,1,0
70.1,-30,0,1,0
70.15,-30,0,1,0
70.2,-30,0,1,0
70.25,-30,0,1,0
70.3,-30,0,1,0
70.35,-30,0,1,0
70.4,-30,0,1,0
70.45,-30,0,1,0
70.5,-30,0,1,0
70.55,-30,0,1,0
70.6,-30,0,1,0
70.65,-30,0,1,0
70.7,-30,0,1,0
70.75,-30,0,1,0
70.8,-30,0,1,0
70.85,-30,0,1,0
70.9,-30,0,1,0
70.95,-30,0,1,0
71,-30,0,1,0
71.05,-30,0,1,0
71.1,-30,0,1,0
71.15,-30,0,1,0
71.2,-30,0,1,0
71.25,-30,0,1,0
71.3,-30,0,1,0
71.35,-30,0,1,0
71.4,-30,0,1,0
71.45,-30,0,1,0
71.5,-30,0,1,0
71.55,-30,0,1,0
71.6,-30,0,1,0
71.65,-30,0,1,0
71.7,-30,0,1,0
71.75,-30,0,1,0
71.8,-30,0,1,0
71.85,-30,0,1,0
71.9,-30,0,1,0
71.95,-30,0,1,0
72,-30,0,1,0
72.05,-30,0,1,0
72.1,-30,0,1,0
72.15,-30,0,1,0
72.2,-30,0,1,0
72.25,-30,0,1,0
72.3,-30,0,1,0
72.35,-30,0,1,0
72.4,-30,0,1,0
72.45,-30,0,1,0
72.5,-30,0,1,0
72.55,-30,0,1,0
72.6,-30,0,1,0
72.65,-30,0,1,0
72.7,-30,0,1,0
72.75,-30,0,1,0
72.8,-30,0,1,0
72.85,-30,0,1,0
72.9,-30,0,1,0
72.95,-30,0,1,0
73,-30,0,1,0
73.05,-30,0,1,0
73.1,-30,0,1,0
73.15,-30,0,1,0
73.2,-30,0,1,0
73.25,-30,0,1,0
73.3,-30,0,1,0
73.35,-30,0,1,0
73.4,-30,0,1,0
73.45,-30,0,1,0
73.5,-30,0,1,0
73.55,-30,0,1,0
73.6,-30,0,1,0
73.65,-30,0,1,0
73.7,-30,0,1,0
73.75,-30,0,1,0
73.8,-30,0,1,0
73.85,-30,0,1,0
73.9,-30,0,1,0
73.95,-30,0,1,0
74,-30,0,1,0
74.05,-30,0,1,0
74.1,-30,0,1,0
74.15,-30,0,1,0
74.2,-30,0,1,0
74.25,-30,0,1,0
74.3,-30,0,1,0
74.35,-30,0,1,0
74.4,-30,0,1,0
74.45,-30,0,1,0
74.5,-30,0,1,0
74.55,-30,0,1,0
74.6,-30,0,1,0
74.65,-30,0,1,0
74.7,-30,0,1,0
74.75,-30,0,1,0
74.8,-30,0,1,0
74.85,-30,0,1,0
74.9,-30,0,1,0
74.95,-30,0,1,0
75,-30,0,1,0
75.05,-30,0,1,0
75.1,-30,0,1,0
75.15,-30,0,1,0
75.2,-30,0,1,0
75.25,-30,0,1,0
75.3,-30,0,1,0
75.35,-30,0,1,0
75.4,-30,0,1,0
75.45,-30,0,1,0
75.5,-30,0,1,0
75.55,-30,0,1,0
75.6,-30,0,1,0
75.65,-30,0,1,0
75.7,-30,0,1,0
75.75,-30,0,1,0
75.8,-30,0,1,0
75.85,-30,0,1,0
75.9,-30,0,1,0
75.95,-30,0,1,0
76,-30,0,1,0
76.05,-30,0,1,0
76.1,-30,0,1,0
76.15,-30,0,1,0
76.2,-30,0,1,0
76.25,-30,0,1,0
76.3,-30,0,1,0
76.35,-30,0,1,0
76.4,-30,0,1,0
76.45,-30,0,1,0
76.5,-30,0,1,0
76.55,-30,0,1,0
76.6,-30,0,1,0
76.65,-30,0,1,0
76.7,-30,0,1,0
76.75,-30,0,1,0
76.8,-30,0,1,0
76.85,-30,0,1,0
76.9,-30,0,1,0
76.95,-30,0,1,0
77,-30,0,1,0
77.05,-30,0,1,0
77.1,-30,0,1,0
77.15,-30,0,1,0
77.2,-30,0,1,0
77.25,-30,0,1,0
77.3,-30,0,1,0
77.35,-30,0,1,0
77.4,-30,0,1,0
77.45,-30,0,1,0
77.5,-30,0,1,0
77.55,-30,0,1,0
77.6,-30,0,1,0
77.65,-30,0,1,0
77.7,-30,0,1,0
77.75,-30,0,1,0
77.8,-30,0,1,0
77.85,-30,0,1,0
77.9,-30,0,1,0
77.95,-30,0,1,0
78,-30,0,1,0
78.05,-30,0,1,0
78.1,-30,0,1,0
78.15,-30,0,1,0
78.2,-30,0,1,0
78.25,-30,0,1,0
78.3,-30,0,1,0
78.35,-30,0,1,0
78.4,-30,0,1,0
78.45,-30,0,1,0
78.5,-30,0,1,0
78.55,-30,0,1,0
78.6,-30,0,1,0
78.65,-30,0,1,0
78.7,-30,0,1,0
78.75,-30,0,1,0
78.8,-30,0,1,0
78.85,-30,0,1,0
78.9,-30,0,1,0
78.95,-30,0,1,0
79,-30,0,1,0
79.05,-30,0,1,0
79.1,-30,0,1,0
79.15,-30,0,1,0
79.2,-30,0,1,0
79.25,-30,0,1,0
79.3,-30,0,1,0
79.35,-30,0,1,0
79.4,-30,0,1,0
79.45,-30,0,1,0
79.5,-30,0,1,0
79.55,-30,0,1,0
79.6,-30,0,1,0
79.65,-30,0,1,0
79.7,-30,0,1,0
79.75,-30,0,1,0
79.8,-30,0,1,0
79.85,-30,0,1,0
79.9,-30,0,1,0
79.95,-30,0,1,0
80,-30,0,1,0
80.05,-30,0,1,0
80.1,-30,0,1,0
80.15,-30,0,1,0
80.2,-30,0,1,0
80.25,-30,0,1,0
80.3,-30,0,1,0
80.35,-30,0,1,0
80.4,-30,0,1,0
80.45,-30,0,1,0
80.5,-30,0,1,0
80.55,-30,0,1,0
80.6,-30,0,1,0
80.65,-30,0,1,0
80.7,-30,0,1,0
80.75,-30,0,1,0
80.8,-30,0,1,0
80.85,-30,0,1,0
80.9,-30,0,1,0
80.95,-30,0,1,0
81,-30,0,1,0
81.05,-30,0,1,0
81.1,-30,0,1,0
81.15,-30,0,1,0
81.2,-30,0,1,0
81.25,-30,0,1,0
81.3,-30,0,1,0
81.35,-30,0,1,0
81.4,-30,0,1,0
81.45,-30,0,1,0
81.5,-30,0,1,0
81.55,-30,0,1,0
81.6,-30,0,1,0
81.65,-30,0,1,0
81.7,-30,0,1,0
81.75,-30,0,1,0
81.8,-30,0,1,0
81.85,-30,0,1,0
81.9,-30,0,1,0
81.95,-30,0,1,0
82,-30,0,1,0
82.05,-30,0,1,0
82.1,-30,0,1,0
82.15,-30,0,1,0
82.2,-30,0,1,0
82.25,-30,0,1,0
82.3,-30,0,1,0
82.35,-30,0,1,0
82.4,-30,0,1,0
82.45,-30,0,1,0
82.5,-30,0,1,0
82.55,-30,0,1,0
82.6,-30,0,1,0
82.65,-30,0,1,0
82.7,-30,0,1,0
82.75,-30,0,1,0
82.8,-30,0,1,0
82.85,-30,0,1,0
82.9,-30,0,1,0
82.95,-30,0,1,0
83,-30,0,1,0
83.05,-30,0,1,0
83.1,-30,0,1,0
83.15,-30,0,1,0
83.2,-30,0,1,0
83.25,-30,0,1,0
83.3,-30,0,1,0
83.35,-30,0,1,0
83.4,-30,0,1,0
83.45,-30,0,1,0
83.5,-30,0,1,0
83.55,-30,0,1,0
83.6,-30,0,1,0
83.65,-30,0,1,0
83.7,-30,0,1,0
83.75,-30,0,1,0
83.8,-30,0,1,0
83.85,-30,0,1,0
83.9,-30,0,1,0
83.95,-30,0,1,0
84,-30,0,1,0
84.05,-30,0,1,0
84.1,-30,0,1,0
84.15,-30,0,1,0
84.2,-30,0,1,0
84.25,-30,0,1,0
84.3,-30,0,1,0
84.35,-30,0,1,0
84.4,-30,0,1,0
84.45,-30,0,1,0
84.5,-30,0,1,0
84.55,-30,0,1,0
84.6,-30,0,1,0
84.65,-30,0,1,0
84.7,-30,0,1,0
84.75,-30,0,1,0
84.8,-30,0,1,0
84.85,-30,0,1,0
84.9,-30,0,1,0
84.95,-30,0,1,0
85,-30,0,1,0
85.05,-30,0,1,0
85.1,-30,0,1,0
85.15,-30,0,1,0
85.2,-30,0,1,0
85.25,-30,0,1,0
85.3,-30,0,1,0
85.35,-30,0,1,0
85.4,-30,0,1,0
85.45,-30,0,1,0
85.5,-30,0,1,0
85.55,-30,0,1,0
85.6,-30,0,1,0
85.65,-30,0,1,0
85.7,-30,0,1,0
85.75,-30,0,1,0
85.8,-30,0,1,0
85.85,-30,0,1,0
85.9,-30,0,1,0
85.95,-30,0,1,0
86,-30,0,1,0
86.05,-30,0,1,0
86.1,-30,0,1,0
86.15,-30,0,1,0
86.2,-30,0,1,0
86.25,-30,0,1,0
86.3,-30,0,1,0
86.35,-30,0,1,0
86.4,-30,0,1,0
86.45,-30,0,1,0
86.5,-30,0,1,0
86.55,-30,0,1,0
86.6,-30,0,1,0
86.65,-30,0,1,0
86.7,-30,0,1,0
86.75,-30,0,1,0
86.8,-30,0,1,0
86.85,-30,0,1,0
86.9,-30,0,1,0
86.95,-30,0,1,0
87,-30,0,1,0
87.05,-30,0,1,0
87.1,-30,0,1,0
87.15,-30,0,1,0
87.2,-30,0,1,0
87.25,-30,0,1,0
87.3,-30,0,1,0
87.35,-30,0,1,0
87.4,-30,0,1,0
87.45,-30,0,1,0
87.5,-30,0,1,0
87.55,-30,0,1,0
87.6,-30,0,1,0
87.65,-30,0,1,0
87.7,-30,0,1,0
87.75,-30,0,1,0
87.8,-30,0,1,0
87.85,-30,0,1,0
87.9,-30,0,1,0
87.95,-30,0,1,0
88,-30,0,1,0
88.05,-30,0,1,0
88.1,-30,0,1,0
88.15,-30,0,1,0
88.2,-30,0,1,0
88.25,-30,0,1,0
88.3,-30,0,1,0
88.35,-30,0,1,0
88.4,-30,0,1,0
88.45,-30,0,1,0
88.5,-30,0,1,0
88.55,-30,0,1,0
88.6,-30,0,1,0
88.65,-30,0,1,0
88.7,-30,0,1,0
88.75,-30,0,1,0
88.8,-30,0,1,0
88.85,-30,0,1,0
88.9,-30,0,1,0
88.95,-30,0,1,0
89,-30,0,1,0
89.05,-30,0,1,0
89.1,-30,0,1,0
89.15,-30,0,1,0
89.2,-30,0,1,0
89.25,-30,0,1,0
89.3,-30,0,1,0
89.35,-30,0,1,0
89.4,-30,0,1,0
89.45,-30,0,1,0
89.5,-30,0,1,0
89.55,-30,0,1,0
89.6,-30,0,1,0
89.65,-30,0,1,0
89.7,-30,0,1,0
89.75,-30,0,1,0
89.8,-30,0,1,0
89.85,-30,0,1,0
89.9,-30,0,1,0
89.95,-30,0,1,0
90,-30,0,1,0
90.05,-30,0,1,0
90.1,-30,0,1,0
90.15,-30,0,1,0
90.2,-30,0,1,0
90.25,-30,0,1,0
90.3,-30,0,1,0
90.35,-30,0,1,0
90.4,-30,0,1,0
90.45,-30,0,1,0
90.5,-30,0,1,0
90.55,-30,0,1,0
90.6,-30,0,1,0
90.65,-30,0,1,0
90.7,-30,0,1,0
90.75,-30,0,1,0
90.8,-30,0,1,0
90.85,-30,0,1,0
90.9,-30,0,1,0
90.95,-30,0,1,0
91,-30,0,1,0
91.05,-30,0,1,0
91.1,-30,0,1,0
91.15,-30,0,1,0
91.2,-30,0,1,0
91.25,-30,0,1,0
91.3,-30,0,1,0
91.35,-30,0,1,0
91.4,-30,0,1,0
91.45,-30,0,1,0
91.5,-30,0,1,0
91.55,-30,0,1,0
91.6,-30,0,1,0
91.65,-30,0,1,0
91.7,-30,0,1,0
91.75,-30,0,1,0
91.8,-30,0,1,0
91.85,-30,0,1,0
91.9,-30,0,1,0
91.95,-30,0,1,0
92,-30,0,1,0
92.05,-30,0,1,0
92.1,-30,0,1,0
92.15,-30,0,1,0
92.2,-30,0,1,0
92.25,-30,0,1,0
92.3,-30,0,1,0
92.35,-30,0,1,0
92.4,-30,0,1,0
92.45,-30,0,1,0
92.5,-30,0,1,0
92.55,-30,0,1,0
92.6,-30,0,1,0
92.65,-30,0,1,0
92.7,-30,0,1,0
92.75,-30,0,1,0
92.8,-30,0,1,0
92.85,-30,0,1,0
92.9,-30,0,1,0
92.95,-30,0,1,0
93,-30,0,1,0
93.05,-30,0,1,0
93.1,-30,0,1,0
93.15,-30,0,1,0
93.2,-30,0,1,0
93.25,-30,0,1,0
93.3,-30,0,1,0
93.35,-30,0,1,0
93.4,-30,0,1,0
93.45,-30,0,1,0
93.5,-30,0,1,0
93.55,-30,0,1,0
93.6,-30,0,1,0
93.65,-30,0,1,0
93.7,-30,0,1,0
93.75,-30,0,1,0
93.8,-30,0,1,0
93.85,-30,0,1,0
93.9,-30,0,1,0
93.95,-30,0,1,0
94,-30,0,1,0
94.05,-30,0,1,0
94.1,-30,0,1,0
94.15,-30,0,1,0
94.2,-30,0,1,0
94.25,-30,0,1,0
94.3,-30,0,1,0
94.35,-30,0,1,0
94.4,-30,0,1,0
94.45,-30,0,1,0
94.5,-30,0,1,0
94.55,-30,0,1,0
94.6,-30,0,1,0
94.65,-30,0,1,0
94.7,-30,0,1,0
94.75,-30,0,1,0
94.8,-30,0,1,0
94.85,-30,0,1,0
94.9,-30,0,1,0
94.95,-30,0,1,0
95,-30,0,1,0
95.05,-30,0,1,0
95.1,-30,0,1,0
95.15,-30,0,1,0
95.2,-30,0,1,0
95.25,-30,0,1,0
95.3,-30,0,1,0
95.35,-30,0,1,0
95.4,-30,0,1,0
95.45,-30,0,1,0
95.5,-30,0,1,0
95.55,-30,0,1,0
95.6,-30,0,1,0
95.65,-30,0,1,0
95.7,-30,0,1,0
95.75,-30,0,1,0
95.8,-30,0,1,0
95.85,-30,0,1,0
95.9,-30,0,1,0
95.95,-30,0,1,0
96,-30,0,1,0
96.05,-30,0,1,0
96.1,-30,0,1,0
96.15,-30,0,1,0
96.2,-30,0,1,0
96.25,-30,0,1,0
96.3,-30,0,1,0
96.35,-30,0,1,0
96.4,-30,0,1,0
96.45,-30,0,1,0
96.5,-30,0,1,0
96.55,-30,0,1,0
96.6,-30,0,1,0
96.65,-30,0,1,0
96.7,-30,0,1,0
96.75,-30,0,1,0
96.8,-30,0,1,0
96.85,-30,0,1,0
96.9,-30,0,1,0
96.95,-30,0,1,0
97,-30,0,1,0
97.05,-30,0,1,0
97.1,-30,0,1,0
97.15,-30,0,1,0
97.2,-30,0,1,0
97.25,-30,0,1,0
97.3,-30,0,1,0
97.35,-30,0,1,0
97.4,-30,0,1,0
97.45,-30,0,1,0
97.5,-30,0,1,0
97.55,-30,0,1,0
97.6,-30,0,1,0
97.65,-30,0,1,0
97.7,-30,0,1,0
97.75,-30,0,1,0
97.8,-30,0,1,0
97.85,-30,0,1,0
97.9,-30,0,1,0
97.95,-30,0,1,0
98,-30,0,1,0
98.05,-30,0,1,0
98.1,-30,0,1,0
98.15,-30,0,1,0
98.2,-30,0,1,0
98.25,-30,0,1,0
98.3,-30,0,1,0
98.35,-30,0,1,0
98.4,-30,0,1,0
98.45,-30,0,1,0
98.5,-30,0,1,0
98.55,-30,0,1,0
98.6,-30,0,1,0
98.65,-30,0,1,0
98.7,-30,0,1,0
98.75,-30,0,1,0
98.8,-30,0,1,0
98.85,-30,0,1,0
98.9,-30,0,1,0
98.95,-30,0,1,0
99,-30,0,1,0
99.05,-30,0,1,0
99.1,-30,0,1,0
99.15,-30,0,1,0
99.2,-30,0,1,0
99.25,-30,0,1,0
99.3,-30,0,1,0
99.35,-30,0,1,0
99.4,-30,0,1,0
99.45,-30,0,1,0
99.5,-30,0,1,0
99.55,-30,0,1,0
99.6,-30,0,1,0
99.65,-30,0,1,0
99.7,-30,0,1,0
99.75,-30,0,1,0
99.8,-30,0,1,0
99.85,-30,0,1,0
99.9,-30,0,1,0
99.95,-30,0,1,0
100,-30,0,1,0
100.05,-30,0,1,0
100.1,-30,0,1,0
100.15,-30,0,1,0
100.2,-30,0,1,0
100.25,-30,0,1,0
100.3,-30,0,1,0
100.35,-30,0,1,0
100.4,-30,0,1,0
100.45,-30,0,1,0
100.5,-30,0,1,0
100.55,-30,0,1,0
100.6,-30,0,1,0
100.65,-30,0,1,0
100.7,-30,0,1,0
100.75,-30,0,1,0
100.8,-30,0,1,0
100.85,-30,0,1,0
100.9,-30,0,1,0
100.95,-30,0,1,0
101,-30,0,1,0
101.05,-30,0,1,0
101.1,-30,0,1,0
101.15,-30,0,1,0
101.2,-30,0,1,0
101.25,-30,0,1,0
101.3,-30,0,1,0
101.35,-30,0,1,0
101.4,-30,0,1,0
101.45,-30,0,1,0
101.5,-30,0,1,0
101.55,-30,0,1,0
101.6,-30,0,1,0
101.65,-30,0,1,0
101.7,-30,0,1,0
101.75,-30,0,1,0
101.8,-30,0,1,0
101.85,-30,0,1,0
101.9,-30,0,1,0
101.95,-30,0,1,0
102,-30,0,1,0
102.05,-30,0,1,0
102.1,-30,0,1,0
102.15,-30,0,1,0
102.2,-30,0,1,0
102.25,-30,0,1,0
102.3,-30,0,1,0
102.35,-30,0,1,0
102.4,-30,0,1,0
102.45,-30,0,1,0
102.5,-30,0,1,0
102.55,-30,0,1,0
102.6,-30,0,1,0
102.65,-30,0,1,0
102.7,-30,0,1,0
102.75,-30,0,1,0
102.8,-30,0,1,0
102.85,-30,0,1,0
102.9,-30,0,1,0
102.95,-30,0,1,0
103,-30,0,1,0
103.05,-30,0,1,0
103.1,-30,0,1,0
103.15,-30,0,1,0
103.2,-30,0,1,0
103.25,-30,0,1,0
103.3,-30,0,1,0
103.35,-30,0,1,0
103.4,-30,0,1,0
103.45,-30,0,1,0
103.5,-30,0,1,0
103.55,-30,0,1,0
103.6,-30,0,1,0
103.65,-30,0,1,0
103.7,-30,0,1,0
103.75,-30,0,1,0
103.8,-30,0,1,0
103.85,-30,0,1,0
103.9,-30,0,1,0
103.95,-30,0,1,0
104,-30,0,1,0
104.05,-30,0,1,0
104.1,-30,0,1,0
104.15,-30,0,1,0
104.2,-30,0,1,0
104.25,-30,0,1,0
104.3,-30,0,1,0
104.35,-30,0,1,0
104.4,-30,0,1,0
104.45,-30,0,1,0
104.5,-30,0,1,0
104.55,-30,0,1,0
104.6,-30,0,1,0
104.65,-30,0,1,0
104.7,-30,0,1,0
104.75,-30,0,1,0
104.8,-30,0,1,0
104.85,-30,0,1,0
104.9,-30,0,1,0
104.95,-30,0,1,0
105,-30,0,1,0
105.05,-30,0,1,0
105.1,-30,0,1,0
105.15,-30,0,1,0
105.2,-30,0,1,0
105.25,-30,0,1,0
105.3,-30,0,1,0
105.35,-30,0,1,0
105.4,-30,0,1,0
105.45,-30,0,1,0
105.5,-30,0,1,0
105.55,-30,0,1,0
105.6,-30,0,1,0
105.65,-30,0,1,0
105.7,-30,0,1,0
105.75,-30,0,1,0
105.8,-30,0,1,0
105.85,-30,0,1,0
105.9,-30,0,1,0
105.95,-30,0,1,0
106,-30,0,1,0
106.05,-30,0,1,0
106.1,-30,0,1,0
106.15,-30,0,1,0
106.2,-30,0,1,0
106.25,-30,0,1,0
106.3,-30,0,1,0
106.35,-30,0,1,0
106.4,-30,0,1,0
106.45,-30,0,1,0
106.5,-30,0,1,0
106.55,-30,0,1,0
106.6,-30,0,1,0
106.65,-30,0,1,0
106.7,-30,0,1,0
106.75,-30,0,1,0
106.8,-30,0,1,0
106.85,-30,0,1,0
106.9,-30,0,1,0
106.95,-30,0,1,0
107,-30,0,1,0
107.05,-30,0,1,0
107.1,-30,0,1,0
107.15,-30,0,1,0
107.2,-30,0,1,0
107.25,-30,0,1,0
107.3,-30,0,1,0
107.35,-30,0,1,0
107.4,-30,0,1,0
107.45,-30,0,1,0
107.5,-30,0,1,0
107.55,-30,0,1,0
107.6,-30,0,1,0
107.65,-30,0,1,0
107.7,-30,0,1,0
107.75,-30,0,1,0
107.8,-30,0,1,0
107.85,-30,0,1,0
107.9,-30,0,1,0
107.95,-30,0,1,0
108,-30,0,1,0
108.05,-30,0,1,0
108.1,-30,0,1,0
108.15,-30,0,1,0
108.2,-30,0,1,0
108.25,-30,0,1,0
108.3,-30,0,1,0
108.35,-30,0,1,0
108.4,-30,0,1,0
108.45,-30,0,1,0
108.5,-30,0,1,0
108.55,-30,0,1,0
108.6,-30,0,1,0
108.65,-30,0,1,0
108.7,-30,0,1,0
108.75,-30,0,1,0
108.8,-30,0,1,0
108.85,-30,0,1,0
108.9,-30,0,1,0
108.95,-30,0,1,0
109,-30,0,1,0
109.05,-30,0,1,0
109.1,-30,0,1,0
109.15,-30,0,1,0
109.2,-30,0,1,0
109.25,-30,0,1,0
109.3,-30,0,1,0
109.35,-30,0,1,0
109.4,-30,0,1,0
109.45,-30,0,1,0
109.5,-30,0,1,0
109.55,-30,0,1,0
109.6,-30,0,1,0
109.65,-30,0,1,0
109.7,-30,0,1,0
109.75,-30,0,1,0
109.8,-30,0,1,0
109.85,-30,0,1,0
109.9,-30,0,1,0
109.95,-30,0,1,0
110,-30,0,1,0
110.05,-30,0,1,0
110.1,-30,0,1,0
110.15,-30,0,1,0
110.2,-30,0,1,0
110.25,-30,0,1,0
110.3,-30,0,1,0
110.35,-30,0,1,0
110.4,-30,0,1,0
110.45,-30,0,1,0
110.5,-30,0,1,0
110.55,-30,0,1,0
110.6,-30,0,1,0
110.65,-30,0,1,0
110.7,-30,0,1,0
110.75,-30,0,1,0
110.8,-30,0,1,0
110.85,-30,0,1,0
110.9,-30,0,1,0
110.95,-30,0,1,0
111,-30,0,1,0
111.05,-30,0,1,0
111.1,-30,0,1,0
111.15,-30,0,1,0
111.2,-30,0,1,0
111.25,-30,0,1,0
111.3,-30,0,1,0
111.35,-30,0,1,0
111.4,-30,0,1,0
111.45,-30,0,1,0
111.5,-30,0,1,0
111.55,-30,0,1,0
111.6,-30,0,1,0
111.65,-30,0,1,0
111.7,-30,0,1,0
111.75,-30,0,1,0
111.8,-30,0,1,0
111.85,-30,0,1,0
111.9,-30,0,1,0
111.95,-30,0,1,0
112,-30,0,1,0
112.05,-30,0,1,0
112.1,-30,0,1,0
112.15,-30,0,1,0
112.2,-30,0,1,0
112.25,-30,0,1,0
112.3,-30,0,1,0
112.35,-30,0,1,0
112.4,-30,0,1,0
112.45,-30,0,1,0
112.5,-30,0,1,0
112.55,-30,0,1,0
112.6,-30,0,1,0
112.65,-30,0,1,0
112.7,-30,0,1,0
112.75,-30,0,1,0
112.8,-30,0,1,0
112.85,-30,0,1,0
112.9,-30,0,1,0
112.95,-30,0,1,0
113,-30,0,1,0
113.05,-30,0,1,0
113.1,-30,0,1,0
113.15,-30,0,1,0
113.2,-30,0,1,0
113.25,-30,0,1,0
113.3,-30,0,1,0
113.35,-30,0,1,0
113.4,-30,0,1,0
113.45,-30,0,1,0
113.5,-30,0,1,0
113.55,-30,0,1,0
113.6,-30,0,1,0
113.65,-30,0,1,0
113.7,-30,0,1,0
113.75,-30,0,1,0
113.8,-30,0,1,0
113.85,-30,0,1,0
113.9,-30,0,1,0
113.95,-30,0,1,0
114,-30,0,1,0
114.05,-30,0,1,0
114.1,-30,0,1,0
114.15,-30,0,1,0
114.2,-30,0,1,0
114.25,-30,0,1,0
114.3,-30,0,1,0
114.35,-30,0,1,0
114.4,-30,0,1,0
114.45,-30,0,1,0
114.5,-30,0,1,0
114.55,-30,0,1,0
114.6,-30,0,1,0
114.65,-30,0,1,0
114.7,-30,0,1,0
114.75,-30,0,1,0
114.8,-30,0,1,0
114.85,-30,0,1,0
114.9,-30,0,1,0
114.95,-30,0,1,0
115,-30,0,1,0
115.05,-30,0,1,0
115.1,-30,0,1,0
115.15,-30,0,1,0
115.2,-30,0,1,0
115.25,-30,0,1,0
115.3,-30,0,1,0
115.35,-30,0,1,0
115.4,-30,0,1,0
115.45,-30,0,1,0
115.5,-30,0,1,0
115.55,-30,0,1,0
115.6,-30,0,1,0
115.65,-30,0,1,0
115.7,-30,0,1,0
115.75,-30,0,1,0
115.8,-30,0,1,0
115.85,-30,0,1,0
115.9,-30,0,1,0
115.95,-30,0,1,0
116,-30,0,1,0
116.05,-30,0,1,0
116.1,-30,0,1,0
116.15,-30,0,1,0
116.2,-30,0,1,0
116.25,-30,0,1,0
116.3,-30,0,1,0
116.35,-30,0,1,0
116.4,-30,0,1,0
116.45,-30,0,1,0
116.5,-30,0,1,0
116.55,-30,0,1,0
116.6,-30,0,1,0
116.65,-30,0,1,0
116.7,-30,0,1,0
116.75,-30,0,1,0
116.8,-30,0,1,0
116.85,-30,0,1,0
116.9,-30,0,1,0
116.95,-30,0,1,0
117,-30,0,1,0
117.05,-30,0,1,0
117.1,-30,0,1,0
117.15,-30,0,1,0
117.2,-30,0,1,0
117.25,-30,0,1,0
117.3,-30,0,1,0
117.35,-30,0,1,0
117.4,-30,0,1,0
117.45,-30,0,1,0
117.5,-30,0,1,0
117.55,-30,0,1,0
117.6,-30,0,1,0
117.65,-30,0,1,0
117.7,-30,0,1,0
117.75,-30,0,1,0
117.8,-30,0,1,0
117.85,-30,0,1,0
117.9,-30,0,1,0
117.95,-30,0,1,0
118,-30,0,1,0
118.05,-30,0,1,0
118.1,-30,0,1,0
118.15,-30,0,1,0
118.2,-30,0,1,0
118.25,-30,0,1,0
118.3,-30,0,1,0
118.35,-30,0,1,0
118.4,-30,0,1,0
118.45,-30,0,1,0
118.5,-30,0,1,0
118.55,-30,0,1,0
118.6,-30,0,1,0
118.65,-30,0,1,0
118.7,-30,0,1,0
118.75,-30,0,1,0
118.8,-30,0,1,0
118.85,-30,0,1,0
118.9,-30,0,1,0
118.95,-30,0,1,0
119,-30,0,1,0
119.05,-30,0,1,0
119.1,-30,0,1,0
119.15,-30,0,1,0
119.2,-30,0,1,0
119.25,-30,0,1,0
119.3,-30,0,1,0
119.35,-30,0,1,0
119.4,-30,0,1,0
119.45,-30,0,1,0
119.5,-30,0,1,0
119.55,-30,0,1,0
119.6,-30,0,1,0
119.65,-30,0,1,0
119.7,-30,0,1,0
119.75,-30,0,1,0
119.8,-30,0,1,0
119.85,-30,0,1,0
119.9,-30,0,1,0
119.95,-30,0,1,0
120,-30,0,1,0
120.05,-30,0,1,0
120.1,-30,0,1,0
120.15,-30,0,1,0
120.2,-30,0,1,0
120.25,-30,0,1,0
120.3,-30,0,1,0
120.35,-30,0,1,0
120.4,-30,0,1,0
120.45,-30,0,1,0
120.5,-30,0,1,0
120.55,-30,0,1,0
120.6,-30,0,1,0
120.65,-30,0,1,0
120.7,-30,0,1,0
120.75,-30,0,1,0
120.8,-30,0,1,0
120.85,-30,0,1,0
120.9,-30,0,1,0
120.95,-30,0,1,0
121,-30,0,1,0
121.05,-30,0,1,0
121.1,-30,0,1,0
121.15,-30,0,1,0
121.2,-30,0,1,0
121.25,-30,0,1,0
121.3,-30,0,1,0
121.35,-30,0,1,0
121.4,-30,0,1,0
121.45,-30,0,1,0
121.5,-30,0,1,0
121.55,-30,0,1,0
121.6,-30,0,1,0
121.65,-30,0,1,0
121.7,-30,0,1,0
121.75,-30,0,1,0
121.8,-30,0,1,0
121.85,-30,0,1,0
121.9,-30,0,1,0
121.95,-30,0,1,0
122,-30,0,1,0
122.05,-30,0,1,0
122.1,-30,0,1,0
122.15,-30,0,1,0
122.2,-30,0,1,0
122.25,-30,0,1,0
122.3,-30,0,1,0
122.35,-30,0,1,0
122.4,-30,0,1,0
122.45,-30,0,1,0
122.5,-30,0,1,0
122.55,-30,0,1,0
122.6,-30,0,1,0
122.65,-30,0,1,0
122.7,-30,0,1,0
122.75,-30,0,1,0
122.8,-30,0,1,0
122.85,-30,0,1,0
122.9,-30,0,1,0
122.95,-30,0,1,0
123,-30,0,1,0
123.05,-30,0,1,0
123.1,-30,0,1,0
123.15,-30,0,1,0
123.2,-30,0,1,0
123.25,-30,0,1,0
123.3,-30,0,1,0
123.35,-30,0,1,0
123.4,-30,0,1,0
123.45,-30,0,1,0
123.5,-30,0,1,0
123.55,-30,0,1,0
123.6,-30,0,1,0
123.65,-30,0,1,0
123.7,-30,0,1,0
123.75,-30,0,1,0
123.8,-30,0,1,0
123.85,-30,0,1,0
123.9,-30,0,1,0
123.95,-30,0,1,0
124,-30,0,1,0
124.05,-30,0,1,0
124.1,-30,0,1,0
124.15,-30,0,1,0
124.2,-30,0,1,0
124.25,-30,0,1,0
124.3,-30,0,1,0
124.35,-30,0,1,0
124.4,-30,0,1,0
124.45,-30,0,1,0
124.5,-30,0,1,0
124.55,-30,0,1,0
124.6,-30,0,1,0
124.65,-30,0,1,0
124.7,-30,0,1,0
124.75,-30,0,1,0
124.8,-30,0,1,0
124.85,-30,0,1,0
124.9,-30,0,1,0
124.95,-30,0,1,0
125,-30,0,1,0
125.05,-30,0,1,0
125.1,-30,0,1,0
125.15,-30,0,1,0
125.2,-30,0,1,0
125.25,-30,0,1,0
125.3,-30,0,1,0
125.35,-30,0,1,0
125.4,-30,0,1,0
125.45,-30,0,1,0
125.5,-30,0,1,0
125.55,-30,0,1,0
125.6,-30,0,1,0
125.65,-30,0,1,0
125.7,-30,0,1,0
125.75,-30,0,1,0
125.8,-30,0,1,0
125.85,-30,0,1,0
125.9,-30,0,1,0
125.95,-30,0,1,0
126,-30,0,1,0
126.05,-30,0,1,0
126.1,-30,0,1,0
126.15,-30,0,1,0
126.2,-30,0,1,0
126.25,-30,0,1,0
126.3,-30,0,1,0
126.35,-30,0,1,0
126.4,-30,0,1,0
126.45,-30,0,1,0
126.5,-30,0,1,0
126.55,-30,0,1,0
126.6,-30,0,1,0
126.65,-30,0,1,0
126.7,-30,0,1,0
126.75,-30,0,1,0
126.8,-30,0,1,0
126.85,-30,0,1,0
126.9,-30,0,1,0
126.95,-30,0,1,0
127,-30,0,1,0
127.05,-30,0,1,0
127.1,-30,0,1,0
127.15,-30,0,1,0
127.2,-30,0,1,0
127.25,-30,0,1,0
127.3,-30,0,1,0
127.35,-30,0,1,0
127.4,-30,0,1,0
127.45,-30,0,1,0
127.5,-30,0,1,0
127.55,-30,0,1,0
127.6,-30,0,1,0
127.65,-30,0,1,0
127.7,-30,0,1,0
127.75,-30,0,1,0
127.8,-30,0,1,0
127.85,-30,0,1,0
127.9,-30,0,1,0
127.95,-30,0,1,0
128,-30,0,1,0
128.05,-30,0,1,0
128.1,-30,0,1,0
128.15,-30,0,1,0
128.2,-30,0,1,0
128.25,-30,0,1,0
128.3,-30,0,1,0
128.35,-30,0,1,0
128.4,-30,0,1,0
128.45,-30,0,1,0
128.5,-30,0,1,0
128.55,-30,0,1,0
128.6,-30,0,1,0
128.65,-30,0,1,0
128.7,-30,0,1,0
128.75,-30,0,1,0
128.8,-30,0,1,0
128.85,-30,0,1,0
128.9,-30,0,1,0
128.95,-30,0,1,0
129,-30,0,1,0
129.05,-30,0,1,0
129.1,-30,0,1,0
129.15,-30,0,1,0
129.2,-30,0,1,0
129.25,-30,0,1,0
129.3,-30,0,1,0
129.35,-30,0,1,0
129.4,-30,0,1,0
129.45,-30,0,1,0
129.5,-30,0,1,0
129.55,-30,0,1,0
129.6,-30,0,1,0
129.65,-30,0,1,0
129.7,-30,0,1,0
129.75,-30,0,1,0
129.8,-30,0,1,0
129.85,-30,0,1,0
129.9,-30,0,1,0
129.95,-30,0,1,0
130,-30,0,1,0
130.05,-30,0,1,0
130.1,-30,0,1,0
130.15,-30,0,1,0
130.2,-30,0,1,0
130.25,-30,0,1,0
130.3,-30,0,1,0
130.35,-30,0,1,0
130.4,-30,0,1,0
130.45,-30,0,1,0
130.5,-30,0,1,0
130.55,-30,0,1,0
130.6,-30,0,1,0
130.65,-30,0,1,0
130.7,-30,0,1,0
130.75,-30,0,1,0
130.8,-30,0,1,0
130.85,-30,0,1,0
130.9,-30,0,1,0
130.95,-30,0,1,0
131,-30,0,1,0
131.05,-30,0,1,0
131.1,-30,0,1,0
131.15,-30,0,1,0
131.2,-30,0,1,0
131.25,-30,0,1,0
131.3,-30,0,1,0
131.35,-30,0,1,0
131.4,-30,0,1,0
131.45,-30,0,1,0
131.5,-30,0,1,0
131.55,-30,0,1,0
131.6,-30,0,1,0
131.65,-30,0,1,0
131.7,-30,0,1,0
131.75,-30,0,1,0
131.8,-30,0,1,0
131.85,-30,0,1,0
131.9,-30,0,1,0
131.95,-30,0,1,0
132,-30,0,1,0
132.05,-30,0,1,0
132.1,-30,0,1,0
132.15,-30,0,1,0
132.2,-30,0,1,0
132.25,-30,0,1,0
132.3,-30,0,1,0
132.35,-30,0,1,0
132.4,-30,0,1,0
132.45,-30,0,1,0
132.5,-30,0,1,0
132.55,-30,0,1,0
132.6,-30,0,1,0
132.65,-30,0,1,0
132.7,-30,0,1,0
132.75,-30,0,1,0
132.8,-30,0,1,0
132.85,-30,0,1,0
132.9,-30,0,1,0
132.95,-30,0,1,0
133,-30,0,1,0
133.05,-30,0,1,0
133.1,-30,0,1,0
133.15,-30,0,1,0
133.2,-30,0,1,0
133.25,-30,0,1,0
133.3,-30,0,1,0
133.35,-30,0,1,0
133.4,-30,0,1,0
133.45,-30,0,1,0
133.5,-30,0,1,0
133.55,-30,0,1,0
133.6,-30,0,1,0
133.65,-30,0,1,0
133.7,-30,0,1,0
133.75,-30,0,1,0
133.8,-30,0,1,0
133.85,-30,0,1,0
133.9,-30,0,1,0
133.95,-30,0,1,0
134,-30,0,1,0
134.05,-30,0,1,0
134.1,-30,0,1,0
134.15,-30,0,1,0
134.2,-30,0,1,0
134.25,-30,0,1,0
134.3,-30,0,1,0
134.35,-30,0,1,0
134.4,-30,0,1,0
134.45,-30,0,1,0
134.5,-30,0,1,0
134.55,-30,0,1,0
134.6,-30,0,1,0
134.65,-30,0,1,0
134.7,-30,0,1,0
134.75,-30,0,1,0
134.8,-30,0,1,0
134.85,-30,0,1,0
134.9,-30,0,1,0
134.95,-30,0,1,0
135,-30,0,1,0
135.05,-30,0,1,0
135.1,-30,0,1,0
135.15,-30,0,1,0
135.2,-30,0,1,0
135.25,-30,0,1,0
135.3,-30,0,1,0
135.35,-30,0,1,0
135.4,-30,0,1,0
135.45,-30,0,1,0
135.5,-30,0,1,0
135.55,-30,0,1,0
135.6,-30,0,1,0
135.65,-30,0,1,0
135.7,-30,0,1,0
135.75,-30,0,1,0
135.8,-30,0,1,0
135.85,-30,0,1,0
135.9,-30,0,1,0
135.95,-30,0,1,0
136,-30,0,1,0
136.05,-30,0,1,0
136.1,-30,0,1,0
136.15,-30,0,1,0
136.2,-30,0,1,0
136.25,-30,0,1,0
136.3,-30,0,1,0
136.35,-30,0,1,0
136.4,-30,0,1,0
136.45,-30,0,1,0
136.5,-30,0,1,0
136.55,-30,0,1,0
136.6,-30,0,1,0
136.65,-30,0,1,0
136.7,-30,0,1,0
136.75,-30,0,1,0
136.8,-30,0,1,0
136.85,-30,0,1,0
136.9,-30,0,1,0
136.95,-30,0,1,0
137,-30,0,1,0
137.05,-30,0,1,0
137.1,-30,0,1,0
137.15,-30,0,1,0
137.2,-30,0,1,0
137.25,-30,0,1,0
137.3,-30,0,1,0
137.35,-30,0,1,0
137.4,-30,0,1,0
137.45,-30,0,1,0
137.5,-30,0,1,0
137.55,-30,0,1,0
137.6,-30,0,1,0
137.65,-30,0,1,0
137.7,-30,0,1,0
137.75,-30,0,1,0
137.8,-30,0,1,0
137.85,-30,0,1,0
137.9,-30,0,1,0
137.95,-30,0,1,0
138,-30,0,1,0
138.05,-30,0,1,0
138.1,-30,0,1,0
138.15,-30,0,1,0
138.2,-30,0,1,0
138.25,-30,0,1,0
138.3,-30,0,1,0
138.35,-30,0,1,0
138.4,-30,0,1,0
138.45,-30,0,1,0
138.5,-30,0,1,0
138.55,-30,0,1,0
138.6,-30,0,1,0
138.65,-30,0,1,0
138.7,-30,0,1,0
138.75,-30,0,1,0
138.8,-30,0,1,0
138.85,-30,0,1,0
138.9,-30,0,1,0
138.95,-30,0,1,0
139,-30,0,1,0
139.05,-30,0,1,0
139.1,-30,0,1,0
139.15,-30,0,1,0
139.2,-30,0,1,0
139.25,-30,0,1,0
139.3,-30,0,1,0
139.35,-30,0,1,0
139.4,-30,0,1,0
139.45,-30,0,1,0
139.5,-30,0,1,0
139.55,-30,0,1,0
139.6,-30,0,1,0
139.65,-30,0,1,0
139.7,-30,0,1,0
139.75,-30,0,1,0
139.8,-30,0,1,0
139.85,-30,0,1,0
139.9,-30,0,1,0
139.95,-30,0,1,0
140,-30,0,1,0
140.05,-30,0,1,0
140.1,-30,0,1,0
140.15,-30,0,1,0
140.2,-30,0,1,0
140.25,-30,0,1,0
140.3,-30,0,1,0
140.35,-30,0,1,0
140.4,-30,0,1,0
140.45,-30,0,1,0
140.5,-30,0,1,0
140.55,-30,0,1,0
140.6,-30,0,1,0
140.65,-30,0,1,0
140.7,-30,0,1,0
140.75,-30,0,1,0
140.8,-30,0,1,0
140.85,-30,0,1,0
140.9,-30,0,1,0
140.95,-30,0,1,0
141,-30,0,1,0
141.05,-30,0,1,0
141.1,-30,0,1,0
141.15,-30,0,1,0
141.2,-30,0,1,0
141.25,-30,0,1,0
141.3,-30,0,1,0
141.35,-30,0,1,0
141.4,-30,0,1,0
141.45,-30,0,1,0
141.5,-30,0,1,0
141.55,-30,0,1,0
141.6,-30,0,1,0
141.65,-30,0,1,0
141.7,-30,0,1,0
141.75,-30,0,1,0
141.8,-30,0,1,0
141.85,-30,0,1,0
141.9,-30,0,1,0
141.95,-30,0,1,0
142,-30,0,1,0
142.05,-30,0,1,0
142.1,-30,0,1,0
142.15,-30,0,1,0
142.2,-30,0,1,0
142.25,-30,0,1,0
142.3,-30,0,1,0
142.35,-30,0,1,0
142.4,-30,0,1,0
142.45,-30,0,1,0
142.5,-30,0,1,0
142.55,-30,0,1,0
142.6,-30,0,1,0
142.65,-30,0,1,0
142.7,-30,0,1,0
142.75,-30,0,1,0
142.8,-30,0,1,0
142.85,-30,0,1,0
142.9,-30,0,1,0
142.95,-30,0,1,0
143,-30,0,1,0
143.05,-30,0,1,0
143.1,-30,0,1,0
143.15,-30,0,1,0
143.2,-30,0,1,0
143.25,-30,0,1,0
143.3,-30,0,1,0
143.35,-30,0,1,0
143.4,-30,0,1,0
143.45,-30,0,1,0
143.5,-30,0,1,0
143.55,-30,0,1,0
143.6,-30,0,1,0
143.65,-30,0,1,0
143.7,-30,0,1,0
143.75,-30,0,1,0
143.8,-30,0,1,0
143.85,-30,0,1,0
143.9,-30,0,1,0
143.95,-30,0,1,0
144,-30,0,1,0
144.05,-30,0,1,0
144.1,-30,0,1,0
144.15,-30,0,1,0
144.2,-30,0,1,0
144.25,-30,0,1,0
144.3,-30,0,1,0
144.35,-30,0,1,0
144.4,-30,0,1,0
144.45,-30,0,1,0
144.5,-30,0,1,0
144.55,-30,0,1,0
144.6,-30,0,1,0
144.65,-30,0,1,0
144.7,-30,0,1,0
144.75,-30,0,1,0
144.8,-30,0,1,0
144.85,-30,0,1,0
144.9,-30,0,1,0
144.95,-30,0,1,0
145,-30,0,1,0
145.05,-30,0,1,0
145.1,-30,0,1,0
145.15,-30,0,1,0
145.2,-30,0,1,0
145.25,-30,0,1,0
145.3,-30,0,1,0
145.35,-30,0,1,0
145.4,-30,0,1,0
145.45,-30,0,1,0
145.5,-30,0,1,0
145.55,-30,0,1,0
145.6,-30,0,1,0
145.65,-30,0,1,0
145.7,-30,0,1,0
145.75,-30,0,1,0
145.8,-30,0,1,0
145.85,-30,0,1,0
145.9,-30,0,1,0
145.95,-30,0,1,0
146,-30,0,1,0
146.05,-30,0,1,0
146.1,-30,0,1,0
146.15,-30,0,1,0
146.2,-30,0,1,0
146.25,-30,0,1,0
146.3,-30,0,1,0
146.35,-30,0,1,0
146.4,-30,0,1,0
146.45,-30,0,1,0
146.5,-30,0,1,0
146.55,-30,0,1,0
146.6,-30,0,1,0
146.65,-30,0,1,0
146.7,-30,0,1,0
146.75,-30,0,1,0
146.8,-30,0,1,0
146.85,-30,0,1,0
146.9,-30,0,1,0
146.95,-30,0,1,0
147,-30,0,1,0
147.05,-30,0,1,0
147.1,-30,0,1,0
147.15,-30,0,1,0
147.2,-30,0,1,0
147.25,-30,0,1,0
147.3,-30,0,1,0
147.35,-30,0,1,0
147.4,-30,0,1,0
147.45,-30,0,1,0
147.5,-30,0,1,0
147.55,-30,0,1,0
147.6,-30,0,1,0
147.65,-30,0,1,0
147.7,-30,0,1,0
147.75,-30,0,1,0
147.8,-30,0,1,0
147.85,-30,0,1,0
147.9,-30,0,1,0
147.95,-30,0,1,0
148,-30,0,1,0
148.05,-30,0,1,0
148.1,-30,0,1,0
148.15,-30,0,1,0
148.2,-30,0,1,0
148.25,-30,0,1,0
148.3,-30,0,1,0
148.35,-30,0,1,0
148.4,-30,0,1,0
148.45,-30,0,1,0
148.5,-30,0,1,0
148.55,-30,0,1,0
148.6,-30,0,1,0
148.65,-30,0,1,0
148.7,-30,0,1,0
148.75,-30,0,1,0
148.8,-30,0,1,0
148.85,-30,0,1,0
148.9,-30,0,1,0
148.95,-30,0,1,0
149,-30,0,1,0
149.05,-30,0,1,0
149.1,-30,0,1,0
149.15,-30,0,1,0
149.2,-30,0,1,0
149.25,-30,0,1,0
149.3,-30,0,1,0
149.35,-30,0,1,0
149.4,-30,0,1,0
149.45,-30,0,1,0
149.5,-30,0,1,0
149.55,-30,0,1,0
149.6,-30,0,1,0
149.65,-30,0,1,0
149.7,-30,0,1,0
149.75,-30,0,1,0
149.8,-30,0,1,0
149.85,-30,0,1,0
149.9,-30,0,1,0
149.95,-30,0,1,0
150,-30,0,1,0
150.05,-30,0,1,0
150.1,-30,0,1,0
150.15,-30,0,1,0
150.2,-30,0,1,0
150.25,-30,0,1,0
150.3,-30,0,1,0
150.35,-30,0,1,0
150.4,-30,0,1,0
150.45,-30,0,1,0
150.5,-30,0,1,0
150.55,-30,0,1,0
150.6,-30,0,1,0
150.65,-30,0,1,0
150.7,-30,0,1,0
150.75,-30,0,1,0
150.8,-30,0,1,0
150.85,-30,0,1,0
150.9,-30,0,1,0
150.95,-30,0,1,0
151,-30,0,1,0
151.05,-30,0,1,0
151.1,-30,0,1,0
151.15,-30,0,1,0
151.2,-30,0,1,0
151.25,-30,0,1,0
151.3,-30,0,1,0
151.35,-30,0,1,0
151.4,-30,0,1,0
151.45,-30,0,1,0
151.5,-30,0,1,0
151.55,-30,0,1,0
151.6,-30,0,1,0
151.65,-30,0,1,0
151.7,-30,0,1,0
151.75,-30,0,1,0
151.8,-30,0,1,0
151.85,-30,0,1,0
151.9,-30,0,1,0
151.95,-30,0,1,0
152,-30,0,1,0
152.05,-30,0,1,0
152.1,-30,0,1,0
152.15,-30,0,1,0
152.2,-30,0,1,0
152.25,-30,0,1,0
152.3,-30,0,1,0
152.35,-30,0,1,0
152.4,-30,0,1,0
152.45,-30,0,1,0
152.5,-30,0,1,0
152.55,-30,0,1,0
152.6,-30,0,1,0
152.65,-30,0,1,0
152.7,-30,0,1,0
152.75,-30,0,1,0
152.8,-30,0,1,0
152.85,-30,0,1,0
152.9,-30,0,1,0
152.95,-30,0,1,0
153,-30,0,1,0
153.05,-30,0,1,0
153.1,-30,0,1,0
153.15,-30,0,1,0
153.2,-30,0,1,0
153.25,-30,0,1,0
153.3,-30,0,1,0
153.35,-30,0,1,0
153.4,-30,0,1,0
153.45,-30,0,1,0
153.5,-30,0,1,0
153.55,-30,0,1,0
153.6,-30,0,1,0
153.65,-30,0,1,0
153.7,-30,0,1,0
153.75,-30,0,1,0
153.8,-30,0,1,0
153.85,-30,0,1,0
153.9,-30,0,1,0
153.95,-30,0,1,0
154,-30,0,1,0
154.05,-30,0,1,0
154.1,-30,0,1,0
154.15,-30,0,1,0
154.2,-30,0,1,0
154.25,-30,0,1,0
154.3,-30,0,1,0
154.35,-30,0,1,0
154.4,-30,0,1,0
154.45,-30,0,1,0
154.5,-30,0,1,0
154.55,-30,0,1,0
154.6,-30,0,1,0
154.65,-30,0,1,0
154.7,-30,0,1,0
154.75,-30,0,1,0
154.8,-30,0,1,0
154.85,-30,0,1,0
154.9,-30,0,1,0
154.95,-30,0,1,0
155,-30,0,1,0
155.05,-30,0,1,0
155.1,-30,0,1,0
155.15,-30,0,1,0
155.2,-30,0,1,0
155.25,-30,0,1,0
155.3,-30,0,1,0
155.35,-30,0,1,0
155.4,-30,0,1,0
155.45,-30,0,1,0
155.5,-30,0,1,0
155.55,-30,0,1,0
155.6,-30,0,1,0
155.65,-30,0,1,0
155.7,-30,0,1,0
155.75,-30,0,1,0
155.8,-30,0,1,0
155.85,-30,0,1,0
155.9,-30,0,1,0
155.95,-30,0,1,0
156,-30,0,1,0
156.05,-30,0,1,0
156.1,-30,0,1,0
156.15,-30,0,1,0
156.2,-30,0,1,0
156.25,-30,0,1,0
156.3,-30,0,1,0
156.35,-30,0,1,0
156.4,-30,0,1,0
156.45,-30,0,1,0
156.5,-30,0,1,0
156.55,-30,0,1,0
156.6,-30,0,1,0
156.65,-30,0,1,0
156.7,-30,0,1,0
156.75,-30,0,1,0
156.8,-30,0,1,0
156.85,-30,0,1,0
156.9,-30,0,1,0
156.95,-30,0,1,0
157,-30,0,1,0
157.05,-30,0,1,0
157.1,-30,0,1,0
157.15,-30,0,1,0
157.2,-30,0,1,0
157.25,-30,0,1,0
157.3,-30,0,1,0
157.35,-30,0,1,0
157.4,-30,0,1,0
157.45,-30,0,1,0
157.5,-30,0,1,0
157.55,-30,0,1,0
157.6,-30,0,1,0
157.65,-30,0,1,0
157.7,-30,0,1,0
157.75,-30,0,1,0
157.8,-30,0,1,0
157.85,-30,0,1,0
157.9,-30,0,1,0
157.95,-30,0,1,0
158,-30,0,1,0
158.05,-30,0,1,0
158.1,-30,0,1,0
158.15,-30,0,1,0
158.2,-30,0,1,0
158.25,-30,0,1,0
158.3,-30,0,1,0
158.35,-30,0,1,0
158.4,-30,0,1,0
158.45,-30,0,1,0
158.5,-30,0,1,0
158.55,-30,0,1,0
158.6,-30,0,1,0
158.65,-30,0,1,0
158.7,-30,0,1,0
158.75,-30,0,1,0
158.8,-30,0,1,0
158.85,-30,0,1,0
158.9,-30,0,1,0
158.95,-30,0,1,0
159,-30,0,1,0
159.05,-30,0,1,0
159.1,-30,0,1,0
159.15,-30,0,1,0
159.2,-30,0,1,0
159.25,-30,0,1,0
159.3,-30,0,1,0
159.35,-30,0,1,0
159.4,-30,0,1,0
159.45,-30,0,1,0
159.5,-30,0,1,0
159.55,-30,0,1,0
159.6,-30,0,1,0
159.65,-30,0,1,0
159.7,-30,0,1,0
159.75,-30,0,1,0
159.8,-30,0,1,0
159.85,-30,0,1,0
159.9,-30,0,1,0
159.95,-30,0,1,0
160,-30,0,1,0
160.05,-30,0,1,0
160.1,-30,0,1,0
160.15,-30,0,1,0
160.2,-30,0,1,0
160.25,-30,0,1,0
160.3,-30,0,1,0
160.35,-30,0,1,0
160.4,-30,0,1,0
160.45,-30,0,1,0
160.5,-30,0,1,0
160.55,-30,0,1,0
160.6,-30,0,1,0
160.65,-30,0,1,0
160.7,-30,0,1,0
160.75,-30,0,1,0
160.8,-30,0,1,0
160.85,-30,0,1,0
160.9,-30,0,1,0
160.95,-30,0,1,0
161,-30,0,1,0
161.05,-30,0,1,0
161.1,-30,0,1,0
161.15,-30,0,1,0
161.2,-30,0,1,0
161.25,-30,0,1,0
161.3,-30,0,1,0
161.35,-30,0,1,0
161.4,-30,0,1,0
161.45,-30,0,1,0
161.5,-30,0,1,0
161.55,-30,0,1,0
161.6,-30,0,1,0
161.65,-30,0,1,0
161.7,-30,0,1,0
161.75,-30,0,1,0
161.8,-30,0,1,0
161.85,-30,0,1,0
161.9,-30,0,1,0
161.95,-30,0,1,0
162,-30,0,1,0
162.05,-30,0,1,0
162.1,-30,0,1,0
162.15,-30,0,1,0
162.2,-30,0,1,0
162.25,-30,0,1,0
162.3,-30,0,1,0
162.35,-30,0,1,0
162.4,-30,0,1,0
162.45,-30,0,1,0
162.5,-30,0,1,0
162.55,-30,0,1,0
162.6,-30,0,1,0
162.65,-30,0,1,0
162.7,-30,0,1,0
162.75,-30,0,1,0
162.8,-30,0,1,0
162.85,-30,0,1,0
162.9,-30,0,1,0
162.95,-30,0,1,0
163,-30,0,1,0
163.05,-30,0,1,0
163.1,-30,0,1,0
163.15,-30,0,1,0
163.2,-30,0,1,0
163.25,-30,0,1,0
163.3,-30,0,1,0
163.35,-30,0,1,0
163.4,-30,0,1,0
163.45,-30,0,1,0
163.5,-30,0,1,0
163.55,-30,0,1,0
163.6,-30,0,1,0
163.65,-30,0,1,0
163.7,-30,0,1,0
163.75,-30,0,1,0
163.8,-30,0,1,0
163.85,-30,0,1,0
163.9,-30,0,1,0
163.95,-30,0,1,0
164,-30,0,1,0
164.05,-30,0,1,0
164.1,-30,0,1,0
164.15,-30,0,1,0
164.2,-30,0,1,0
164.25,-30,0,1,0
164.3,-30,0,1,0
164.35,-30,0,1,0
164.4,-30,0,1,0
164.45,-30,0,1,0
164.5,-30,0,1,0
164.55,-30,0,1,0
164.6,-30,0,1,0
164.65,-30,0,1,0
164.7,-30,0,1,0
164.75,-30,0,1,0
164.8,-30,0,1,0
164.85,-30,0,1,0
164.9,-30,0,1,0
164.95,-30,0,1,0
165,-30,0,1,0
165.05,-30,0,1,0
165.1,-30,0,1,0
165.15,-30,0,1,0
165.2,-30,0,1,0
165.25,-30,0,1,0
165.3,-30,0,1,0
165.35,-30,0,1,0
165.4,-30,0,1,0
165.45,-30,0,1,0
165.5,-30,0,1,0
165.55,-30,0,1,0
165.6,-30,0,1,0
165.65,-30,0,1,0
165.7,-30,0,1,0
165.75,-30,0,1,0
165.8,-30,0,1,0
165.85,-30,0,1,0
165.9,-30,0,1,0
165.95,-30,0,1,0
166,-30,0,1,0
166.05,-30,0,1,0
166.1,-30,0,1,0
166.15,-30,0,1,0
166.2,-30,0,1,0
166.25,-30,0,1,0
166.3,-30,0,1,0
166.35,-30,0,1,0
166.4,-30,0,1,0
166.45,-30,0,1,0
166.5,-30,0,1,0
166.55,-30,0,1,0
166.6,-30,0,1,0
166.65,-30,0,1,0
166.7,-30,0,1,0
166.75,-30,0,1,0
166.8,-30,0,1,0
166.85,-30,0,1,0
166.9,-30,0,1,0
166.95,-30,0,1,0
167,-30,0,1,0
167.05,-30,0,1,0
167.1,-30,0,1,0
167.15,-30,0,1,0
167.2,-30,0,1,0
167.25,-30,0,1,0
167.3,-30,0,1,0
167.35,-30,0,1,0
167.4,-30,0,1,0
167.45,-30,0,1,0
167.5,-30,0,1,0
167.55,-30,0,1,0
167.6,-30,0,1,0
167.65,-30,0,1,0
167.7,-30,0,1,0
167.75,-30,0,1,0
167.8,-30,0,1,0
167.85,-30,0,1,0
167.9,-30,0,1,0
167.95,-30,0,1,0
168,-30,0,1,0
168.05,-30,0,1,0
168.1,-30,0,1,0
168.15,-30,0,1,0
168.2,-30,0,1,0
168.25,-30,0,1,0
168.3,-30,0,1,0
168.35,-30,0,1,0
168.4,-30,0,1,0
168.45,-30,0,1,0
168.5,-30,0,1,0
168.55,-30,0,1,0
168.6,-30,0,1,0
168.65,-30,0,1,0
168.7,-30,0,1,0
168.75,-30,0,1,0
168.8,-30,0,1,0
168.85,-30,0,1,0
168.9,-30,0,1,0
168.95,-30,0,1,0
169,-30,0,1,0
169.05,-30,0,1,0
169.1,-30,0,1,0
169.15,-30,0,1,0
169.2,-30,0,1,0
169.25,-30,0,1,0
169.3,-30,0,1,0
169.35,-30,0,1,0
169.4,-30,0,1,0
169.45,-30,0,1,0
169.5,-30,0,1,0
169.55,-30,0,1,0
169.6,-30,0,1,0
169.65,-30,0,1,0
169.7,-30,0,1,0
169.75,-30,0,1,0
169.8,-30,0,1,0
169.85,-30,0,1,0
169.9,-30,0,1,0
169.95,-30,0,1,0
170,-30,0,1,0
170.05,-30,0,1,0
170.1,-30,0,1,0
170.15,-30,0,1,0
170.2,-30,0,1,0
170.25,-30,0,1,0
170.3,-30,0,1,0
170.35,-30,0,1,0
170.4,-30,0,1,0
170.45,-30,0,1,0
170.5,-30,0,1,0
170.55,-30,0,1,0
170.6,-30,0,1,0
170.65,-30,0,1,0
170.7,-30,0,1,0
170.75,-30,0,1,0
170.8,-30,0,1,0
170.85,-30,0,1,0
170.9,-30,0,1,0
170.95,-30,0,1,0
171,-30,0,1,0
171.05,-30,0,1,0
171.1,-30,0,1,0
171.15,-30,0,1,0
171.2,-30,0,1,0
171.25,-30,0,1,0
171.3,-30,0,1,0
171.35,-30,0,1,0
171.4,-30,0,1,0
171.45,-30,0,1,0
171.5,-30,0,1,0
171.55,-30,0,1,0
171.6,-30,0,1,0
171.65,-30,0,1,0
171.7,-30,0,1,0
171.75,-30,0,1,0
171.8,-30,0,1,0
171.85,-30,0,1,0
171.9,-30,0,1,0
171.95,-30,0,1,0
172,-30,0,1,0
172.05,-30,0,1,0
172.1,-30,0,1,0
172.15,-30,0,1,0
172.2,-30,0,1,0
172.25,-30,0,1,0
172.3,-30,0,1,0
172.35,-30,0,1,0
172.4,-30,0,1,0
172.45,-30,0,1,0
172.5,-30,0,1,0
172.55,-30,0,1,0
172.6,-30,0,1,0
172.65,-30,0,1,0
172.7,-30,0,1,0
172.75,-30,0,1,0
172.8,-30,0,1,0
172.85,-30,0,1,0
172.9,-30,0,1,0
172.95,-30,0,1,0
173,-30,0,1,0
173.05,-30,0,1,0
173.1,-30,0,1,0
173.15,-30,0,1,0
173.2,-30,0,1,0
173.25,-30,0,1,0
173.3,-30,0,1,0
173.35,-30,0,1,0
173.4,-30,0,1,0
173.45,-30,0,1,0
173.5,-30,0,1,0
173.55,-30,0,1,0
173.6,-30,0,1,0
173.65,-30,0,1,0
173.7,-30,0,1,0
173.75,-30,0,1,0
173.8,-30,0,1,0
173.85,-30,0,1,0
173.9,-30,0,1,0
173.95,-30,0,1,0
174,-30,0,1,0
174.05,-30,0,1,0
174.1,-30,0,1,0
174.15,-30,0,1,0
174.2,-30,0,1,0
174.25,-30,0,1,0
174.3,-30,0,1,0
174.35,-30,0,1,0
174.4,-30,0,1,0
174.45,-30,0,1,0
174.5,-30,0,1,0
174.55,-30,0,1,0
174.6,-30,0,1,0
174.65,-30,0,1,0
174.7,-30,0,1,0
174.75,-30,0,1,0
174.8,-30,0,1,0
174.85,-30,0,1,0
174.9,-30,0,1,0
174.95,-30,0,1,0
175,-30,0,1,0
175.05,-30,0,1,0
175.1,-30,0,1,0
175.15,-30,0,1,0
175.2,-30,0,1,0
175.25,-30,0,1,0
175.3,-30,0,1,0
175.35,-30,0,1,0
175.4,-30,0,1,0
175.45,-30,0,1,0
175.5,-30,0,1,0
175.55,-30,0,1,0
175.6,-30,0,1,0
175.65,-30,0,1,0
175.7,-30,0,1,0
175.75,-30,0,1,0
175.8,-30,0,1,0
175.85,-30,0,1,0
175.9,-30,0,1,0
175.95,-30,0,1,0
176,-30,0,1,0
176.05,-30,0,1,0
176.1,-30,0,1,0
176.15,-30,0,1,0
176.2,-30,0,1,0
176.25,-30,0,1,0
176.3,-30,0,1,0
176.35,-30,0,1,0
176.4,-30,0,1,0
176.45,-30,0,1,0
176.5,-30,0,1,0
176.55,-30,0,1,0
176.6,-30,0,1,0
176.65,-30,0,1,0
176.7,-30,0,1,0
176.75,-30,0,1,0
176.8,-30,0,1,0
176.85,-30,0,1,0
176.9,-30,0,1,0
176.95,-30,0,1,0
177,-30,0,1,0
177.05,-30,0,1,0
177.1,-30,0,1,0
177.15,-30,0,1,0
177.2,-30,0,1,0
177.25,-30,0,1,0
177.3,-30,0,1,0
177.35,-30,0,1,0
177.4,-30,0,1,0
177.45,-30,0,1,0
177.5,-30,0,1,0
177.55,-30,0,1,0
177.6,-30,0,1,0
177.65,-30,0,1,0
177.7,-30,0,1,0
177.75,-30,0,1,0
177.8,-30,0,1,0
177.85,-30,0,1,0
177.9,-30,0,1,0
177.95,-30,0,1,0
178,-30,0,1,0
178.05,-30,0,1,0
178.1,-30,0,1,0
178.15,-30,0,1,0
178.2,-30,0,1,0
178.25,-30,0,1,0
178.3,-30,0,1,0
178.35,-30,0,1,0
178.4,-30,0,1,0
178.45,-30,0,1,0
178.5,-30,0,1,0
178.55,-30,0,1,0
178.6,-30,0,1,0
178.65,-30,0,1,0
178.7,-30,0,1,0
178.75,-30,0,1,0
178.8,-30,0,1,0
178.85,-30,0,1,0
178.9,-30,0,1,0
178.95,-30,0,1,0
179,-30,0,1,0
179.05,-30,0,1,0
179.1,-30,0,1,0
179.15,-30,0,1,0
179.2,-30,0,1,0
179.25,-30,0,1,0
179.3,-30,0,1,0
179.35,-30,0,1,0
179.4,-30,0,1,0
179.45,-30,0,1,0
179.5,-30,0,1,0
179.55,-30,0,1,0
179.6,-30,0,1,0
179.65,-30,0,1,0
179.7,-30,0,1,0
179.75,-30,0,1,0
179.8,-30,0,1,0
179.85,-30,0,1,0
179.9,-30,0,1,0
179.95,-30,0,1,0
180,-30,0,1,0
180.05,-30,0,1,0
180.1,-30,0,1,0
180.15,-30,0,1,0
180.2,-30,0,1,0
180.25,-30,0,1,0
180.3,-30,0,1,0
180.35,-30,0,1,0
180.4,-30,0,1,0
180.45,-30,0,1,0
180.5,-30,0,1,0
180.55,-30,0,1,0
180.6,-30,0,1,0
180.65,-30,0,1,0
180.7,-30,0,1,0
180.75,-30,0,1,0
180.8,-30,0,1,0
180.85,-30,0,1,0
180.9,-30,0,1,0
180.95,-30,0,1,0
181,-30,0,1,0
181.05,-30,0,1,0
181.1,-30,0,1,0
181.15,-30,0,1,0
181.2,-30,0,1,0
181.25,-30,0,1,0
181.3,-30,0,1,0
181.35,-30,0,1,0
181.4,-30,0,1,0
181.45,-30,0,1,0
181.5,-30,0,1,0
181.55,-30,0,1,0
181.6,-30,0,1,0
181.65,-30,0,1,0
181.7,-30,0,1,0
181.75,-30,0,1,0
181.8,-30,0,1,0
181.85,-30,0,1,0
181.9,-30,0,1,0
181.95,-30,0,1,0
182,-30,0,1,0
182.05,-30,0,1,0
182.1,-30,0,1,0
182.15,-30,0,1,0
182.2,-30,0,1,0
182.25,-30,0,1,0
182.3,-30,0,1,0
182.35,-30,0,1,0
182.4,-30,0,1,0
182.45,-30,0,1,0
182.5,-30,0,1,0
182.55,-30,0,1,0
182.6,-30,0,1,0
182.65,-30,0,1,0
182.7,-30,0,1,0
182.75,-30,0,1,0
182.8,-30,0,1,0
182.85,-30,0,1,0
182.9,-30,0,1,0
182.95,-30,0,1,0
183,-30,0,1,0
183.05,-30,0,1,0
183.1,-30,0,1,0
183.15,-30,0,1,0
183.2,-30,0,1,0
183.25,-30,0,1,0
183.3,-30,0,1,0
183.35,-30,0,1,0
183.4,-30,0,1,0
183.45,-30,0,1,0
183.5,-30,0,1,0
183.55,-30,0,1,0
183.6,-30,0,1,0
183.65,-30,0,1,0
183.7,-30,0,1,0
183.75,-30,0,1,0
183.8,-30,0,1,0
183.85,-30,0,1,0
183.9,-30,0,1,0
183.95,-30,0,1,0
184,-30,0,1,0
184.05,-30,0,1,0
184.1,-30,0,1,0
184.15,-30,0,1,0
184.2,-30,0,1,0
184.25,-30,0,1,0
184.3,-30,0,1,0
184.35,-30,0,1,0
184.4,-30,0,1,0
184.45,-30,0,1,0
184.5,-30,0,1,0
184.55,-30,0,1,0
184.6,-30,0,1,0
184.65,-30,0,1,0
184.7,-30,0,1,0
184.75,-30,0,1,0
184.8,-30,0,1,0
184.85,-30,0,1,0
184.9,-30,0,1,0
184.95,-30,0,1,0
185,-30,0,1,0
185.05,-30,0,1,0
185.1,-30,0,1,0
185.15,-30,0,1,0
185.2,-30,0,1,0
185.25,-30,0,1,0
185.3,-30,0,1,0
185.35,-30,0,1,0
185.4,-30,0,1,0
185.45,-30,0,1,0
185.5,-30,0,1,0
185.55,-30,0,1,0
185.6,-30,0,1,0
185.65,-30,0,1,0
185.7,-30,0,1,0
185.75,-30,0,1,0
185.8,-30,0,1,0
185.85,-30,0,1,0
185.9,-30,0,1,0
185.95,-30,0,1,0
186,-30,0,1,0
186.05,-30,0,1,0
186.1,-30,0,1,0
186.15,-30,0,1,0
186.2,-30,0,1,0
186.25,-30,0,1,0
186.3,-30,0,1,0
186.35,-30,0,1,0
186.4,-30,0,1,0
186.45,-30,0,1,0
186.5,-30,0,1,0
186.55,-30,0,1,0
186.6,-30,0,1,0
186.65,-30,0,1,0
186.7,-30,0,1,0
186.75,-30,0,1,0
186.8,-30,0,1,0
186.85,-30,0,1,0
186.9,-30,0,1,0
186.95,-30,0,1,0
187,-30,0,1,0
187.05,-30,0,1,0
187.1,-30,0,1,0
187.15,-30,0,1,0
187.2,-30,0,1,0
187.25,-30,0,1,0
187.3,-30,0,1,0
187.35,-30,0,1,0
187.4,-30,0,1,0
187.45,-30,0,1,0
187.5,-30,0,1,0
187.55,-30,0,1,0
187.6,-30,0,1,0
187.65,-30,0,1,0
187.7,-30,0,1,0
187.75,-30,0,1,0
187.8,-30,0,1,0
187.85,-30,0,1,0
187.9,-30,0,1,0
187.95,-30,0,1,0
188,-30,0,1,0
188.05,-30,0,1,0
188.1,-30,0,1,0
188.15,-30,0,1,0
188.2,-30,0,1,0
188.25,-30,0,1,0
188.3,-30,0,1,0
188.35,-30,0,1,0
188.4,-30,0,1,0
188.45,-30,0,1,0
188.5,-30,0,1,0
188.55,-30,0,1,0
188.6,-30,0,1,0
188.65,-30,0,1,0
188.7,-30,0,1,0
188.75,-30,0,1,0
188.8,-30,0,1,0
188.85,-30,0,1,0
188.9,-30,0,1,0
188.95,-30,0,1,0
189,-30,0,1,0
189.05,-30,0,1,0
189.1,-30,0,1,0
189.15,-30,0,1,0
189.2,-30,0,1,0
189.25,-30,0,1,0
189.3,-30,0,1,0
189.35,-30,0,1,0
189.4,-30,0,1,0
189.45,-30,0,1,0
189.5,-30,0,1,0
189.55,-30,0,1,0
189.6,-30,0,1,0
189.65,-30,0,1,0
189.7,-30,0,1,0
189.75,-30,0,1,0
189.8,-30,0,1,0
189.85,-30,0,1,0
189.9,-30,0,1,0
189.95,-30,0,1,0
190,-30,0,1,0
190.05,-30,0,1,0
190.1,-30,0,1,0
190.15,-30,0,1,0
190.2,-30,0,1,0
190.25,-30,0,1,0
190.3,-30,0,1,0
190.35,-30,0,1,0
190.4,-30,0,1,0
190.45,-30,0,1,0
190.5,-30,0,1,0
190.55,-30,0,1,0
190.6,-30,0,1,0
190.65,-30,0,1,0
190.7,-30,0,1,0
190.75,-30,0,1,0
190.8,-30,0,1,0
190.85,-30,0,1,0
190.9,-30,0,1,0
190.95,-30,0,1,0
191,-30,0,1,0
191.05,-30,0,1,0
191.1,-30,0,1,0
191.15,-30,0,1,0
191.2,-30,0,1,0
191.25,-30,0,1,0
191.3,-30,0,1,0
191.35,-30,0,1,0
191.4,-30,0,1,0
191.45,-30,0,1,0
191.5,-30,0,1,0
191.55,-30,0,1,0
191.6,-30,0,1,0
191.65,-30,0,1,0
191.7,-30,0,1,0
191.75,-30,0,1,0
191.8,-30,0,1,0
191.85,-30,0,1,0
191.9,-30,0,1,0
191.95,-30,0,1,0
192,-30,0,1,0
192.05,-30,0,1,0
192.1,-30,0,1,0
192.15,-30,0,1,0
192.2,-30,0,1,0
192.25,-30,0,1,0
192.3,-30,0,1,0
192.35,-30,0,1,0
192.4,-30,0,1,0
192.45,-30,0,1,0
192.5,-30,0,1,0
192.55,-30,0,1,0
192.6,-30,0,1,0
192.65,-30,0,1,0
192.7,-30,0,1,0
192.75,-30,0,1,0
192.8,-30,0,1,0
192.85,-30,0,1,0
192.9,-30,0,1,0
192.95,-30,0,1,0
193,-30,0,1,0
193.05,-30,0,1,0
193.1,-30,0,1,0
193.15,-30,0,1,0
193.2,-30,0,1,0
193.25,-30,0,1,0
193.3,-30,0,1,0
193.35,-30,0,1,0
193.4,-30,0,1,0
193.45,-30,0,1,0
193.5,-30,0,1,0
193.55,-30,0,1,0
193.6,-30,0,1,0
193.65,-30,0,1,0
193.7,-30,0,1,0
193.75,-30,0,1,0
193.8,-30,0,1,0
193.85,-30,0,1,0
193.9,-30,0,1,0
193.95,-30,0,1,0
194,-30,0,1,0
194.05,-30,0,1,0
194.1,-30,0,1,0
194.15,-30,0,1,0
194.2,-30,0,1,0
194.25,-30,0,1,0
194.3,-30,0,1,0
194.35,-30,0,1,0
194.4,-30,0,1,0
194.45,-30,0,1,0
194.5,-30,0,1,0
194.55,-30,0,1,0
194.6,-30,0,1,0
194.65,-30,0,1,0
194.7,-30,0,1,0
194.75,-30,0,1,0
194.8,-30,0,1,0
194.85,-30,0,1,0
194.9,-30,0,1,0
194.95,-30,0,1,0
195,-30,0,1,0
195.05,-30,0,1,0
195.1,-30,0,1,0
195.15,-30,0,1,0
195.2,-30,0,1,0
195.25,-30,0,1,0
195.3,-30,0,1,0
195.35,-30,0,1,0
195.4,-30,0,1,0
195.45,-30,0,1,0
195.5,-30,0,1,0
195.55,-30,0,1,0
195.6,-30,0,1,0
195.65,-30,0,1,0
195.7,-30,0,1,0
195.75,-30,0,1,0
195.8,-30,0,1,0
195.85,-30,0,1,0
195.9,-30,0,1,0
195.95,-30,0,1,0
196,-30,0,1,0
196.05,-30,0,1,0
196.1,-30,0,1,0
196.15,-30,0,1,0
196.2,-30,0,1,0
196.25,-30,0,1,0
196.3,-30,0,1,0
196.35,-30,0,1,0
196.4,-30,0,1,0
196.45,-30,0,1,0
196.5,-30,0,1,0
196.55,-30,0,1,0
196.6,-30,0,1,0
196.65,-30,0,1,0
196.7,-30,0,1,0
196.75,-30,0,1,0
196.8,-30,0,1,0
196.85,-30,0,1,0
196.9,-30,0,1,0
196.95,-30,0,1,0
197,-30,0,1,0
197.05,-30,0,1,0
197.1,-30,0,1,0
197.15,-30,0,1,0
197.2,-30,0,1,0
197.25,-30,0,1,0
197.3,-30,0,1,0
197.35,-30,0,1,0
197.4,-30,0,1,0
197.45,-30,0,1,0
197.5,-30,0,1,0
197.55,-30,0,1,0
197.6,-30,0,1,0
197.65,-30,0,1,0
197.7,-30,0,1,0
197.75,-30,0,1,0
197.8,-30,0,1,0
197.85,-30,0,1,0
197.9,-30,0,1,0
197.95,-30,0,1,0
198,-30,0,1,0
198.05,-30,0,1,0
198.1,-30,0,1,0
198.15,-30,0,1,0
198.2,-30,0,1,0
198.25,-30,0,1,0
198.3,-30,0,1,0
198.35,-30,0,1,0
198.4,-30,0,1,0
198.45,-30,0,1,0
198.5,-30,0,1,0
198.55,-30,0,1,0
198.6,-30,0,1,0
198.65,-30,0,1,0
198.7,-30,0,1,0
198.75,-30,0,1,0
198.8,-30,0,1,0
198.85,-30,0,1,0
198.9,-30,0,1,0
198.95,-30,0,1,0
199,-30,0,1,0
199.05,-30,0,1,0
199.1,-30,0,1,0
199.15,-30,0,1,0
199.2,-30,0,1,0
199.25,-30,0,1,0
199.3,-30,0,1,0
199.35,-30,0,1,0
199.4,-30,0,1,0
199.45,-30,0,1,0
199.5,-30,0,1,0
199.55,-30,0,1,0
199.6,-30,0,1,0
199.65,-30,0,1,0
199.7,-30,0,1,0
199.75,-30,0,1,0
199.8,-30,0,1,0
199.85,-30,0,1,0
199.9,-30,0,1,0
199.95,-30,0,1,0
200,-30,0,1,0
200.05,-30,0,1,0
200.1,-30,0,1,0
200.15,-30,0,1,0
200.2,-30,0,1,0
200.25,-30,0,1,0
200.3,-30,0,1,0
200.35,-30,0,1,0
200.4,-30,0,1,0
200.45,-30,0,1,0
200.5,-30,0,1,0
200.55,-30,0,1,0
200.6,-30,0,1,0
200.65,-30,0,1,0
200.7,-30,0,1,0
200.75,-30,0,1,0
200.8,-30,0,1,0
200.85,-30,0,1,0
200.9,-30,0,1,0
200.95,-30,0,1,0
201,-30,0,1,0
201.05,-30,0,1,0
201.1,-30,0,1,0
201.15,-30,0,1,0
201.2,-30,0,1,0
201.25,-30,0,1,0
201.3,-30,0,1,0
201.35,-30,0,1,0
201.4,-30,0,1,0
201.45,-30,0,1,0
201.5,-30,0,1,0
201.55,-30,0,1,0
201.6,-30,0,1,0
201.65,-30,0,1,0
201.7,-30,0,1,0
201.75,-30,0,1,0
201.8,-30,0,1,0
201.85,-30,0,1,0
201.9,-30,0,1,0
201.95,-30,0,1,0
202,-30,0,1,0
202.05,-30,0,1,0
202.1,-30,0,1,0
202.15,-30,0,1,0
202.2,-30,0,1,0
202.25,-30,0,1,0
202.3,-30,0,1,0
202.35,-30,0,1,0
202.4,-30,0,1,0
202.45,-30,0,1,0
202.5,-30,0,1,0
202.55,-30,0,1,0
202.6,-30,0,1,0
202.65,-30,0,1,0
202.7,-30,0,1,0
202.75,-30,0,1,0
202.8,-30,0,1,0
202.85,-30,0,1,0
202.9,-30,0,1,0
202.95,-30,0,1,0
203,-30,0,1,0
203.05,-30,0,1,0
203.1,-30,0,1,0
203.15,-30,0,1,0
203.2,-30,0,1,0
203.25,-30,0,1,0
203.3,-30,0,1,0
203.35,-30,0,1,0
203.4,-30,0,1,0
203.45,-30,0,1,0
203.5,-30,0,1,0
203.55,-30,0,1,0
203.6,-30,0,1,0
203.65,-30,0,1,0
203.7,-30,0,1,0
203.75,-30,0,1,0
203.8,-30,0,1,0
203.85,-30,0,1,0
203.9,-30,0,1,0
203.95,-30,0,1,0
204,-30,0,1,0
204.05,-30,0,1,0
204.1,-30,0,1,0
204.15,-30,0,1,0
204.2,-30,0,1,0
204.25,-30,0,1,0
204.3,-30,0,1,0
204.35,-30,0,1,0
204.4,-30,0,1,0
204.45,-30,0,1,0
204.5,-30,0,1,0
204.55,-30,0,1,0
204.6,-30,0,1,0
204.65,-30,0,1,0
204.7,-30,0,1,0
204.75,-30,0,1,0
204.8,-30,0,1,0
204.85,-30,0,1,0
204.9,-30,0,1,0
204.95,-30,0,1,0
205,-30,0,1,0
205.05,-30,0,1,0
205.1,-30,0,1,0
205.15,-30,0,1,0
205.2,-30,0,1,0
205.25,-30,0,1,0
205.3,-30,0,1,0
205.35,-30,0,1,0
205.4,-30,0,1,0
205.45,-30,0,1,0
205.5,-30,0,1,0
205.55,-30,0,1,0
205.6,-30,0,1,0
205.65,-30,0,1,0
205.7,-30,0,1,0
205.75,-30,0,1,0
205.8,-30,0,1,0
205.85,-30,0,1,0
205.9,-30,0,1,0
205.95,-30,0,1,0
206,-30,0,1,0
206.05,-30,0,1,0
206.1,-30,0,1,0
206.15,-30,0,1,0
206.2,-30,0,1,0
206.25,-30,0,1,0
206.3,-30,0,1,0
206.35,-30,0,1,0
206.4,-30,0,1,0
206.45,-30,0,1,0
206.5,-30,0,1,0
206.55,-30,0,1,0
206.6,-30,0,1,0
206.65,-30,0,1,0
206.7,-30,0,1,0
206.75,-30,0,1,0
206.8,-30,0,1,0
206.85,-30,0,1,0
206.9,-30,0,1,0
206.95,-30,0,1,0
207,-30,0,1,0
207.05,-30,0,1,0
207.1,-30,0,1,0
207.15,-30,0,1,0
207.2,-30,0,1,0
207.25,-30,0,1,0
207.3,-30,0,1,0
207.35,-30,0,1,0
207.4,-30,0,1,0
207.45,-30,0,1,0
207.5,-30,0,1,0
207.55,-30,0,1,0
207.6,-30,0,1,0
207.65,-30,0,1,0
207.7,-30,0,1,0
207.75,-30,0,1,0
207.8,-30,0,1,0
207.85,-30,0,1,0
207.9,-30,0,1,0
207.95,-30,0,1,0
208,-30,0,1,0
208.05,-30,0,1,0
208.1,-30,0,1,0
208.15,-30,0,1,0
208.2,-30,0,1,0
208.25,-30,0,1,0
208.3,-30,0,1,0
208.35,-30,0,1,0
208.4,-30,0,1,0
208.45,-30,0,1,0
208.5,-30,0,1,0
208.55,-30,0,1,0
208.6,-30,0,1,0
208.65,-30,0,1,0
208.7,-30,0,1,0
208.75,-30,0,1,0
208.8,-30,0,1,0
208.85,-30,0,1,0
208.9,-30,0,1,0
208.95,-30,0,1,0
209,-30,0,1,0
209.05,-30,0,1,0
209.1,-30,0,1,0
209.15,-30,0,1,0
209.2,-30,0,1,0
209.25,-30,0,1,0
209.3,-30,0,1,0
209.35,-30,0,1,0
209.4,-30,0,1,0
209.45,-30,0,1,0
209.5,-30,0,1,0
209.55,-30,0,1,0
209.6,-30,0,1,0
209.65,-30,0,1,0
209.7,-30,0,1,0
209.75,-30,0,1,0
209.8,-30,0,1,0
209.85,-30,0,1,0
209.9,-30,0,1,0
209.95,-30,0,1,0
210,-30,0,1,0
210.05,-30,0,1,0
210.1,-30,0,1,0
210.15,-30,0,1,0
210.2,-30,0,1,0
210.25,-30,0,1,0
210.3,-30,0,1,0
210.35,-30,0,1,0
210.4,-30,0,1,0
210.45,-30,0,1,0
210.5,-30,0,1,0
210.55,-30,0,1,0
210.6,-30,0,1,0
210.65,-30,0,1,0
210.7,-30,0,1,0
210.75,-30,0,1,0
210.8,-30,0,1,0
210.85,-30,0,1,0
210.9,-30,0,1,0
210.95,-30,0,1,0
211,-30,0,1,0
211.05,-30,0,1,0
211.1,-30,0,1,0
211.15,-30,0,1,0
211.2,-30,0,1,0
211.25,-30,0,1,0
211.3,-30,0,1,0
211.35,-30,0,1,0
211.4,-30,0,1,0
211.45,-30,0,1,0
211.5,-30,0,1,0
211.55,-30,0,1,0
211.6,-30,0,1,0
211.65,-30,0,1,0
211.7,-30,0,1,0
211.75,-30,0,1,0
211.8,-30,0,1,0
211.85,-30,0,1,0
211.9,-30,0,1,0
211.95,-30,0,1,0
212,-30,0,1,0
212.05,-30,0,1,0
212.1,-30,0,1,0
212.15,-30,0,1,0
212.2,-30,0,1,0
212.25,-30,0,1,0
212.3,-30,0,1,0
212.35,-30,0,1,0
212.4,-30,0,1,0
212.45,-30,0,1,0
212.5,-30,0,1,0
212.55,-30,0,1,0
212.6,-30,0,1,0
212.65,-30,0,1,0
212.7,-30,0,1,0
212.75,-30,0,1,0
212.8,-30,0,1,0
212.85,-30,0,1,0
212.9,-30,0,1,0
212.95,-30,0,1,0
213,-30,0,1,0
213.05,-30,0,1,0
213.1,-30,0,1,0
213.15,-30,0,1,0
213.2,-30,0,1,0
213.25,-30,0,1,0
213.3,-30,0,1,0
213.35,-30,0,1,0
213.4,-30,0,1,0
213.45,-30,0,1,0
213.5,-30,0,1,0
213.55,-30,0,1,0
213.6,-30,0,1,0
213.65,-30,0,1,0
213.7,-30,0,1,0
213.75,-30,0,1,0
213.8,-30,0,1,0
213.85,-30,0,1,0
213.9,-30,0,1,0
213.95,-30,0,1,0
214,-30,0,1,0
214.05,-30,0,1,0
214.1,-30,0,1,0
214.15,-30,0,1,0
214.2,-30,0,1,0
214.25,-30,0,1,0
214.3,-30,0,1,0
214.35,-30,0,1,0
214.4,-30,0,1,0
214.45,-30,0,1,0
214.5,-30,0,1,0
214.55,-30,0,1,0
214.6,-30,0,1,0
214.65,-30,0,1,0
214.7,-30,0,1,0
214.75,-30,0,1,0
214.8,-30,0,1,0
214.85,-30,0,1,0
214.9,-30,0,1,0
214.95,-30,0,1,0
215,-30,0,1,0
215.05,-30,0,1,0
215.1,-30,0,1,0
215.15,-30,0,1,0
215.2,-30,0,1,0
215.25,-30,0,1,0
215.3,-30,0,1,0
215.35,-30,0,1,0
215.4,-30,0,1,0
215.45,-30,0,1,0
215.5,-30,0,1,0
215.55,-30,0,1,0
215.6,-30,0,1,0
215.65,-30,0,1,0
215.7,-30,0,1,0
215.75,-30,0,1,0
215.8,-30,0,1,0
215.85,-30,0,1,0
215.9,-30,0,1,0
215.95,-30,0,1,0
216,-30,0,1,0
216.05,-30,0,1,0
216.1,-30,0,1,0
216.15,-30,0,1,0
216.2,-30,0,1,0
216.25,-30,0,1,0
216.3,-30,0,1,0
216.35,-30,0,1,0
216.4,-30,0,1,0
216.45,-30,0,1,0
216.5,-30,0,1,0
216.55,-30,0,1,0
216.6,-30,0,1,0
216.65,-30,0,1,0
216.7,-30,0,1,0
216.75,-30,0,1,0
216.8,-30,0,1,0
216.85,-30,0,1,0
216.9,-30,0,1,0
216.95,-30,0,1,0
217,-30,0,1,0
217.05,-30,0,1,0
217.1,-30,0,1,0
217.15,-30,0,1,0
217.2,-30,0,1,0
217.25,-30,0,1,0
217.3,-30,0,1,0
217.35,-30,0,1,0
217.4,-30,0,1,0
217.45,-30,0,1,0
217.5,-30,0,1,0
217.55,-30,0,1,0
217.6,-30,0,1,0
217.65,-30,0,1,0
217.7,-30,0,1,0
217.75,-30,0,1,0
217.8,-30,0,1,0
217.85,-30,0,1,0
217.9,-30,0,1,0
217.95,-30,0,1,0
218,-30,0,1,0
218.05,-30,0,1,0
218.1,-30,0,1,0
218.15,-30,0,1,0
218.2,-30,0,1,0
218.25,-30,0,1,0
218.3,-30,0,1,0
218.35,-30,0,1,0
218.4,-30,0,1,0
218.45,-30,0,1,0
218.5,-30,0,1,0
218.55,-30,0,1,0
218.6,-30,0,1,0
218.65,-30,0,1,0
218.7,-30,0,1,0
218.75,-30,0,1,0
218.8,-30,0,1,0
218.85,-30,0,1,0
218.9,-30,0,1,0
218.95,-30,0,1,0
219,-30,0,1,0
219.05,-30,0,1,0
219.1,-30,0,1,0
219.15,-30,0,1,0
219.2,-30,0,1,0
219.25,-30,0,1,0
219.3,-30,0,1,0
219.35,-30,0,1,0
219.4,-30,0,1,0
219.45,-30,0,1,0
219.5,-30,0,1,0
219.55,-30,0,1,0
219.6,-30,0,1,0
219.65,-30,0,1,0
219.7,-30,0,1,0
219.75,-30,0,1,0
219.8,-30,0,1,0
219.85,-30,0,1,0
219.9,-30,0,1,0
219.95,-30,0,1,0
220,-30,0,1,0
220.05,-30,0,1,0
220.1,-30,0,1,0
220.15,-30,0,1,0
220.2,-30,0,1,0
220.25,-30,0,1,0
220.3,-30,0,1,0
220.35,-30,0,1,0
220.4,-30,0,1,0
220.45,-30,0,1,0
220.5,-30,0,1,0
220.55,-30,0,1,0
220.6,-30,0,1,0
220.65,-30,0,1,0
220.7,-30,0,1,0
220.75,-30,0,1,0
220.8,-30,0,1,0
220.85,-30,0,1,0
220.9,-30,0,1,0
220.95,-30,0,1,0
221,-30,0,1,0
221.05,-30,0,1,0
221.1,-30,0,1,0
221.15,-30,0,1,0
221.2,-30,0,1,0
221.25,-30,0,1,0
221.3,-30,0,1,0
221.35,-30,0,1,0
221.4,-30,0,1,0
221.45,-30,0,1,0
221.5,-30,0,1,0
221.55,-30,0,1,0
221.6,-30,0,1,0
221.65,-30,0,1,0
221.7,-30,0,1,0
221.75,-30,0,1,0
221.8,-30,0,1,0
221.85,-30,0,1,0
221.9,-30,0,1,0
221.95,-30,0,1,0
222,-30,0,1,0
222.05,-30,0,1,0
222.1,-30,0,1,0
222.15,-30,0,1,0
222.2,-30,0,1,0
222.25,-30,0,1,0
222.3,-30,0,1,0
222.35,-30,0,1,0
222.4,-30,0,1,0
222.45,-30,0,1,0
222.5,-30,0,1,0
222.55,-30,0,1,0
222.6,-30,0,1,0
222.65,-30,0,1,0
222.7,-30,0,1,0
222.75,-30,0,1,0
222.8,-30,0,1,0
222.85,-30,0,1,0
222.9,-30,0,1,0
222.95,-30,0,1,0
223,-30,0,1,0
223.05,-30,0,1,0
223.1,-30,0,1,0
223.15,-30,0,1,0
223.2,-30,0,1,0
223.25,-30,0,1,0
223.3,-30,0,1,0
223.35,-30,0,1,0
223.4,-30,0,1,0
223.45,-30,0,1,0
223.5,-30,0,1,0
223.55,-30,0,1,0
223.6,-30,0,1,0
223.65,-30,0,1,0
223.7,-30,0,1,0
223.75,-30,0,1,0
223.8,-30,0,1,0
223.85,-30,0,1,0
223.9,-30,0,1,0
223.95,-30,0,1,0
224,-30,0,1,0
224.05,-30,0,1,0
224.1,-30,0,1,0
224.15,-30,0,1,0
224.2,-30,0,1,0
224.25,-30,0,1,0
224.3,-30,0,1,0
224.35,-30,0,1,0
224.4,-30,0,1,0
224.45,-30,0,1,0
224.5,-30,0,1,0
224.55,-30,0,1,0
224.6,-30,0,1,0
224.65,-30,0,1,0
224.7,-30,0,1,0
224.75,-30,0,1,0
224.8,-30,0,1,0
224.85,-30,0,1,0
224.9,-30,0,1,0
224.95,-30,0,1,0
225,-30,0,1,0
225.05,-30,0,1,0
225.1,-30,0,1,0
225.15,-30,0,1,0
225.2,-30,0,1,0
225.25,-30,0,1,0
225.3,-30,0,1,0
225.35,-30,0,1,0
225.4,-30,0,1,0
225.45,-30,0,1,0
225.5,-30,0,1,0
225.55,-30,0,1,0
225.6,-30,0,1,0
225.65,-30,0,1,0
225.7,-30,0,1,0
225.75,-30,0,1,0
225.8,-30,0,1,0
225.85,-30,0,1,0
225.9,-30,0,1,0
225.95,-30,0,1,0
226,-30,0,1,0
226.05,-30,0,1,0
226.1,-30,0,1,0
226.15,-30,0,1,0
226.2,-30,0,1,0
226.25,-30,0,1,0
226.3,-30,0,1,0
226.35,-30,0,1,0
226.4,-30,0,1,0
226.45,-30,0,1,0
226.5,-30,0,1,0
226.55,-30,0,1,0
226.6,-30,0,1,0
226.65,-30,0,1,0
226.7,-30,0,1,0
226.75,-30,0,1,0
226.8,-30,0,1,0
226.85,-30,0,1,0
226.9,-30,0,1,0
226.95,-30,0,1,0
227,-30,0,1,0
227.05,-30,0,1,0
227.1,-30,0,1,0
227.15,-30,0,1,0
227.2,-30,0,1,0
227.25,-30,0,1,0
227.3,-30,0,1,0
227.35,-30,0,1,0
227.4,-30,0,1,0
227.45,-30,0,1,0
227.5,-30,0,1,0
227.55,-30,0,1,0
227.6,-30,0,1,0
227.65,-30,0,1,0
227.7,-30,0,1,0
227.75,-30,0,1,0
227.8,-30,0,1,0
227.85,-30,0,1,0
227.9,-30,0,1,0
227.95,-30,0,1,0
228,-30,0,1,0
228.05,-30,0,1,0
228.1,-30,0,1,0
228.15,-30,0,1,0
228.2,-30,0,1,0
228.25,-30,0,1,0
228.3,-30,0,1,0
228.35,-30,0,1,0
228.4,-30,0,1,0
228.45,-30,0,1,0
228.5,-30,0,1,0
228.55,-30,0,1,0
228.6,-30,0,1,0
228.65,-30,0,1,0
228.7,-30,0,1,0
228.75,-30,0,1,0
228.8,-30,0,1,0
228.85,-30,0,1,0
228.9,-30,0,1,0
228.95,-30,0,1,0
229,-30,0,1,0
229.05,-30,0,1,0
229.1,-30,0,1,0
229.15,-30,0,1,0
229.2,-30,0,1,0
229.25,-30,0,1,0
229.3,-30,0,1,0
229.35,-30,0,1,0
229.4,-30,0,1,0
229.45,-30,0,1,0
229.5,-30,0,1,0
229.55,-30,0,1,0
229.6,-30,0,1,0
229.65,-30,0,1,0
229.7,-30,0,1,0
229.75,-30,0,1,0
229.8,-30,0,1,0
229.85,-30,0,1,0
229.9,-30,0,1,0
229.95,-30,0,1,0
230,-30,0,1,0
230.05,-30,0,1,0
230.1,-30,0,1,0
230.15,-30,0,1,0
230.2,-30,0,1,0
230.25,-30,0,1,0
230.3,-30,0,1,0
230.35,-30,0,1,0
230.4,-30,0,1,0
230.45,-30,0,1,0
230.5,-30,0,1,0
230.55,-30,0,1,0
230.6,-30,0,1,0
230.65,-30,0,1,0
230.7,-30,0,1,0
230.75,-30,0,1,0
230.8,-30,0,1,0
230.85,-30,0,1,0
230.9,-30,0,1,0
230.95,-30,0,1,0
231,-30,0,1,0
231.05,-30,0,1,0
231.1,-30,0,1,0
231.15,-30,0,1,0
231.2,-30,0,1,0
231.25,-30,0,1,0
231.3,-30,0,1,0
231.35,-30,0,1,0
231.4,-30,0,1,0
231.45,-30,0,1,0
231.5,-30,0,1,0
231.55,-30,0,1,0
231.6,-30,0,1,0
231.65,-30,0,1,0
231.7,-30,0,1,0
231.75,-30,0,1,0
231.8,-30,0,1,0
231.85,-30,0,1,0
231.9,-30,0,1,0
231.95,-30,0,1,0
232,-30,0,1,0
232.05,-30,0,1,0
232.1,-30,0,1,0
232.15,-30,0,1,0
232.2,-30,0,1,0
232.25,-30,0,1,0
232.3,-30,0,1,0
232.35,-30,0,1,0
232.4,-30,0,1,0
232.45,-30,0,1,0
232.5,-30,0,1,0
232.55,-30,0,1,0
232.6,-30,0,1,0
232.65,-30,0,1,0
232.7,-30,0,1,0
232.75,-30,0,1,0
232.8,-30,0,1,0
232.85,-30,0,1,0
232.9,-30,0,1,0
232.95,-30,0,1,0
233,-30,0,1,0
233.05,-30,0,1,0
233.1,-30,0,1,0
233.15,-30,0,1,0
233.2,-30,0,1,0
233.25,-30,0,1,0
233.3,-30,0,1,0
233.35,-30,0,1,0
233.4,-30,0,1,0
233.45,-30,0,1,0
233.5,-30,0,1,0
233.55,-30,0,1,0
233.6,-30,0,1,0
233.65,-30,0,1,0
233.7,-30,0,1,0
233.75,-30,0,1,0
233.8,-30,0,1,0
233.85,-30,0,1,0
233.9,-30,0,1,0
233.95,-30,0,1,0
234,-30,0,1,0
234.05,-30,0,1,0
234.1,-30,0,1,0
234.15,-30,0,1,0
234.2,-30,0,1,0
234.25,-30,0,1,0
234.3,-30,0,1,0
234.35,-30,0,1,0
234.4,-30,0,1,0
234.45,-30,0,1,0
234.5,-30,0,1,0
234.55,-30,0,1,0
234.6,-30,0,1,0
234.65,-30,0,1,0
234.7,-30,0,1,0
234.75,-30,0,1,0
234.8,-30,0,1,0
234.85,-30,0,1,0
234.9,-30,0,1,0
234.95,-30,0,1,0
235,-30,0,1,0
235.05,-30,0,1,0
235.1,-30,0,1,0
235.15,-30,0,1,0
235.2,-30,0,1,0
235.25,-30,0,1,0
235.3,-30,0,1,0
235.35,-30,0,1,0
235.4,-30,0,1,0
235.45,-30,0,1,0
235.5,-30,0,1,0
235.55,-30,0,1,0
235.6,-30,0,1,0
235.65,-30,0,1,0
235.7,-30,0,1,0
235.75,-30,0,1,0
235.8,-30,0,1,0
235.85,-30,0,1,0
235.9,-30,0,1,0
235.95,-30,0,1,0
236,-30,0,1,0
236.05,-30,0,1,0
236.1,-30,0,1,0
236.15,-30,0,1,0
236.2,-30,0,1,0
236.25,-30,0,1,0
236.3,-30,0,1,0
236.35,-30,0,1,0
236.4,-30,0,1,0
236.45,-30,0,1,0
236.5,-30,0,1,0
236.55,-30,0,1,0
236.6,-30,0,1,0
236.65,-30,0,1,0
236.7,-30,0,1,0
236.75,-30,0,1,0
236.8,-30,0,1,0
236.85,-30,0,1,0
236.9,-30,0,1,0
236.95,-30,0,1,0
237,-30,0,1,0
237.05,-30,0,1,0
237.1,-30,0,1,0
237.15,-30,0,1,0
237.2,-30,0,1,0
237.25,-30,0,1,0
237.3,-30,0,1,0
237.35,-30,0,1,0
237.4,-30,0,1,0
237.45,-30,0,1,0
237.5,-30,0,1,0
237.55,-30,0,1,0
237.6,-30,0,1,0
237.65,-30,0,1,0
237.7,-30,0,1,0
237.75,-30,0,1,0
237.8,-30,0,1,0
237.85,-30,0,1,0
237.9,-30,0,1,0
237.95,-30,0,1,0
238,-30,0,1,0
238.05,-30,0,1,0
238.1,-30,0,1,0
238.15,-30,0,1,0
238.2,-30,0,1,0
238.25,-30,0,1,0
238.3,-30,0,1,0
238.35,-30,0,1,0
238.4,-30,0,1,0
238.45,-30,0,1,0
238.5,-30,0,1,0
238.55,-30,0,1,0
238.6,-30,0,1,0
238.65,-30,0,1,0
238.7,-30,0,1,0
238.75,-30,0,1,0
238.8,-30,0,1,0
238.85,-30,0,1,0
238.9,-30,0,1,0
238.95,-30,0,1,0
239,-30,0,1,0
239.05,-30,0,1,0
239.1,-30,0,1,0
239.15,-30,0,1,0
239.2,-30,0,1,0
239.25,-30,0,1,0
239.3,-30,0,1,0
239.35,-30,0,1,0
239.4,-30,0,1,0
239.45,-30,0,1,0
239.5,-30,0,1,0
239.55,-30,0,1,0
239.6,-30,0,1,0
239.65,-30,0,1,0
239.7,-30,0,1,0
239.75,-30,0,1,0
239.8,-30,0,1,0
239.85,-30,0,1,0
239.9,-30,0,1,0
239.95,-30,0,1,0
240,-30,0,1,0
