0.05,-0.00344499,4.99785,-0.847998,-0.529999
0.1,-0.162621,5.03941,-0.991616,0.129218
0.15,-0.308587,5.08762,-0.984481,0.175488
0.2,-0.396247,5.1191,-0.992574,0.121643
0.25,-0.47722,5.14495,-0.996981,0.07764
0.3,-0.556561,5.167,-0.99907,0.0431271
0.35,-0.634367,5.18549,-0.999954,0.00959221
0.4,-0.710733,5.20064,-0.999739,-0.0228345
0.45,-0.785745,5.21265,-0.998538,-0.0540493
0.5,-0.859487,5.2217,-0.996468,-0.0839748
0.55,-0.932034,5.22799,-0.993645,-0.112558
0.6,-1.00346,5.23169,-0.990184,-0.139768
0.65,-1.07383,5.23295,-0.986194,-0.165595
0.7,-1.14322,5.23191,-0.981775,-0.190044
0.75,-1.21167,5.22873,-0.977022,-0.213137
0.8,-1.27925,5.22354,-0.972019,-0.234904
0.85,-1.34601,5.21645,-0.966839,-0.255387
0.9,-1.412,5.20758,-0.961549,-0.274633
0.95,-1.47727,5.19705,-0.956206,-0.292694
1,-1.54186,5.18495,-0.950858,-0.309626
1.05,-1.60581,5.17139,-0.945547,-0.325486
1.1,-1.66916,5.15644,-0.940306,-0.340331
1.15,-1.73195,5.1402,-0.935163,-0.354218
1.2,-1.79421,5.12274,-0.930141,-0.367203
1.25,-1.85597,5.10414,-0.925257,-0.379341
1.3,-1.91726,5.08447,-0.920525,-0.390684
1.35,-1.97812,5.0638,-0.915955,-0.401282
1.4,-2.03857,5.04218,-0.911553,-0.411183
1.45,-2.09863,5.01967,-0.907324,-0.420432
1.5,-2.15832,4.99634,-0.90327,-0.429072
1.55,-2.21768,4.97222,-0.899391,-0.437144
1.6,-2.27671,4.94737,-0.895687,-0.444686
1.65,-2.33544,4.92183,-0.892154,-0.451732
1.7,-2.39389,4.89565,-0.888789,-0.458316
1.75,-2.45208,4.86886,-0.885589,-0.464469
1.8,-2.51001,4.84151,-0.882549,-0.470221
1.85,-2.56771,4.81361,-0.879663,-0.475597
1.9,-2.62519,4.78522,-0.876927,-0.480624
1.95,-2.68246,4.75636,-0.874334,-0.485325
2,-2.73954,4.72705,-0.871879,-0.489722
2.05,-2.79644,4.69733,-0.869556,-0.493834
2.1,-2.85316,4.66722,-0.86736,-0.497682
2.15,-2.90973,4.63674,-0.865284,-0.501282
2.2,-2.96614,4.60593,-0.863323,-0.504651
2.25,-3.02241,4.57479,-0.861472,-0.507805
2.3,-3.07855,4.54334,-0.859725,-0.510757
2.35,-3.13456,4.51162,-0.858077,-0.513522
2.4,-3.19045,4.47962,-0.856522,-0.51611
2.45,-3.24624,4.44738,-0.855057,-0.518535
2.5,-3.30192,4.4149,-0.853676,-0.520805
2.55,-3.3575,4.3822,-0.852374,-0.522932
2.6,-3.41299,4.3493,-0.851148,-0.524925
2.65,-3.46839,4.3162,-0.849994,-0.526793
2.7,-3.52372,4.28292,-0.848907,-0.528543
2.75,-3.57896,4.24947,-0.847883,-0.530183
2.8,-3.63414,4.21585,-0.84692,-0.53172
2.85,-3.68925,4.18209,-0.846014,-0.533161
2.9,-3.74429,4.14818,-0.845161,-0.534513
2.95,-3.79928,4.11414,-0.844358,-0.535779
3,-3.85421,4.07998,-0.843603,-0.536967
3.05,-3.90909,4.0457,-0.842893,-0.538081
3.1,-3.96392,4.01131,-0.842226,-0.539125
3.15,-4.0187,3.97682,-0.841598,-0.540105
3.2,-4.07344,3.94222,-0.841008,-0.541023
3.25,-4.12814,3.90754,-0.840453,-0.541885
3.3,-4.1828,3.87278,-0.839931,-0.542693
3.35,-4.23743,3.83793,-0.83944,-0.543452
3.4,-4.29202,3.80301,-0.838979,-0.544163
3.45,-4.34658,3.76801,-0.838546,-0.544831
3.5,-4.40111,3.73295,-0.838139,-0.545457
3.55,-4.45561,3.69783,-0.837756,-0.546045
3.6,-4.51009,3.66265,-0.837397,-0.546596
3.65,-4.56454,3.62742,-0.837059,-0.547113
3.7,-4.61897,3.59213,-0.836741,-0.547599
3.75,-4.67338,3.55679,-0.836443,-0.548054
3.8,-4.72776,3.52141,-0.836162,-0.548482
3.85,-4.78213,3.48599,-0.835899,-0.548883
3.9,-4.83648,3.45053,-0.835652,-0.54926
3.95,-4.89081,3.41503,-0.835419,-0.549613
4,-4.94513,3.37949,-0.835201,-0.549945
4.05,-4.99943,3.34392,-0.834996,-0.550257
4.1,-5.05371,3.30832,-0.834803,-0.550549
4.15,-5.10799,3.27269,-0.834622,-0.550823
4.2,-5.16225,3.23704,-0.834452,-0.551081
4.25,-5.2165,3.20135,-0.834292,-0.551323
4.3,-5.27074,3.16565,-0.834142,-0.551549
4.35,-5.32497,3.12992,-0.834001,-0.551763
4.4,-5.37918,3.09417,-0.833869,-0.551962
4.45,-5.43339,3.0584,-0.833745,-0.55215
4.5,-5.48759,3.02261,-0.833628,-0.552326
4.55,-5.54179,2.9868,-0.833518,-0.552492
4.6,-5.59597,2.95098,-0.833415,-0.552647
4.65,-5.65015,2.91514,-0.833319,-0.552793
4.7,-5.70432,2.87928,-0.833228,-0.55293
4.75,-5.75849,2.84342,-0.833142,-0.553059
4.8,-5.81265,2.80754,-0.833062,-0.553179
4.85,-5.8668,2.77165,-0.832987,-0.553293
4.9,-5.92095,2.73574,-0.832916,-0.553399
4.95,-5.9751,2.69983,-0.83285,-0.553499
5,-6.02924,2.6639,-0.832788,-0.553593
5.05,-6.08337,2.62797,-0.832729,-0.553681
5.1,-6.1375,2.59203,-0.832674,-0.553763
5.15,-6.19163,2.55608,-0.832622,-0.553841
5.2,-6.24575,2.52012,-0.832574,-0.553914
5.25,-6.29987,2.48415,-0.832528,-0.553982
5.3,-6.35399,2.44818,-0.832486,-0.554047
5.35,-6.40811,2.4122,-0.832446,-0.554107
5.4,-6.46222,2.37622,-0.832408,-0.554163
5.45,-6.51633,2.34023,-0.832372,-0.554217
5.5,-6.57043,2.30423,-0.832339,-0.554267
5.55,-6.62454,2.26823,-0.832308,-0.554314
5.6,-6.67864,2.23223,-0.832279,-0.554358
5.65,-6.73274,2.19622,-0.832251,-0.554399
5.7,-6.78684,2.1602,-0.832225,-0.554438
5.75,-6.84094,2.12418,-0.832201,-0.554474
5.8,-6.89503,2.08816,-0.832178,-0.554508
5.85,-6.94912,2.05214,-0.832157,-0.554541
5.9,-7.00322,2.01611,-0.832137,-0.554571
5.95,-7.05731,1.98008,-0.832118,-0.554599
6,-7.1114,1.94404,-0.8321,-0.554626
6.05,-7.16548,1.90801,-0.832083,-0.554651
6.1,-7.21957,1.87197,-0.832068,-0.554674
6.15,-7.27366,1.83593,-0.832053,-0.554696
6.2,-7.32774,1.79988,-0.832039,-0.554717
6.25,-7.38182,1.76384,-0.832026,-0.554736
6.3,-7.43591,1.72779,-0.832014,-0.554755
6.35,-7.48999,1.69174,-0.832003,-0.554772
6.4,-7.54407,1.65569,-0.831992,-0.554788
6.45,-7.59815,1.61964,-0.831982,-0.554803
6.5,-7.65223,1.58358,-0.831972,-0.554817
6.55,-7.70631,1.54753,-0.831963,-0.55483
6.6,-7.76039,1.51147,-0.831955,-0.554843
6.65,-7.81447,1.47541,-0.831947,-0.554855
6.7,-7.86854,1.43935,-0.83194,-0.554866
6.75,-7.92262,1.40329,-0.831933,-0.554876
6.8,-7.9767,1.36723,-0.831926,-0.554886
6.85,-8.03077,1.33117,-0.83192,-0.554895
6.9,-8.08485,1.29511,-0.831915,-0.554904
6.95,-8.13892,1.25904,-0.831909,-0.554912
7,-8.193,1.22298,-0.831904,-0.554919
7.05,-8.24707,1.18691,-0.831899,-0.554926
7.1,-8.30114,1.15084,-0.831895,-0.554933
7.15,-8.35522,1.11478,-0.831891,-0.554939
7.2,-8.40929,1.07871,-0.831887,-0.554945
7.25,-8.46336,1.04264,-0.831883,-0.554951
7.3,-8.51744,1.00657,-0.83188,-0.554956
7.35,-8.57151,0.970503,-0.831877,-0.554961
7.4,-8.62558,0.934433,-0.831873,-0.554965
7.45,-8.67965,0.898362,-0.831871,-0.55497
7.5,-8.73373,0.862292,-0.831868,-0.554974
7.55,-8.7878,0.82622,-0.831865,-0.554978
7.6,-8.84187,0.790149,-0.831863,-0.554981
7.65,-8.89594,0.754077,-0.831861,-0.554985
7.7,-8.95001,0.718005,-0.831859,-0.554988
7.75,-9.00408,0.681932,-0.831857,-0.554991
7.8,-9.05815,0.645859,-0.831855,-0.554993
7.85,-9.11222,0.609786,-0.831853,-0.554996
7.9,-9.16629,0.573713,-0.831851,-0.554998
7.95,-9.22036,0.537639,-0.83185,-0.555001
8,-9.27444,0.501565,-0.831849,-0.555003
8.05,-9.32851,0.465491,-0.831847,-0.555005
8.1,-9.38258,0.429417,-0.831846,-0.555007
8.15,-9.43665,0.393343,-0.831845,-0.555009
8.2,-9.49072,0.357268,-0.831844,-0.55501
8.25,-9.54479,0.321193,-0.831843,-0.555012
8.3,-9.59886,0.285118,-0.831842,-0.555013
8.35,-9.65293,0.249043,-0.831841,-0.555015
8.4,-9.707,0.212968,-0.83184,-0.555016
8.45,-9.76106,0.176893,-0.831839,-0.555017
8.5,-9.81513,0.140817,-0.831838,-0.555018
8.55,-9.8692,0.104742,-0.831837,-0.555019
8.6,-9.92327,0.0686659,-0.831837,-0.55502
8.65,-9.97734,0.0325901,-0.831836,-0.555021
8.7,-10.0314,-0.00348578,-0.831836,-0.555022
8.75,-10.0855,-0.0395618,-0.831835,-0.555023
8.8,-10.1396,-0.0756378,-0.831834,-0.555024
8.85,-10.1936,-0.111714,-0.831834,-0.555025
8.9,-10.2477,-0.14779,-0.831833,-0.555025
8.95,-10.3018,-0.183866,-0.831833,-0.555026
9,-10.3558,-0.219943,-0.831833,-0.555027
9.05,-10.4099,-0.256019,-0.831832,-0.555027
9.1,-10.464,-0.292096,-0.831832,-0.555028
9.15,-10.518,-0.328172,-0.831831,-0.555028
9.2,-10.5721,-0.364249,-0.831831,-0.555029
9.25,-10.6262,-0.400325,-0.831831,-0.555029
9.3,-10.6802,-0.436402,-0.831831,-0.55503
9.35,-10.7343,-0.472479,-0.83183,-0.55503
9.4,-10.7884,-0.508556,-0.83183,-0.55503
9.45,-10.8425,-0.544632,-0.83183,-0.555031
9.5,-10.8965,-0.580709,-0.83183,-0.555031
9.55,-10.9506,-0.616786,-0.831829,-0.555031
9.6,-11.0047,-0.652863,-0.831829,-0.555032
9.65,-11.0587,-0.68894,-0.831829,-0.555032
9.7,-11.1128,-0.725017,-0.831829,-0.555032
9.75,-11.1669,-0.761094,-0.831829,-0.555032
9.8,-11.2209,-0.797171,-0.831829,-0.555033
9.85,-11.275,-0.833248,-0.831828,-0.555033
9.9,-11.3291,-0.869325,-0.831828,-0.555033
9.95,-11.3831,-0.905402,-0.831828,-0.555033
10,-11.4372,-0.941479,-0.831828,-0.555033
10.05,-11.4913,-0.977556,-0.831828,-0.555034
10.1,-11.5453,-1.01363,-0.831828,-0.555034
10.15,-11.5994,-1.04971,-0.831828,-0.555034
10.2,-11.6535,-1.08579,-0.831828,-0.555034
10.25,-11.7075,-1.12186,-0.831828,-0.555034
10.3,-11.7616,-1.15794,-0.831827,-0.555034
10.35,-11.8157,-1.19402,-0.831827,-0.555034
10.4,-11.8698,-1.2301,-0.831827,-0.555034
10.45,-11.9238,-1.26617,-0.831827,-0.555035
10.5,-11.9779,-1.30225,-0.831827,-0.555035
10.55,-12.032,-1.33833,-0.831827,-0.555035
10.6,-12.086,-1.3744,-0.831827,-0.555035
10.65,-12.1401,-1.41048,-0.831827,-0.555035
10.7,-12.1942,-1.44656,-0.831827,-0.555035
10.75,-12.2482,-1.48264,-0.831827,-0.555035
10.8,-12.3023,-1.51871,-0.831827,-0.555035
10.85,-12.3564,-1.55479,-0.831827,-0.555035
10.9,-12.4104,-1.59087,-0.831827,-0.555035
10.95,-12.4645,-1.62695,-0.831827,-0.555035
11,-12.5186,-1.66302,-0.831827,-0.555035
11.05,-12.5726,-1.6991,-0.831827,-0.555035
11.1,-12.6267,-1.73518,-0.831827,-0.555035
11.15,-12.6808,-1.77125,-0.831827,-0.555035
11.2,-12.7349,-1.80733,-0.831827,-0.555035
11.25,-12.7889,-1.84341,-0.831827,-0.555035
11.3,-12.843,-1.87949,-0.831827,-0.555035
11.35,-12.8971,-1.91556,-0.831827,-0.555035
11.4,-12.9511,-1.95164,-0.831827,-0.555035
11.45,-13.0052,-1.98772,-0.831827,-0.555035
11.5,-13.0593,-2.0238,-0.831827,-0.555036
11.55,-13.1133,-2.05987,-0.831827,-0.555036
11.6,-13.1674,-2.09595,-0.831827,-0.555036
11.65,-13.2215,-2.13203,-0.831827,-0.555036
11.7,-13.2755,-2.1681,-0.831827,-0.555036
11.75,-13.3296,-2.20418,-0.831827,-0.555036
11.8,-13.3837,-2.24026,-0.831827,-0.555036
11.85,-13.4377,-2.27634,-0.831827,-0.555036
11.9,-13.4918,-2.31241,-0.831827,-0.555036
11.95,-13.5459,-2.34849,-0.831827,-0.555036
12,-13.5999,-2.38457,-0.831827,-0.555036
12.05,-13.654,-2.42065,-0.831827,-0.555036
12.1,-13.7081,-2.45672,-0.831827,-0.555036
12.15,-13.7622,-2.4928,-0.831827,-0.555036
12.2,-13.8162,-2.52888,-0.831827,-0.555036
12.25,-13.8703,-2.56495,-0.831827,-0.555036
12.3,-13.9244,-2.60103,-0.831827,-0.555036
12.35,-13.9784,-2.63711,-0.831827,-0.555036
12.4,-14.0325,-2.67319,-0.831827,-0.555036
12.45,-14.0866,-2.70926,-0.831827,-0.555036
12.5,-14.1406,-2.74534,-0.831827,-0.555036
12.55,-14.1947,-2.78142,-0.831827,-0.555036
12.6,-14.2488,-2.8175,-0.831827,-0.555036
12.65,-14.3028,-2.85357,-0.831827,-0.555036
12.7,-14.3569,-2.88965,-0.831827,-0.555036
12.75,-14.411,-2.92573,-0.831827,-0.555036
12.8,-14.465,-2.9618,-0.831827,-0.555036
12.85,-14.5191,-2.99788,-0.831827,-0.555036
12.9,-14.5732,-3.03396,-0.831827,-0.555036
12.95,-14.6273,-3.07004,-0.831827,-0.555036
13,-14.6813,-3.10611,-0.831827,-0.555036
13.05,-14.7354,-3.14219,-0.831827,-0.555036
13.1,-14.7895,-3.17827,-0.831827,-0.555036
13.15,-14.8435,-3.21434,-0.831827,-0.555036
13.2,-14.8976,-3.25042,-0.831827,-0.555036
13.25,-14.9517,-3.2865,-0.831827,-0.555036
13.3,-15.0057,-3.32258,-0.831827,-0.555036
13.35,-15.0598,-3.35865,-0.831827,-0.555036
13.4,-15.1139,-3.39473,-0.831827,-0.555036
13.45,-15.1679,-3.43081,-0.831827,-0.555036
13.5,-15.222,-3.46689,-0.831827,-0.555036
13.55,-15.2761,-3.50296,-0.831827,-0.555036
13.6,-15.3301,-3.53904,-0.831827,-0.555036
13.65,-15.3842,-3.57512,-0.831827,-0.555036
13.7,-15.4383,-3.61119,-0.831827,-0.555036
13.75,-15.4923,-3.64727,-0.831827,-0.555036
13.8,-15.5464,-3.68335,-0.831827,-0.555036
13.85,-15.6005,-3.71943,-0.831827,-0.555036
13.9,-15.6546,-3.7555,-0.831827,-0.555036
13.95,-15.7086,-3.79158,-0.831827,-0.555036
14,-15.7627,-3.82766,-0.831827,-0.555036
14.05,-15.8168,-3.86374,-0.831827,-0.555036
14.1,-15.8708,-3.89981,-0.831827,-0.555036
14.15,-15.9249,-3.93589,-0.831827,-0.555036
14.2,-15.979,-3.97197,-0.831827,-0.555036
14.25,-16.033,-4.00804,-0.831827,-0.555036
14.3,-16.0871,-4.04412,-0.831827,-0.555036
14.35,-16.1412,-4.0802,-0.831827,-0.555036
14.4,-16.1952,-4.11628,-0.831827,-0.555036
14.45,-16.2493,-4.15235,-0.831827,-0.555036
14.5,-16.3034,-4.18843,-0.831827,-0.555036
14.55,-16.3575,-4.22451,-0.831827,-0.555036
14.6,-16.4115,-4.26059,-0.831827,-0.555036
14.65,-16.4656,-4.29666,-0.831827,-0.555036
14.7,-16.5197,-4.33274,-0.831827,-0.555036
14.75,-16.5737,-4.36882,-0.831827,-0.555036
14.8,-16.6278,-4.4049,-0.831827,-0.555036
14.85,-16.6819,-4.44097,-0.831827,-0.555036
14.9,-16.7359,-4.47705,-0.831826,-0.555036
14.95,-16.79,-4.51313,-0.831826,-0.555036
15,-16.8441,-4.54921,-0.831826,-0.555036
15.05,-16.8981,-4.58528,-0.831826,-0.555036
15.1,-16.9522,-4.62136,-0.831826,-0.555036
15.15,-17.0063,-4.65744,-0.831826,-0.555036
15.2,-17.0604,-4.69352,-0.831826,-0.555036
15.25,-17.1144,-4.72959,-0.831826,-0.555036
15.3,-17.1685,-4.76567,-0.831826,-0.555036
15.35,-17.2226,-4.80175,-0.831826,-0.555036
15.4,-17.2766,-4.83783,-0.831826,-0.555036
15.45,-17.3307,-4.8739,-0.831826,-0.555036
15.5,-17.3848,-4.90998,-0.831826,-0.555036
15.55,-17.4388,-4.94606,-0.831826,-0.555036
15.6,-17.4929,-4.98214,-0.831826,-0.555036
15.65,-17.547,-5.01821,-0.831826,-0.555036
15.7,-17.601,-5.05429,-0.831826,-0.555036
15.75,-17.6551,-5.09037,-0.831826,-0.555036
15.8,-17.7092,-5.12645,-0.831826,-0.555036
15.85,-17.7633,-5.16252,-0.831826,-0.555036
15.9,-17.8173,-5.1986,-0.831826,-0.555036
15.95,-17.8714,-5.23468,-0.831826,-0.555036
16,-17.9255,-5.27076,-0.831826,-0.555036
16.05,-17.9795,-5.30683,-0.831826,-0.555036
16.1,-18.0336,-5.34291,-0.831826,-0.555036
16.15,-18.0877,-5.37899,-0.831826,-0.555036
16.2,-18.1417,-5.41507,-0.831826,-0.555036
16.25,-18.1958,-5.45114,-0.831826,-0.555036
16.3,-18.2499,-5.48722,-0.831826,-0.555036
16.35,-18.304,-5.5233,-0.831826,-0.555036
16.4,-18.358,-5.55938,-0.831826,-0.555036
16.45,-18.4121,-5.59545,-0.831826,-0.555036
16.5,-18.4662,-5.63153,-0.831826,-0.555036
16.55,-18.5202,-5.66761,-0.831826,-0.555036
16.6,-18.5743,-5.70369,-0.831826,-0.555036
16.65,-18.6284,-5.73976,-0.831826,-0.555036
16.7,-18.6824,-5.77584,-0.831826,-0.555036
16.75,-18.7365,-5.81192,-0.831826,-0.555036
16.8,-18.7906,-5.848,-0.831826,-0.555036
16.85,-18.8446,-5.88407,-0.831826,-0.555036
16.9,-18.8987,-5.92015,-0.831826,-0.555036
16.95,-18.9528,-5.95623,-0.831826,-0.555036
17,-19.0069,-5.99231,-0.831826,-0.555036
17.05,-19.0609,-6.02838,-0.831826,-0.555036
17.1,-19.115,-6.06446,-0.831826,-0.555036
17.15,-19.1691,-6.10054,-0.831826,-0.555036
17.2,-19.2231,-6.13662,-0.831826,-0.555036
17.25,-19.2772,-6.17269,-0.831826,-0.555036
17.3,-19.327,-6.20877,-0.817632,-0.575741
17.35,-19.3651,-6.24485,-0.768944,-0.639316
17.4,-19.3861,-6.28092,-0.664543,-0.74725
17.45,-19.388,-6.317,-0.471581,-0.881823
17.5,-19.3716,-6.35306,-0.193285,-0.981143
17.55,-19.3406,-6.38911,0.0721822,-0.997391
17.6,-19.3007,-6.42515,0.229158,-0.973389
17.65,-19.2589,-6.46115,0.263345,-0.964702
17.7,-19.2216,-6.49713,0.183324,-0.983052
17.75,-19.1901,-6.53308,0.0790115,-0.996874
17.8,-19.164,-6.56898,-0.0216676,-0.999765
17.85,-19.1429,-6.60485,-0.115908,-0.99326
17.9,-19.1266,-6.64066,-0.201919,-0.979402
17.95,-19.1147,-6.67643,-0.278893,-0.960322
18,-19.1069,-6.71214,-0.346812,-0.937935
18.05,-19.1031,-6.74781,-0.406173,-0.913796
18.1,-19.103,-6.78342,-0.457763,-0.889074
18.15,-19.1063,-6.81898,-0.502477,-0.864591
18.2,-19.1128,-6.85448,-0.541214,-0.840885
18.25,-19.1224,-6.88993,-0.574807,-0.818289
18.3,-19.1347,-6.92532,-0.604004,-0.796981
18.35,-19.1498,-6.96066,-0.629452,-0.777039
18.4,-19.1674,-6.99594,-0.651706,-0.758471
18.45,-19.1873,-7.03117,-0.671237,-0.741243
18.5,-19.2094,-7.06634,-0.68844,-0.725293
18.55,-19.2336,-7.10147,-0.703648,-0.710549
18.6,-19.2597,-7.13654,-0.71714,-0.696929
18.65,-19.2862,-7.17156,-0.719602,-0.694387
18.7,-19.3087,-7.20653,-0.694035,-0.719942
18.75,-19.3242,-7.24145,-0.637947,-0.77008
18.8,-19.3305,-7.27632,-0.547758,-0.836637
18.85,-19.3274,-7.31114,-0.427229,-0.904143
18.9,-19.3158,-7.34592,-0.296966,-0.954888
18.95,-19.2981,-7.38063,-0.190748,-0.981639
19,-19.2775,-7.4153,-0.136958,-0.990577
19.05,-19.2573,-7.4499,-0.146634,-0.989191
19.1,-19.2408,-7.48445,-0.213962,-0.976842
19.15,-19.2287,-7.51893,-0.294398,-0.955683
19.2,-19.2209,-7.55335,-0.364908,-0.931044
19.25,-19.2171,-7.58771,-0.426093,-0.90468
19.3,-19.217,-7.622,-0.478876,-0.877883
19.35,-19.2204,-7.65623,-0.524295,-0.851537
19.4,-19.227,-7.69039,-0.563371,-0.826204
19.45,-19.2368,-7.72449,-0.597043,-0.802209
19.5,-19.2494,-7.75853,-0.626134,-0.779716
19.55,-19.2648,-7.7925,-0.651352,-0.758776
19.6,-19.2803,-7.82641,-0.654155,-0.756361
19.65,-19.2937,-7.86026,-0.635315,-0.772253
19.7,-19.3029,-7.89405,-0.595653,-0.803242
19.75,-19.3068,-7.92778,-0.537108,-0.843514
19.8,-19.3051,-7.96144,-0.465713,-0.884936
19.85,-19.2983,-7.99505,-0.39343,-0.919354
19.9,-19.288,-8.02859,-0.335928,-0.941888
19.95,-19.2759,-8.06207,-0.306667,-0.951817
20,-19.264,-8.09549,-0.311688,-0.950185
20.05,-19.2542,-8.12883,-0.347944,-0.937515
20.1,-19.2479,-8.16212,-0.404909,-0.914357
20.15,-19.2455,-8.19533,-0.463984,-0.885843
20.2,-19.2468,-8.22848,-0.514546,-0.857463
20.25,-19.2515,-8.26156,-0.557767,-0.829997
20.3,-19.2592,-8.29457,-0.592242,-0.80576
20.35,-19.2686,-8.32752,-0.609939,-0.792448
20.4,-19.278,-8.3604,-0.611349,-0.791361
20.45,-19.286,-8.39322,-0.597539,-0.80184
20.5,-19.2914,-8.42597,-0.570169,-0.821528
20.55,-19.2935,-8.45865,-0.532227,-0.846601
20.6,-19.2923,-8.49127,-0.488872,-0.872355
20.65,-19.2881,-8.52383,-0.447465,-0.894302
20.7,-19.2817,-8.55632,-0.416152,-0.909295
20.75,-19.2744,-8.58874,-0.4014,-0.915903
20.8,-19.2672,-8.62109,-0.405839,-0.913944
20.85,-19.2614,-8.65338,-0.42754,-0.903996
20.9,-19.2577,-8.6856,-0.460876,-0.887465
20.95,-19.2566,-8.71775,-0.498569,-0.86685
21,-19.2581,-8.74984,-0.533893,-0.845552
21.05,-19.2619,-8.78185,-0.562046,-0.827106
21.1,-19.2671,-8.8138,-0.58039,-0.814339
21.15,-19.2729,-8.84568,-0.587974,-0.80888
21.2,-19.2783,-8.87749,-0.584967,-0.811057
21.25,-19.2825,-8.90924,-0.57239,-0.819982
21.3,-19.283,-8.94005,-0.532916,-0.846168
21.35,-19.278,-8.96982,-0.466224,-0.884667
21.4,-19.2686,-8.99909,-0.39691,-0.917858
21.45,-19.2575,-9.02842,-0.368081,-0.929794
21.5,-19.2489,-9.05804,-0.409613,-0.91226
21.55,-19.2445,-9.08769,-0.476213,-0.87933
21.6,-19.2439,-9.11739,-0.532079,-0.846694
21.65,-19.2469,-9.14711,-0.578896,-0.815401
21.7,-19.2533,-9.17686,-0.618207,-0.786015
21.75,-19.263,-9.20663,-0.651345,-0.758782
21.8,-19.2756,-9.23642,-0.679419,-0.733751
21.85,-19.2911,-9.26621,-0.703336,-0.710858
21.9,-19.3092,-9.29601,-0.723829,-0.689979
21.95,-19.3298,-9.32582,-0.741492,-0.670962
22,-19.3527,-9.35563,-0.756801,-0.653646
22.05,-19.3777,-9.38543,-0.770142,-0.637873
22.1,-19.4049,-9.41524,-0.781827,-0.623495
22.15,-19.4339,-9.44503,-0.792113,-0.610374
22.2,-19.4647,-9.47482,-0.801208,-0.598386
22.25,-19.4973,-9.5046,-0.809284,-0.587417
22.3,-19.5314,-9.53437,-0.816484,-0.577369
22.35,-19.567,-9.56413,-0.822925,-0.56815
22.4,-19.604,-9.59388,-0.828708,-0.559681
22.45,-19.6423,-9.62362,-0.833917,-0.55189
22.5,-19.6818,-9.65334,-0.838622,-0.544714
22.55,-19.7225,-9.68304,-0.842883,-0.538096
22.6,-19.7642,-9.71274,-0.846753,-0.531986
22.65,-19.807,-9.74241,-0.850275,-0.526338
22.7,-19.8507,-9.77207,-0.853488,-0.521113
22.75,-19.8953,-9.80172,-0.856425,-0.516272
22.8,-19.9407,-9.83136,-0.859114,-0.511785
22.85,-19.987,-9.86097,-0.861581,-0.50762
22.9,-20.0339,-9.89057,-0.863848,-0.503753
22.95,-20.0816,-9.92016,-0.865934,-0.500159
23,-20.1299,-9.94973,-0.867856,-0.496816
23.05,-20.1788,-9.97929,-0.86963,-0.493704
23.1,-20.2282,-10.0088,-0.871269,-0.490806
23.15,-20.2782,-10.0384,-0.872785,-0.488105
23.2,-20.3287,-10.0679,-0.874189,-0.485586
23.25,-20.3797,-10.0974,-0.87549,-0.483236
23.3,-20.4311,-10.1269,-0.876697,-0.481043
23.35,-20.483,-10.1563,-0.877818,-0.478995
23.4,-20.5352,-10.1858,-0.878859,-0.477081
23.45,-20.5878,-10.2153,-0.879828,-0.475292
23.5,-20.6407,-10.2447,-0.88073,-0.473619
23.55,-20.6939,-10.2741,-0.881569,-0.472055
23.6,-20.7475,-10.3035,-0.882352,-0.470591
23.65,-20.8013,-10.3329,-0.883081,-0.46922
23.7,-20.8554,-10.3623,-0.883762,-0.467937
23.75,-20.9097,-10.3917,-0.884397,-0.466735
23.8,-20.9643,-10.4211,-0.88499,-0.465609
23.85,-21.0191,-10.4504,-0.885545,-0.464554
23.9,-21.0741,-10.4798,-0.886063,-0.463565
23.95,-21.1293,-10.5091,-0.886547,-0.462638
24,-21.1846,-10.5385,-0.887,-0.461769
24.05,-21.2402,-10.5678,-0.887424,-0.460954
24.1,-21.2958,-10.5971,-0.887821,-0.460189
24.15,-21.3517,-10.6264,-0.888192,-0.459472
24.2,-21.4077,-10.6557,-0.88854,-0.458798
24.25,-21.4638,-10.685,-0.888866,-0.458167
24.3,-21.52,-10.7143,-0.889172,-0.457573
24.35,-21.5764,-10.7436,-0.889458,-0.457017
24.4,-21.6328,-10.7729,-0.889727,-0.456494
24.45,-21.6894,-10.8022,-0.889978,-0.456003
24.5,-21.746,-10.8314,-0.890214,-0.455542
24.55,-21.8028,-10.8607,-0.890436,-0.455109
24.6,-21.8596,-10.8899,-0.890643,-0.454702
24.65,-21.9165,-10.9192,-0.890838,-0.45432
24.7,-21.9735,-10.9484,-0.891021,-0.453962
24.75,-22.0306,-10.9777,-0.891193,-0.453624
24.8,-22.0877,-11.0069,-0.891354,-0.453307
24.85,-22.1449,-11.0361,-0.891505,-0.45301
24.9,-22.2021,-11.0654,-0.891648,-0.45273
24.95,-22.2594,-11.0946,-0.891781,-0.452467
25,-22.3167,-11.1238,-0.891907,-0.45222
25.05,-22.3741,-11.153,-0.892024,-0.451988
25.1,-22.4315,-11.1822,-0.892135,-0.451769
25.15,-22.489,-11.2114,-0.892239,-0.451564
25.2,-22.5465,-11.2406,-0.892336,-0.451371
25.25,-22.6041,-11.2698,-0.892428,-0.451189
25.3,-22.6616,-11.2959,-0.905181,-0.425027
25.35,-22.7192,-11.3151,-0.93203,-0.362382
25.4,-22.7769,-11.3246,-0.963247,-0.268617
25.45,-22.8346,-11.3238,-0.987625,-0.156832
25.5,-22.8922,-11.3133,-0.998848,-0.0479932
25.55,-22.9499,-11.2954,-0.999331,0.0365821
25.6,-23.0077,-11.2734,-0.996532,0.0832165
25.65,-23.0654,-11.2509,-0.996186,0.0872569
25.7,-23.1231,-11.2316,-0.998713,0.0507251
25.75,-23.1808,-11.2154,-0.999896,0.0144615
25.8,-23.2385,-11.2021,-0.999806,-0.0197118
25.85,-23.2962,-11.1914,-0.998657,-0.0518062
25.9,-23.3539,-11.1834,-0.996644,-0.0818639
25.95,-23.4116,-11.1777,-0.993937,-0.10995
26,-23.4693,-11.1743,-0.990689,-0.136147
26.05,-23.5269,-11.1731,-0.987028,-0.160546
26.1,-23.5845,-11.1738,-0.983067,-0.183248
26.15,-23.6421,-11.1764,-0.978897,-0.204354
26.2,-23.6997,-11.1808,-0.974597,-0.223966
26.25,-23.7572,-11.1868,-0.97023,-0.242184
26.3,-23.8148,-11.1944,-0.965849,-0.259105
26.35,-23.8722,-11.2035,-0.961496,-0.27482
26.4,-23.9297,-11.2139,-0.957203,-0.289417
26.45,-23.9872,-11.2256,-0.952998,-0.302978
26.5,-24.0446,-11.2386,-0.948899,-0.31558
26.55,-24.1019,-11.2527,-0.944922,-0.327295
26.6,-24.1593,-11.2674,-0.942537,-0.334101
26.65,-24.2166,-11.2805,-0.948139,-0.317855
26.7,-24.2739,-11.29,-0.959532,-0.281601
26.75,-24.3312,-11.2945,-0.973002,-0.230797
26.8,-24.3885,-11.2939,-0.984829,-0.17353
26.85,-24.4457,-11.2883,-0.992829,-0.119545
26.9,-24.5029,-11.2792,-0.996947,-0.0780804
26.95,-24.56,-11.268,-0.998448,-0.0556925
27,-24.6171,-11.2567,-0.998479,-0.0551382
27.05,-24.6742,-11.2471,-0.997162,-0.0752863
27.1,-24.7312,-11.2401,-0.994331,-0.106326
27.15,-24.7882,-11.2355,-0.990807,-0.135283
27.2,-24.8452,-11.2333,-0.98675,-0.162247
27.25,-24.9021,-11.2333,-0.982299,-0.18732
27.3,-24.959,-11.2352,-0.97757,-0.210611
27.35,-25.0158,-11.2392,-0.972661,-0.23223
27.4,-25.0726,-11.2449,-0.967652,-0.252287
27.45,-25.1293,-11.2523,-0.96261,-0.270891
27.5,-25.186,-11.2609,-0.958691,-0.28445
27.55,-25.2426,-11.2694,-0.959094,-0.283087
27.6,-25.2993,-11.2764,-0.963423,-0.267985
27.65,-25.3558,-11.2809,-0.970274,-0.242008
27.7,-25.4123,-11.2823,-0.977804,-0.20952
27.75,-25.4688,-11.2807,-0.984401,-0.175937
27.8,-25.5252,-11.2765,-0.989157,-0.14686
27.85,-25.5816,-11.2705,-0.991903,-0.127
27.9,-25.6379,-11.2638,-0.99286,-0.119288
27.95,-25.6942,-11.2575,-0.992231,-0.124413
28,-25.7504,-11.2525,-0.990031,-0.140848
28.05,-25.8066,-11.2495,-0.986251,-0.165253
28.1,-25.8627,-11.2489,-0.981327,-0.192345
28.15,-25.9188,-11.2504,-0.976064,-0.217483
28.2,-25.9748,-11.254,-0.970758,-0.240061
28.25,-26.0308,-11.2588,-0.966929,-0.255047
28.3,-26.0867,-11.2641,-0.965361,-0.260918
28.35,-26.1425,-11.269,-0.966267,-0.257544
28.4,-26.1983,-11.2729,-0.969253,-0.246065
28.45,-26.2541,-11.2751,-0.973495,-0.22871
28.5,-26.3098,-11.2754,-0.978018,-0.20852
28.55,-26.3654,-11.2739,-0.981994,-0.188914
28.6,-26.421,-11.2709,-0.984899,-0.173132
28.65,-26.4765,-11.2671,-0.986516,-0.163665
28.7,-26.532,-11.263,-0.986818,-0.161837
28.75,-26.5874,-11.2594,-0.985852,-0.16762
28.8,-26.6427,-11.2568,-0.983718,-0.179722
28.85,-26.698,-11.2554,-0.980626,-0.195891
28.9,-26.7533,-11.2556,-0.976967,-0.213392
28.95,-26.8084,-11.2571,-0.973308,-0.229504
29,-26.8635,-11.2596,-0.970283,-0.241973
29.05,-26.9186,-11.2628,-0.968428,-0.249295
29.1,-26.9736,-11.266,-0.968028,-0.250843
29.15,-27.0285,-11.2687,-0.969048,-0.246873
29.2,-27.0833,-11.2707,-0.971161,-0.238424
29.25,-27.1381,-11.2715,-0.973858,-0.227157
29.3,-27.1929,-11.2713,-0.976593,-0.215095
29.35,-27.2475,-11.27,-0.978905,-0.204314
29.4,-27.3021,-11.2679,-0.980483,-0.196603
29.45,-27.3567,-11.2655,-0.981165,-0.193171
29.5,-27.4111,-11.2632,-0.980909,-0.194465
29.55,-27.4655,-11.2612,-0.979769,-0.20013
29.6,-27.5199,-11.2599,-0.97789,-0.209119
29.65,-27.5742,-11.2595,-0.975517,-0.219923
29.7,-27.6283,-11.26,-0.972988,-0.230855
29.75,-27.6825,-11.2612,-0.970688,-0.240344
29.8,-27.7365,-11.263,-0.968973,-0.247167
29.85,-27.7905,-11.2649,-0.968091,-0.250599
29.9,-27.8444,-11.2668,-0.968123,-0.250476
29.95,-27.8983,-11.2683,-0.968971,-0.247172
30,-27.9521,-11.2692,-0.970395,-0.241523
30.05,-28.0058,-11.2695,-0.972073,-0.234678
30.1,-28.0594,-11.2691,-0.97368,-0.227919
30.15,-28.113,-11.2681,-0.974943,-0.222457
30.2,-28.1665,-11.2668,-0.975671,-0.21924
30.25,-28.2199,-11.2653,-0.975768,-0.218806
30.3,-28.2732,-11.264,-0.975225,-0.221214
30.35,-28.3265,-11.263,-0.974114,-0.226059
30.4,-28.3797,-11.2624,-0.972579,-0.232574
30.45,-28.4328,-11.2624,-0.970827,-0.23978
30.5,-28.4858,-11.2629,-0.969103,-0.246658
30.55,-28.5388,-11.2638,-0.967645,-0.252316
30.6,-28.5916,-11.265,-0.966645,-0.256118
30.65,-28.6444,-11.2662,-0.96621,-0.257755
30.7,-28.6971,-11.2673,-0.966341,-0.257266
30.75,-28.7498,-11.2681,-0.966937,-0.255013
30.8,-28.8023,-11.2685,-0.967829,-0.25161
30.85,-28.8548,-11.2685,-0.968808,-0.247814
30.9,-28.9072,-11.2681,-0.969672,-0.24441
30.95,-28.9595,-11.2674,-0.970257,-0.242078
31,-29.0117,-11.2666,-0.970452,-0.241295
31.05,-29.0639,-11.2657,-0.97021,-0.242264
31.1,-29.1159,-11.265,-0.969549,-0.244899
31.15,-29.1679,-11.2645,-0.968542,-0.248851
31.2,-29.2198,-11.2644,-0.967313,-0.253587
31.25,-29.2716,-11.2645,-0.966015,-0.258486
31.3,-29.3233,-11.265,-0.96481,-0.262947
31.35,-29.3749,-11.2656,-0.963841,-0.266479
31.4,-29.4265,-11.2664,-0.963205,-0.268768
31.45,-29.4779,-11.2671,-0.962941,-0.269713
31.5,-29.5293,-11.2677,-0.963021,-0.269428
31.55,-29.5806,-11.2681,-0.963361,-0.268208
31.6,-29.6317,-11.2683,-0.963841,-0.26648
31.65,-29.6828,-11.2682,-0.964324,-0.264724
31.7,-29.7338,-11.2679,-0.964686,-0.263404
31.75,-29.7847,-11.2674,-0.964827,-0.262887
31.8,-29.8355,-11.2669,-0.964688,-0.263396
31.85,-29.8862,-11.2665,-0.964254,-0.264979
31.9,-29.9369,-11.2661,-0.963555,-0.267511
31.95,-29.9874,-11.2659,-0.962657,-0.270725
32,-30.0378,-11.2659,-0.961654,-0.274267
32.05,-30.0881,-11.2661,-0.960652,-0.277754
32.1,-30.1384,-11.2665,-0.959755,-0.280838
32.15,-30.1885,-11.2669,-0.959044,-0.283258
32.2,-30.2386,-11.2674,-0.958564,-0.284877
32.25,-30.2885,-11.2678,-0.958323,-0.285687
32.3,-30.3383,-11.2682,-0.958286,-0.28581
32.35,-30.3881,-11.2684,-0.958388,-0.285468
32.4,-30.4377,-11.2684,-0.958544,-0.284943
32.45,-30.4872,-11.2683,-0.958667,-0.284532
32.5,-30.5367,-11.2681,-0.958677,-0.284498
32.55,-30.586,-11.2679,-0.958519,-0.28503
32.6,-30.6352,-11.2676,-0.958164,-0.286221
32.65,-30.6843,-11.2673,-0.957615,-0.288053
32.7,-30.7333,-11.2672,-0.956902,-0.290409
32.75,-30.7822,-11.2671,-0.956081,-0.293102
32.8,-30.831,-11.2672,-0.955219,-0.295901
32.85,-30.8797,-11.2674,-0.954386,-0.298576
32.9,-30.9283,-11.2677,-0.953645,-0.300932
32.95,-30.9768,-11.268,-0.953041,-0.30284
33,-31.0251,-11.2683,-0.952593,-0.304247
33.05,-31.0734,-11.2685,-0.952294,-0.305183
33.1,-31.1215,-11.2687,-0.952111,-0.305754
33.15,-31.1695,-11.2688,-0.951995,-0.306113
33.2,-31.2174,-11.2688,-0.951889,-0.306443
33.25,-31.2652,-11.2688,-0.951736,-0.306918
33.3,-31.3129,-11.2687,-0.951488,-0.307685
33.35,-31.3605,-11.2685,-0.951116,-0.308834
33.4,-31.408,-11.2684,-0.950607,-0.310396
33.45,-31.4553,-11.2683,-0.949973,-0.312333
33.5,-31.5025,-11.2682,-0.94924,-0.314552
33.55,-31.5496,-11.2682,-0.94845,-0.316925
33.6,-31.5966,-11.2683,-0.947651,-0.319308
33.65,-31.6435,-11.2685,-0.946887,-0.321566
33.7,-31.6902,-11.2687,-0.946196,-0.323594
33.75,-31.7368,-11.2689,-0.945601,-0.32533
33.8,-31.7833,-11.2691,-0.945106,-0.326764
33.85,-31.8297,-11.2692,-0.9447,-0.327935
33.9,-31.876,-11.2693,-0.944357,-0.328923
33.95,-31.9221,-11.2694,-0.944041,-0.329829
34,-31.9681,-11.2694,-0.943712,-0.330769
34.05,-32.014,-11.2694,-0.943334,-0.331844
34.1,-32.0598,-11.2693,-0.942881,-0.33313
34.15,-32.1054,-11.2692,-0.942336,-0.334668
34.2,-32.1509,-11.2692,-0.941698,-0.336459
34.25,-32.1963,-11.2691,-0.940978,-0.338467
34.3,-32.2415,-11.2692,-0.940201,-0.340621
34.35,-32.2866,-11.2692,-0.939395,-0.342837
34.4,-32.3316,-11.2693,-0.938592,-0.345028
34.45,-32.3765,-11.2694,-0.937821,-0.347118
34.5,-32.4212,-11.2696,-0.937104,-0.349051
34.55,-32.4658,-11.2697,-0.936449,-0.350803
34.6,-32.5103,-11.2698,-0.935857,-0.35238
34.65,-32.5546,-11.2699,-0.935315,-0.353816
34.7,-32.5988,-11.27,-0.934801,-0.355171
34.75,-32.6428,-11.2701,-0.934292,-0.35651
34.8,-32.6868,-11.2701,-0.933759,-0.357903
34.85,-32.7305,-11.2701,-0.933181,-0.359406
34.9,-32.7742,-11.27,-0.932543,-0.361058
34.95,-32.8177,-11.27,-0.931839,-0.362873
35,-32.8611,-11.27,-0.93107,-0.36484
35.05,-32.9043,-11.27,-0.930249,-0.366929
35.1,-32.9474,-11.27,-0.929394,-0.36909
35.15,-32.9903,-11.2701,-0.928525,-0.371271
35.2,-33.0332,-11.2702,-0.927662,-0.373421
35.25,-33.0758,-11.2703,-0.926824,-0.375496
35.3,-33.1184,-11.2704,-0.926021,-0.377471
35.35,-33.1607,-11.2705,-0.925258,-0.379339
35.4,-33.203,-11.2706,-0.924529,-0.381111
35.45,-33.2451,-11.2707,-0.923824,-0.382817
35.5,-33.287,-11.2707,-0.923128,-0.384493
35.55,-33.3288,-11.2708,-0.922422,-0.386184
35.6,-33.3705,-11.2708,-0.92169,-0.387928
35.65,-33.412,-11.2708,-0.920918,-0.389756
35.7,-33.4534,-11.2708,-0.920099,-0.391686
35.75,-33.4946,-11.2708,-0.91923,-0.39372
35.8,-33.5357,-11.2708,-0.918317,-0.395846
35.85,-33.5766,-11.2708,-0.917368,-0.39804
35.9,-33.6174,-11.2709,-0.916397,-0.40027
35.95,-33.658,-11.2709,-0.915419,-0.402502
36,-33.6985,-11.271,-0.914447,-0.404706
36.05,-33.7388,-11.2711,-0.913491,-0.40686
36.1,-33.7789,-11.2712,-0.912555,-0.408954
36.15,-33.819,-11.2712,-0.911641,-0.410988
36.2,-33.8588,-11.2713,-0.910742,-0.412975
36.25,-33.8985,-11.2714,-0.909851,-0.414935
36.3,-33.9381,-11.2714,-0.908954,-0.416897
36.35,-33.9775,-11.2714,-0.908041,-0.418882
36.4,-34.0167,-11.2715,-0.9071,-0.420915
36.45,-34.0558,-11.2715,-0.906126,-0.423008
36.5,-34.0947,-11.2715,-0.905114,-0.42517
36.55,-34.1335,-11.2715,-0.904064,-0.427398
36.6,-34.1721,-11.2716,-0.902982,-0.429679
36.65,-34.2106,-11.2716,-0.901874,-0.431998
36.7,-34.2489,-11.2716,-0.900751,-0.434336
36.75,-34.287,-11.2717,-0.899621,-0.436672
36.8,-34.325,-11.2718,-0.898493,-0.438988
36.85,-34.3628,-11.2718,-0.897372,-0.441275
36.9,-34.4005,-11.2719,-0.89626,-0.443529
36.95,-34.438,-11.2719,-0.895155,-0.445755
37,-34.4753,-11.272,-0.894054,-0.447959
37.05,-34.5125,-11.272,-0.892949,-0.450157
37.1,-34.5495,-11.2721,-0.891832,-0.452366
37.15,-34.5864,-11.2721,-0.890696,-0.4546
37.2,-34.6231,-11.2721,-0.889533,-0.456872
37.25,-34.6596,-11.2722,-0.888339,-0.459188
37.3,-34.696,-11.2722,-0.887114,-0.46155
37.35,-34.7322,-11.2722,-0.885859,-0.463954
37.4,-34.7682,-11.2723,-0.884578,-0.466392
37.45,-34.8041,-11.2723,-0.883276,-0.468853
37.5,-34.8398,-11.2723,-0.881961,-0.471322
37.55,-34.8754,-11.2724,-0.880639,-0.473788
37.6,-34.9108,-11.2724,-0.879313,-0.476244
37.65,-34.946,-11.2725,-0.877988,-0.478683
37.7,-34.981,-11.2725,-0.876663,-0.481105
37.75,-35.0159,-11.2726,-0.875337,-0.483514
37.8,-35.0507,-11.2726,-0.874004,-0.485918
37.85,-35.0852,-11.2727,-0.872661,-0.488326
37.9,-35.1196,-11.2727,-0.8713,-0.49075
37.95,-35.1538,-11.2727,-0.869917,-0.493197
38,-35.1879,-11.2728,-0.86851,-0.495672
38.05,-35.2218,-11.2728,-0.867074,-0.498179
38.1,-35.2555,-11.2728,-0.865611,-0.500717
38.15,-35.2891,-11.2728,-0.864123,-0.503281
38.2,-35.3224,-11.2729,-0.862613,-0.505865
38.25,-35.3557,-11.2729,-0.861085,-0.508461
38.3,-35.3887,-11.273,-0.859543,-0.511063
38.35,-35.4216,-11.273,-0.857992,-0.513663
38.4,-35.4543,-11.273,-0.856434,-0.516257
38.45,-35.4869,-11.2731,-0.854868,-0.518845
38.5,-35.5192,-11.2731,-0.853297,-0.521425
38.55,-35.5515,-11.2732,-0.851717,-0.524001
38.6,-35.5835,-11.2732,-0.850125,-0.526581
38.65,-35.6154,-11.2732,-0.848518,-0.529167
38.7,-35.6471,-11.2733,-0.846892,-0.531765
38.75,-35.6786,-11.2733,-0.845244,-0.53438
38.8,-35.71,-11.2733,-0.843571,-0.537018
38.85,-35.7412,-11.2733,-0.841872,-0.539678
38.9,-35.7722,-11.2734,-0.840148,-0.542358
38.95,-35.8031,-11.2734,-0.8384,-0.545055
39,-35.8338,-11.2734,-0.836632,-0.547766
39.05,-35.8643,-11.2735,-0.834848,-0.550481
39.1,-35.8947,-11.2735,-0.833049,-0.5532
39.15,-35.9249,-11.2735,-0.831238,-0.555917
39.2,-35.9549,-11.2736,-0.829417,-0.55863
39.25,-35.9848,-11.2736,-0.827586,-0.561339
39.3,-36.0145,-11.2736,-0.825745,-0.564044
39.35,-36.044,-11.2737,-0.82389,-0.566749
39.4,-36.0733,-11.2737,-0.822022,-0.569456
39.45,-36.1025,-11.2737,-0.820134,-0.572172
39.5,-36.1315,-11.2738,-0.818226,-0.574897
39.55,-36.1604,-11.2738,-0.816294,-0.577637
39.6,-36.1891,-11.2738,-0.814338,-0.580391
39.65,-36.2176,-11.2738,-0.812358,-0.583159
39.7,-36.2459,-11.2739,-0.810356,-0.585938
39.75,-36.2741,-11.2739,-0.808332,-0.588727
39.8,-36.3021,-11.2739,-0.806288,-0.591524
39.85,-36.33,-11.274,-0.804228,-0.59432
39.9,-36.3577,-11.274,-0.802155,-0.597116
39.95,-36.3852,-11.274,-0.80007,-0.599907
40,-36.4125,-11.274,-0.797972,-0.602694
40.05,-36.4397,-11.2741,-0.795861,-0.605479
40.1,-36.4668,-11.2741,-0.793735,-0.608264
40.15,-36.4936,-11.2741,-0.791593,-0.611048
40.2,-36.5203,-11.2741,-0.789434,-0.613836
40.25,-36.5469,-11.2742,-0.787255,-0.616628
40.3,-36.5732,-11.2742,-0.785054,-0.619427
40.35,-36.5994,-11.2742,-0.782833,-0.622232
40.4,-36.6255,-11.2742,-0.780589,-0.625045
40.45,-36.6514,-11.2743,-0.778325,-0.627861
40.5,-36.6771,-11.2743,-0.776042,-0.630682
40.55,-36.7026,-11.2743,-0.773738,-0.633506
40.6,-36.728,-11.2743,-0.771418,-0.636329
40.65,-36.7533,-11.2744,-0.769081,-0.639151
40.7,-36.7783,-11.2744,-0.766732,-0.641967
40.75,-36.8033,-11.2744,-0.764367,-0.644781
40.8,-36.828,-11.2744,-0.761989,-0.64759
40.85,-36.8526,-11.2745,-0.759595,-0.650397
40.9,-36.877,-11.2745,-0.757186,-0.653199
40.95,-36.9013,-11.2745,-0.754763,-0.655998
41,-36.9254,-11.2745,-0.752322,-0.658795
41.05,-36.9494,-11.2745,-0.749865,-0.661591
41.1,-36.9732,-11.2746,-0.747387,-0.664389
41.15,-36.9969,-11.2746,-0.744889,-0.667188
41.2,-37.0204,-11.2746,-0.74237,-0.66999
41.25,-37.0437,-11.2746,-0.739831,-0.672793
41.3,-37.0669,-11.2746,-0.737276,-0.675592
41.35,-37.0899,-11.2747,-0.734704,-0.678387
41.4,-37.1128,-11.2747,-0.732116,-0.68118
41.45,-37.1355,-11.2747,-0.729514,-0.683966
41.5,-37.1581,-11.2747,-0.726898,-0.686745
41.55,-37.1805,-11.2747,-0.724273,-0.689514
41.6,-37.2028,-11.2748,-0.721634,-0.692275
41.65,-37.2249,-11.2748,-0.718983,-0.695027
41.7,-37.2468,-11.2748,-0.716318,-0.697774
41.75,-37.2686,-11.2748,-0.713638,-0.700515
41.8,-37.2903,-11.2748,-0.710941,-0.703252
41.85,-37.3118,-11.2748,-0.708228,-0.705984
41.9,-37.3332,-11.2749,-0.705498,-0.708712
41.95,-37.3544,-11.2749,-0.702753,-0.711434
42,-37.3755,-11.2749,-0.699994,-0.714149
42.05,-37.3964,-11.2749,-0.69722,-0.716857
42.1,-37.4172,-11.2749,-0.694432,-0.719559
42.15,-37.4378,-11.2749,-0.691627,-0.722255
42.2,-37.4583,-11.275,-0.688811,-0.724941
42.25,-37.4786,-11.275,-0.685984,-0.727617
42.3,-37.4988,-11.275,-0.683144,-0.730283
42.35,-37.5189,-11.275,-0.680295,-0.732939
42.4,-37.5388,-11.275,-0.677433,-0.735585
42.45,-37.5586,-11.275,-0.67456,-0.73822
42.5,-37.5782,-11.275,-0.671676,-0.740845
42.55,-37.5977,-11.2751,-0.66878,-0.74346
42.6,-37.6171,-11.2751,-0.665874,-0.746064
42.65,-37.6363,-11.2751,-0.662954,-0.74866
42.7,-37.6553,-11.2751,-0.660023,-0.751245
42.75,-37.6743,-11.2751,-0.657082,-0.753819
42.8,-37.6931,-11.2751,-0.654129,-0.756383
42.85,-37.7117,-11.2751,-0.651166,-0.758935
42.9,-37.7303,-11.2752,-0.648194,-0.761475
42.95,-37.7487,-11.2752,-0.645212,-0.764004
43,-37.7669,-11.2752,-0.642225,-0.766517
43.05,-37.785,-11.2752,-0.639227,-0.769018
43.1,-37.803,-11.2752,-0.63622,-0.771508
43.15,-37.8209,-11.2752,-0.633205,-0.773985
43.2,-37.8386,-11.2752,-0.630182,-0.776447
43.25,-37.8562,-11.2752,-0.627156,-0.778894
43.3,-37.8737,-11.2753,-0.624119,-0.781329
43.35,-37.891,-11.2753,-0.621072,-0.783753
43.4,-37.9082,-11.2753,-0.618019,-0.786164
43.45,-37.9253,-11.2753,-0.614959,-0.788559
43.5,-37.9422,-11.2753,-0.611893,-0.79094
43.55,-37.9591,-11.2753,-0.608821,-0.793308
43.6,-37.9758,-11.2753,-0.605743,-0.795661
43.65,-37.9923,-11.2753,-0.602659,-0.797999
43.7,-38.0088,-11.2753,-0.599571,-0.800322
43.75,-38.0251,-11.2754,-0.59648,-0.802628
43.8,-38.0413,-11.2754,-0.593381,-0.804922
43.85,-38.0574,-11.2754,-0.590276,-0.807202
43.9,-38.0733,-11.2754,-0.587171,-0.809463
43.95,-38.0892,-11.2754,-0.584065,-0.811707
44,-38.1049,-11.2754,-0.580958,-0.813934
44.05,-38.1205,-11.2754,-0.577844,-0.816147
44.1,-38.136,-11.2754,-0.574726,-0.818346
44.15,-38.1513,-11.2754,-0.571607,-0.820528
44.2,-38.1666,-11.2754,-0.568482,-0.822695
44.25,-38.1817,-11.2754,-0.565359,-0.824845
44.3,-38.1967,-11.2755,-0.562234,-0.826979
44.35,-38.2116,-11.2755,-0.559104,-0.829097
44.4,-38.2263,-11.2755,-0.555975,-0.831199
44.45,-38.241,-11.2755,-0.552845,-0.833284
44.5,-38.2556,-11.2755,-0.549716,-0.835352
44.55,-38.27,-11.2755,-0.546588,-0.837402
44.6,-38.2843,-11.2755,-0.543461,-0.839435
44.65,-38.2985,-11.2755,-0.540334,-0.841451
44.7,-38.3126,-11.2755,-0.537209,-0.843449
44.75,-38.3266,-11.2755,-0.534085,-0.845431
44.8,-38.3405,-11.2755,-0.530964,-0.847394
44.85,-38.3543,-11.2755,-0.527842,-0.849343
44.9,-38.3679,-11.2756,-0.524726,-0.851271
44.95,-38.3815,-11.2756,-0.521608,-0.853185
45,-38.3949,-11.2756,-0.518492,-0.855083
45.05,-38.4083,-11.2756,-0.515378,-0.856963
45.1,-38.4215,-11.2756,-0.512265,-0.858827
45.15,-38.4347,-11.2756,-0.509154,-0.860675
45.2,-38.4477,-11.2756,-0.50605,-0.862504
45.25,-38.4606,-11.2756,-0.502948,-0.864316
45.3,-38.4735,-11.2756,-0.499854,-0.86611
45.35,-38.4862,-11.2756,-0.496761,-0.867888
45.4,-38.4988,-11.2756,-0.493676,-0.869646
45.45,-38.5113,-11.2756,-0.490596,-0.871387
45.5,-38.5238,-11.2756,-0.487525,-0.873109
45.55,-38.5361,-11.2756,-0.484455,-0.874816
45.6,-38.5483,-11.2756,-0.481397,-0.876503
45.65,-38.5605,-11.2757,-0.478344,-0.878172
45.7,-38.5725,-11.2757,-0.475294,-0.879827
45.75,-38.5844,-11.2757,-0.472252,-0.881464
45.8,-38.5963,-11.2757,-0.469215,-0.883084
45.85,-38.608,-11.2757,-0.466181,-0.884689
45.9,-38.6197,-11.2757,-0.463157,-0.886276
45.95,-38.6312,-11.2757,-0.460135,-0.887849
46,-38.6427,-11.2757,-0.457123,-0.889404
46.05,-38.6541,-11.2757,-0.454122,-0.890939
46.1,-38.6654,-11.2757,-0.451131,-0.892458
46.15,-38.6766,-11.2757,-0.448146,-0.89396
46.2,-38.6877,-11.2757,-0.445171,-0.895446
46.25,-38.6987,-11.2757,-0.442202,-0.896915
46.3,-38.7096,-11.2757,-0.439244,-0.898368
46.35,-38.7204,-11.2757,-0.436295,-0.899804
46.4,-38.7312,-11.2757,-0.433356,-0.901223
46.45,-38.7418,-11.2757,-0.430426,-0.902626
46.5,-38.7524,-11.2757,-0.427502,-0.904014
46.55,-38.7629,-11.2757,-0.424584,-0.905389
46.6,-38.7733,-11.2757,-0.421678,-0.906746
46.65,-38.7836,-11.2757,-0.418778,-0.908088
46.7,-38.7939,-11.2758,-0.415895,-0.909413
46.75,-38.804,-11.2758,-0.413022,-0.910721
46.8,-38.8141,-11.2758,-0.410162,-0.912013
46.85,-38.8241,-11.2758,-0.407314,-0.913288
46.9,-38.834,-11.2758,-0.404477,-0.914548
46.95,-38.8438,-11.2758,-0.401648,-0.915794
47,-38.8535,-11.2758,-0.398832,-0.917024
47.05,-38.8632,-11.2758,-0.396024,-0.91824
47.1,-38.8728,-11.2758,-0.39323,-0.91944
47.15,-38.8823,-11.2758,-0.390447,-0.920625
47.2,-38.8917,-11.2758,-0.387675,-0.921796
47.25,-38.9011,-11.2758,-0.384913,-0.922953
47.3,-38.9104,-11.2758,-0.382165,-0.924094
47.35,-38.9195,-11.2758,-0.379426,-0.925222
47.4,-38.9287,-11.2758,-0.3767,-0.926335
47.45,-38.9377,-11.2758,-0.373988,-0.927434
47.5,-38.9467,-11.2758,-0.371289,-0.928517
47.55,-38.9556,-11.2758,-0.368605,-0.929586
47.6,-38.9644,-11.2758,-0.365928,-0.930643
47.65,-38.9732,-11.2758,-0.363266,-0.931685
47.7,-38.9819,-11.2758,-0.360615,-0.932715
47.75,-38.9905,-11.2758,-0.357977,-0.93373
47.8,-38.999,-11.2758,-0.355353,-0.934732
47.85,-39.0075,-11.2758,-0.352742,-0.93572
47.9,-39.0159,-11.2758,-0.350141,-0.936697
47.95,-39.0242,-11.2758,-0.347556,-0.937659
48,-39.0325,-11.2758,-0.344983,-0.938609
48.05,-39.0406,-11.2758,-0.342425,-0.939545
48.1,-39.0488,-11.2758,-0.339882,-0.940468
48.15,-39.0568,-11.2758,-0.337346,-0.941381
48.2,-39.0648,-11.2759,-0.334823,-0.942281
48.25,-39.0727,-11.2759,-0.332315,-0.943168
48.3,-39.0806,-11.2759,-0.329828,-0.944041
48.35,-39.0884,-11.2759,-0.32735,-0.944903
48.4,-39.0961,-11.2759,-0.324879,-0.945755
48.45,-39.1038,-11.2759,-0.322426,-0.946595
48.5,-39.1114,-11.2759,-0.319983,-0.947423
48.55,-39.1189,-11.2759,-0.317555,-0.94824
48.6,-39.1264,-11.2759,-0.315144,-0.949044
48.65,-39.1338,-11.2759,-0.312753,-0.949834
48.7,-39.1412,-11.2759,-0.310367,-0.950617
48.75,-39.1484,-11.2759,-0.307999,-0.951387
48.8,-39.1557,-11.2759,-0.305644,-0.952146
48.85,-39.1628,-11.2759,-0.303302,-0.952894
48.9,-39.1699,-11.2759,-0.300979,-0.953631
48.95,-39.177,-11.2759,-0.298661,-0.954359
49,-39.184,-11.2759,-0.296362,-0.955076
49.05,-39.1909,-11.2759,-0.294073,-0.955783
49.1,-39.1978,-11.2759,-0.2918,-0.956479
49.15,-39.2046,-11.2759,-0.289543,-0.957165
49.2,-39.2113,-11.2759,-0.287296,-0.957842
49.25,-39.218,-11.2759,-0.285065,-0.958508
49.3,-39.2247,-11.2759,-0.282845,-0.959166
49.35,-39.2313,-11.2759,-0.28064,-0.959813
49.4,-39.2378,-11.2759,-0.27845,-0.960451
49.45,-39.2443,-11.2759,-0.276271,-0.96108
49.5,-39.2507,-11.2759,-0.274106,-0.961699
49.55,-39.2571,-11.2759,-0.271956,-0.96231
49.6,-39.2634,-11.2759,-0.269824,-0.96291
49.65,-39.2697,-11.2759,-0.267705,-0.963501
49.7,-39.2759,-11.2759,-0.265597,-0.964084
49.75,-39.282,-11.2759,-0.263503,-0.964658
49.8,-39.2881,-11.2759,-0.261428,-0.965223
49.85,-39.2942,-11.2759,-0.25936,-0.965781
49.9,-39.3002,-11.2759,-0.257305,-0.96633
49.95,-39.3062,-11.2759,-0.255267,-0.966871
50,-39.3121,-11.2759,-0.253237,-0.967404
50.05,-39.3179,-11.2759,-0.25123,-0.967927
50.1,-39.3237,-11.2759,-0.249235,-0.968443
50.15,-39.3295,-11.2759,-0.247249,-0.968952
50.2,-39.3352,-11.2759,-0.245279,-0.969453
50.25,-39.3409,-11.2759,-0.243326,-0.969945
50.3,-39.3465,-11.2759,-0.241382,-0.97043
50.35,-39.352,-11.2759,-0.239448,-0.970909
50.4,-39.3575,-11.2759,-0.23753,-0.97138
50.45,-39.363,-11.2759,-0.23563,-0.971843
50.5,-39.3684,-11.2759,-0.23374,-0.972299
50.55,-39.3738,-11.2759,-0.231864,-0.972748
50.6,-39.3792,-11.2759,-0.229997,-0.973191
50.65,-39.3844,-11.2759,-0.228149,-0.973626
50.7,-39.3897,-11.2759,-0.226311,-0.974055
50.75,-39.3949,-11.2759,-0.22448,-0.974479
50.8,-39.4,-11.2759,-0.222668,-0.974894
50.85,-39.4052,-11.2759,-0.220868,-0.975304
50.9,-39.4102,-11.2759,-0.219086,-0.975706
50.95,-39.4153,-11.2759,-0.21731,-0.976103
51,-39.4202,-11.2759,-0.215551,-0.976493
51.05,-39.4252,-11.2759,-0.213798,-0.976878
51.1,-39.4301,-11.2759,-0.212062,-0.977256
51.15,-39.4349,-11.2759,-0.21034,-0.977628
51.2,-39.4398,-11.2759,-0.208627,-0.977995
51.25,-39.4445,-11.2759,-0.206927,-0.978356
51.3,-39.4493,-11.2759,-0.205241,-0.978711
51.35,-39.454,-11.2759,-0.203571,-0.97906
51.4,-39.4586,-11.2759,-0.201907,-0.979405
51.45,-39.4632,-11.276,-0.200257,-0.979743
51.5,-39.4678,-11.276,-0.198621,-0.980076
51.55,-39.4724,-11.276,-0.196996,-0.980404
51.6,-39.4769,-11.276,-0.195383,-0.980727
51.65,-39.4813,-11.276,-0.193783,-0.981044
51.7,-39.4858,-11.276,-0.192194,-0.981357
51.75,-39.4901,-11.276,-0.190618,-0.981664
51.8,-39.4945,-11.276,-0.189054,-0.981967
51.85,-39.4988,-11.276,-0.187501,-0.982264
51.9,-39.5031,-11.276,-0.185958,-0.982558
51.95,-39.5073,-11.276,-0.184428,-0.982846
52,-39.5115,-11.276,-0.182909,-0.98313
52.05,-39.5157,-11.276,-0.181402,-0.983409
52.1,-39.5198,-11.276,-0.179905,-0.983684
52.15,-39.5239,-11.276,-0.17842,-0.983954
52.2,-39.528,-11.276,-0.17695,-0.98422
52.25,-39.532,-11.276,-0.175493,-0.984481
52.3,-39.536,-11.276,-0.174043,-0.984738
52.35,-39.54,-11.276,-0.172602,-0.984992
52.4,-39.5439,-11.276,-0.171172,-0.985241
52.45,-39.5478,-11.276,-0.169757,-0.985486
52.5,-39.5517,-11.276,-0.168352,-0.985727
52.55,-39.5555,-11.276,-0.166957,-0.985964
52.6,-39.5593,-11.276,-0.165572,-0.986198
52.65,-39.563,-11.276,-0.164204,-0.986426
52.7,-39.5668,-11.276,-0.16284,-0.986652
52.75,-39.5705,-11.276,-0.161488,-0.986875
52.8,-39.5742,-11.276,-0.160146,-0.987093
52.85,-39.5778,-11.276,-0.158815,-0.987308
52.9,-39.5814,-11.276,-0.157488,-0.987521
52.95,-39.585,-11.276,-0.156178,-0.987729
53,-39.5885,-11.276,-0.154881,-0.987933
53.05,-39.592,-11.276,-0.15359,-0.988135
53.1,-39.5955,-11.276,-0.152312,-0.988332
53.15,-39.599,-11.276,-0.151044,-0.988527
53.2,-39.6024,-11.276,-0.149782,-0.988719
53.25,-39.6058,-11.276,-0.148539,-0.988907
53.3,-39.6092,-11.276,-0.147297,-0.989092
53.35,-39.6125,-11.276,-0.146067,-0.989275
53.4,-39.6158,-11.276,-0.144849,-0.989454
53.45,-39.6191,-11.276,-0.14364,-0.98963
53.5,-39.6223,-11.276,-0.142434,-0.989804
53.55,-39.6256,-11.276,-0.14124,-0.989975
53.6,-39.6288,-11.276,-0.14006,-0.990143
53.65,-39.6319,-11.276,-0.138888,-0.990308
53.7,-39.6351,-11.276,-0.137725,-0.990471
53.75,-39.6382,-11.276,-0.136573,-0.99063
53.8,-39.6413,-11.276,-0.135428,-0.990787
53.85,-39.6444,-11.276,-0.134294,-0.990942
53.9,-39.6474,-11.276,-0.133169,-0.991093
53.95,-39.6504,-11.276,-0.132047,-0.991243
54,-39.6534,-11.276,-0.130939,-0.99139
54.05,-39.6564,-11.276,-0.129838,-0.991535
54.1,-39.6593,-11.276,-0.128751,-0.991677
54.15,-39.6622,-11.276,-0.127669,-0.991817
54.2,-39.6651,-11.276,-0.126599,-0.991954
54.25,-39.668,-11.276,-0.125534,-0.992089
54.3,-39.6708,-11.276,-0.124478,-0.992222
54.35,-39.6736,-11.276,-0.123427,-0.992354
54.4,-39.6764,-11.276,-0.122388,-0.992482
54.45,-39.6792,-11.276,-0.121361,-0.992608
54.5,-39.6819,-11.276,-0.120335,-0.992733
54.55,-39.6846,-11.276,-0.119324,-0.992855
54.6,-39.6873,-11.276,-0.118319,-0.992976
54.65,-39.69,-11.276,-0.117324,-0.993094
54.7,-39.6927,-11.276,-0.116335,-0.99321
54.75,-39.6953,-11.276,-0.115356,-0.993324
54.8,-39.6979,-11.276,-0.114383,-0.993437
54.85,-39.7005,-11.276,-0.11342,-0.993547
54.9,-39.703,-11.276,-0.112463,-0.993656
54.95,-39.7056,-11.276,-0.111516,-0.993763
55,-39.7081,-11.276,-0.110568,-0.993869
55.05,-39.7106,-11.276,-0.109632,-0.993972
55.1,-39.7131,-11.276,-0.108709,-0.994074
55.15,-39.7155,-11.276,-0.107791,-0.994174
55.2,-39.718,-11.276,-0.106882,-0.994272
55.25,-39.7204,-11.276,-0.105976,-0.994369
55.3,-39.7228,-11.276,-0.105079,-0.994464
55.35,-39.7251,-11.276,-0.104191,-0.994557
55.4,-39.7275,-11.276,-0.103308,-0.994649
55.45,-39.7298,-11.276,-0.102433,-0.99474
55.5,-39.7321,-11.276,-0.101567,-0.994829
55.55,-39.7344,-11.276,-0.100708,-0.994916
55.6,-39.7367,-11.276,-0.0998562,-0.995002
55.65,-39.7389,-11.276,-0.0990092,-0.995086
55.7,-39.7412,-11.276,-0.0981734,-0.995169
55.75,-39.7434,-11.276,-0.0973381,-0.995251
55.8,-39.7456,-11.276,-0.0965144,-0.995332
55.85,-39.7477,-11.276,-0.0957001,-0.99541
55.9,-39.7499,-11.276,-0.0948881,-0.995488
55.95,-39.752,-11.276,-0.0940851,-0.995564
56,-39.7542,-11.276,-0.0932903,-0.995639
56.05,-39.7563,-11.276,-0.0925019,-0.995713
56.1,-39.7583,-11.276,-0.0917138,-0.995785
56.15,-39.7604,-11.276,-0.0909367,-0.995857
56.2,-39.7625,-11.276,-0.0901614,-0.995927
56.25,-39.7645,-11.276,-0.0893993,-0.995996
56.3,-39.7665,-11.276,-0.0886371,-0.996064
56.35,-39.7685,-11.276,-0.0878862,-0.996131
56.4,-39.7705,-11.276,-0.0871438,-0.996196
56.45,-39.7724,-11.276,-0.086405,-0.99626
56.5,-39.7744,-11.276,-0.0856742,-0.996323
56.55,-39.7763,-11.276,-0.0849495,-0.996385
56.6,-39.7782,-11.276,-0.0842263,-0.996447
56.65,-39.7801,-11.276,-0.0835133,-0.996507
56.7,-39.782,-11.276,-0.0828042,-0.996566
56.75,-39.7839,-11.276,-0.0820989,-0.996624
56.8,-39.7857,-11.276,-0.0814014,-0.996681
56.85,-39.7876,-11.276,-0.0807076,-0.996738
56.9,-39.7894,-11.276,-0.0800242,-0.996793
56.95,-39.7912,-11.276,-0.0793468,-0.996847
57,-39.793,-11.276,-0.0786706,-0.996901
57.05,-39.7947,-11.276,-0.0780086,-0.996953
57.1,-39.7965,-11.276,-0.0773475,-0.997004
57.15,-39.7982,-11.276,-0.0766922,-0.997055
57.2,-39.7999,-11.276,-0.0760381,-0.997105
57.25,-39.8017,-11.276,-0.0753912,-0.997154
57.3,-39.8034,-11.276,-0.0747477,-0.997202
57.35,-39.805,-11.276,-0.0741118,-0.99725
57.4,-39.8067,-11.276,-0.0734834,-0.997296
57.45,-39.8084,-11.276,-0.0728581,-0.997342
57.5,-39.81,-11.276,-0.0722377,-0.997387
57.55,-39.8116,-11.276,-0.0716227,-0.997432
57.6,-39.8132,-11.276,-0.0710129,-0.997475
57.65,-39.8148,-11.276,-0.0704042,-0.997519
57.7,-39.8164,-11.276,-0.0698073,-0.99756
57.75,-39.818,-11.276,-0.069209,-0.997602
57.8,-39.8195,-11.276,-0.0686242,-0.997643
57.85,-39.8211,-11.276,-0.06804,-0.997683
57.9,-39.8226,-11.276,-0.0674626,-0.997722
57.95,-39.8241,-11.276,-0.0668881,-0.99776
58,-39.8256,-11.276,-0.0663182,-0.997799
58.05,-39.8271,-11.276,-0.0657537,-0.997836
58.1,-39.8286,-11.276,-0.0652,-0.997872
58.15,-39.8301,-11.276,-0.0646463,-0.997908
58.2,-39.8315,-11.276,-0.0640975,-0.997944
58.25,-39.833,-11.276,-0.0635551,-0.997978
58.3,-39.8344,-11.276,-0.0630128,-0.998013
58.35,-39.8358,-11.276,-0.0624686,-0.998047
58.4,-39.8372,-11.276,-0.0619361,-0.99808
58.45,-39.8386,-11.276,-0.061408,-0.998113
58.5,-39.84,-11.276,-0.0608822,-0.998145
58.55,-39.8414,-11.276,-0.060361,-0.998177
58.6,-39.8427,-11.276,-0.0598463,-0.998208
58.65,-39.8441,-11.276,-0.0593358,-0.998238
58.7,-39.8454,-11.276,-0.0588318,-0.998268
58.75,-39.8467,-11.276,-0.0583277,-0.998297
58.8,-39.848,-11.276,-0.0578303,-0.998326
58.85,-39.8493,-11.276,-0.0573371,-0.998355
58.9,-39.8506,-11.276,-0.056846,-0.998383
58.95,-39.8519,-11.276,-0.0563634,-0.99841
59,-39.8532,-11.276,-0.0558827,-0.998437
59.05,-39.8544,-11.276,-0.0554018,-0.998464
59.1,-39.8557,-11.276,-0.0549317,-0.99849
59.15,-39.8569,-11.276,-0.054463,-0.998516
59.2,-39.8581,-11.276,-0.0539982,-0.998541
59.25,-39.8594,-11.276,-0.0535439,-0.998566
59.3,-39.8606,-11.276,-0.0530889,-0.99859
59.35,-39.8618,-11.276,-0.0526331,-0.998614
59.4,-39.8629,-11.276,-0.0521837,-0.998637
59.45,-39.8641,-11.276,-0.0517384,-0.998661
59.5,-39.8653,-11.276,-0.0513033,-0.998683
59.55,-39.8664,-11.276,-0.0508649,-0.998706
59.6,-39.8676,-11.276,-0.0504305,-0.998728
59.65,-39.8687,-11.276,-0.0499994,-0.998749
59.7,-39.8698,-11.276,-0.0495744,-0.99877
59.75,-39.8709,-11.276,-0.0491505,-0.998791
59.8,-39.872,-11.276,-0.0487346,-0.998812
59.85,-39.8731,-11.276,-0.0483176,-0.998832
59.9,-39.8742,-11.276,-0.0479066,-0.998852
59.95,-39.8753,-11.276,-0.0474966,-0.998871
60,-39.8764,-11.276,-0.0470903,-0.998891
60.05,-39.8774,-11.276,-0.0466832,-0.99891
60.1,-39.8785,-11.276,-0.0462906,-0.998928
60.15,-39.8795,-11.276,-0.0458945,-0.998946
60.2,-39.8806,-11.276,-0.0455038,-0.998964
60.25,-39.8816,-11.276,-0.0451124,-0.998982
60.3,-39.8826,-11.276,-0.0447243,-0.998999
60.35,-39.8836,-11.276,-0.0443396,-0.999017
60.4,-39.8846,-11.276,-0.0439565,-0.999033
60.45,-39.8856,-11.276,-0.0435831,-0.99905
60.5,-39.8866,-11.276,-0.0432108,-0.999066
60.55,-39.8875,-11.276,-0.0428436,-0.999082
60.6,-39.8885,-11.276,-0.0424772,-0.999097
60.65,-39.8894,-11.276,-0.0421143,-0.999113
60.7,-39.8904,-11.276,-0.0417545,-0.999128
60.75,-39.8913,-11.276,-0.0413976,-0.999143
60.8,-39.8923,-11.276,-0.0410437,-0.999157
60.85,-39.8932,-11.276,-0.0406928,-0.999172
60.9,-39.8941,-11.276,-0.0403406,-0.999186
60.95,-39.895,-11.276,-0.0400001,-0.9992
61,-39.8959,-11.276,-0.0396621,-0.999213
61.05,-39.8968,-11.276,-0.0393183,-0.999227
61.1,-39.8977,-11.276,-0.0389819,-0.99924
61.15,-39.8986,-11.276,-0.0386441,-0.999253
61.2,-39.8994,-11.276,-0.0383136,-0.999266
61.25,-39.9003,-11.276,-0.037986,-0.999278
61.3,-39.9011,-11.276,-0.0376611,-0.999291
61.35,-39.902,-11.276,-0.037339,-0.999303
61.4,-39.9028,-11.276,-0.0370197,-0.999315
61.45,-39.9037,-11.276,-0.0367032,-0.999326
61.5,-39.9045,-11.276,-0.0363894,-0.999338
61.55,-39.9053,-11.276,-0.036074,-0.999349
61.6,-39.9061,-11.276,-0.035766,-0.99936
61.65,-39.9069,-11.276,-0.0354606,-0.999371
61.7,-39.9077,-11.276,-0.0351554,-0.999382
61.75,-39.9085,-11.276,-0.034855,-0.999392
61.8,-39.9093,-11.276,-0.0345552,-0.999403
61.85,-39.9101,-11.276,-0.0342604,-0.999413
61.9,-39.9108,-11.276,-0.0339661,-0.999423
61.95,-39.9116,-11.276,-0.0336783,-0.999433
62,-39.9123,-11.276,-0.0333929,-0.999442
62.05,-39.9131,-11.276,-0.0331058,-0.999452
62.1,-39.9138,-11.276,-0.0328187,-0.999461
62.15,-39.9146,-11.276,-0.0325365,-0.999471
62.2,-39.9153,-11.276,-0.0322591,-0.99948
62.25,-39.916,-11.276,-0.0319837,-0.999488
62.3,-39.9168,-11.276,-0.0317151,-0.999497
62.35,-39.9175,-11.276,-0.0314401,-0.999506
62.4,-39.9182,-11.276,-0.0311738,-0.999514
62.45,-39.9189,-11.276,-0.0309077,-0.999522
62.5,-39.9196,-11.276,-0.0306435,-0.99953
62.55,-39.9203,-11.276,-0.0303818,-0.999538
62.6,-39.9209,-11.276,-0.0301267,-0.999546
62.65,-39.9216,-11.276,-0.0298627,-0.999554
62.7,-39.9223,-11.276,-0.0296122,-0.999561
62.75,-39.923,-11.276,-0.029359,-0.999569
62.8,-39.9236,-11.276,-0.0291125,-0.999576
62.85,-39.9243,-11.276,-0.0288613,-0.999583
62.9,-39.9249,-11.276,-0.0286104,-0.999591
62.95,-39.9256,-11.276,-0.028366,-0.999598
63,-39.9262,-11.276,-0.0281196,-0.999605
63.05,-39.9268,-11.276,-0.0278817,-0.999611
63.1,-39.9274,-11.276,-0.0276455,-0.999618
63.15,-39.9281,-11.276,-0.0274115,-0.999624
63.2,-39.9287,-11.276,-0.027177,-0.999631
63.25,-39.9293,-11.276,-0.0269469,-0.999637
63.3,-39.9299,-11.276,-0.0267185,-0.999643
63.35,-39.9305,-11.276,-0.0264897,-0.999649
63.4,-39.9311,-11.276,-0.0262652,-0.999655
63.45,-39.9317,-11.276,-0.0260424,-0.999661
63.5,-39.9323,-11.276,-0.0258148,-0.999667
63.55,-39.9328,-11.276,-0.0255961,-0.999672
63.6,-39.9334,-11.276,-0.0253833,-0.999678
63.65,-39.934,-11.276,-0.0251655,-0.999683
63.7,-39.9346,-11.276,-0.024952,-0.999689
63.75,-39.9351,-11.276,-0.0247401,-0.999694
63.8,-39.9357,-11.276,-0.0245277,-0.999699
63.85,-39.9362,-11.276,-0.0243213,-0.999704
63.9,-39.9368,-11.276,-0.0241083,-0.999709
63.95,-39.9373,-11.276,-0.0239037,-0.999714
64,-39.9379,-11.276,-0.0236963,-0.999719
64.05,-39.9384,-11.276,-0.023493,-0.999724
64.1,-39.9389,-11.276,-0.023287,-0.999729
64.15,-39.9394,-11.276,-0.0230877,-0.999733
64.2,-39.94,-11.276,-0.0228921,-0.999738
64.25,-39.9405,-11.276,-0.0226895,-0.999743
64.3,-39.941,-11.276,-0.0224953,-0.999747
64.35,-39.9415,-11.276,-0.0223027,-0.999751
64.4,-39.942,-11.276,-0.0221121,-0.999756
64.45,-39.9425,-11.276,-0.0219209,-0.99976
64.5,-39.943,-11.276,-0.0217359,-0.999764
64.55,-39.9435,-11.276,-0.0215501,-0.999768
64.6,-39.9439,-11.276,-0.0213658,-0.999772
64.65,-39.9444,-11.276,-0.0211894,-0.999775
64.7,-39.9449,-11.276,-0.0210099,-0.999779
64.75,-39.9454,-11.276,-0.0208254,-0.999783
64.8,-39.9458,-11.276,-0.0206469,-0.999787
64.85,-39.9463,-11.276,-0.0204678,-0.99979
64.9,-39.9468,-11.276,-0.0202945,-0.999794
64.95,-39.9472,-11.276,-0.0201247,-0.999798
65,-39.9477,-11.276,-0.0199561,-0.999801
65.05,-39.9481,-11.276,-0.0197865,-0.999804
65.1,-39.9486,-11.276,-0.0196139,-0.999808
65.15,-39.949,-11.276,-0.0194435,-0.999811
65.2,-39.9494,-11.276,-0.0192768,-0.999814
65.25,-39.9499,-11.276,-0.0191158,-0.999817
65.3,-39.9503,-11.276,-0.0189513,-0.99982
65.35,-39.9507,-11.276,-0.0187903,-0.999823
65.4,-39.9512,-11.276,-0.0186307,-0.999826
65.45,-39.9516,-11.276,-0.0184702,-0.999829
65.5,-39.952,-11.276,-0.0183111,-0.999832
65.55,-39.9524,-11.276,-0.0181556,-0.999835
65.6,-39.9528,-11.276,-0.0180014,-0.999838
65.65,-39.9532,-11.276,-0.0178463,-0.999841
65.7,-39.9536,-11.276,-0.0176969,-0.999843
65.75,-39.954,-11.276,-0.0175423,-0.999846
65.8,-39.9544,-11.276,-0.0173893,-0.999849
65.85,-39.9548,-11.276,-0.0172399,-0.999851
65.9,-39.9552,-11.276,-0.0170919,-0.999854
65.95,-39.9556,-11.276,-0.0169448,-0.999856
66,-39.956,-11.276,-0.0167926,-0.999859
66.05,-39.9563,-11.276,-0.0166422,-0.999861
66.1,-39.9567,-11.276,-0.0164998,-0.999864
66.15,-39.9571,-11.276,-0.016363,-0.999866
66.2,-39.9574,-11.276,-0.0162208,-0.999868
66.25,-39.9578,-11.276,-0.0160843,-0.999871
66.3,-39.9582,-11.276,-0.0159426,-0.999873
66.35,-39.9585,-11.276,-0.015804,-0.999875
66.4,-39.9589,-11.276,-0.0156711,-0.999877
66.45,-39.9592,-11.276,-0.0155371,-0.999879
66.5,-39.9596,-11.276,-0.0154001,-0.999881
66.55,-39.9599,-11.276,-0.0152711,-0.999883
66.6,-39.9603,-11.276,-0.0151405,-0.999885
66.65,-39.9606,-11.276,-0.0150111,-0.999887
66.7,-39.9609,-11.276,-0.0148807,-0.999889
66.75,-39.9613,-11.276,-0.0147517,-0.999891
66.8,-39.9616,-11.276,-0.0146236,-0.999893
66.85,-39.9619,-11.276,-0.0144988,-0.999895
66.9,-39.9623,-11.276,-0.0143752,-0.999897
66.95,-39.9626,-11.276,-0.0142548,-0.999898
67,-39.9629,-11.276,-0.0141329,-0.9999
67.05,-39.9632,-11.276,-0.0140122,-0.999902
67.1,-39.9635,-11.276,-0.0138989,-0.999903
67.15,-39.9639,-11.276,-0.0137796,-0.999905
67.2,-39.9642,-11.276,-0.0136614,-0.999907
67.25,-39.9645,-11.276,-0.0135423,-0.999908
67.3,-39.9648,-11.276,-0.0134287,-0.99991
67.35,-39.9651,-11.276,-0.0133115,-0.999911
67.4,-39.9654,-11.276,-0.0132018,-0.999913
67.45,-39.9657,-11.276,-0.0130888,-0.999914
67.5,-39.966,-11.276,-0.0129808,-0.999916
67.55,-39.9663,-11.276,-0.0128671,-0.999917
67.6,-39.9665,-11.276,-0.0127548,-0.999919
67.65,-39.9668,-11.276,-0.0126433,-0.99992
67.7,-39.9671,-11.276,-0.0125351,-0.999921
67.75,-39.9674,-11.276,-0.012428,-0.999923
67.8,-39.9677,-11.276,-0.0123216,-0.999924
67.85,-39.968,-11.276,-0.0122098,-0.999925
67.9,-39.9682,-11.276,-0.0121038,-0.999927
67.95,-39.9685,-11.276,-0.0119985,-0.999928
68,-39.9688,-11.276,-0.0118965,-0.999929
68.05,-39.969,-11.276,-0.011793,-0.999931
68.1,-39.9693,-11.276,-0.0116863,-0.999932
68.15,-39.9696,-11.276,-0.0115917,-0.999933
68.2,-39.9698,-11.276,-0.011491,-0.999934
68.25,-39.9701,-11.276,-0.0113999,-0.999935
68.3,-39.9703,-11.276,-0.0113046,-0.999936
68.35,-39.9706,-11.276,-0.0112124,-0.999937
68.4,-39.9708,-11.276,-0.011114,-0.999938
68.45,-39.9711,-11.276,-0.0110211,-0.999939
68.5,-39.9713,-11.276,-0.0109269,-0.99994
68.55,-39.9716,-11.276,-0.0108312,-0.999941
68.6,-39.9718,-11.276,-0.0107366,-0.999942
68.65,-39.9721,-11.276,-0.0106426,-0.999943
68.7,-39.9723,-11.276,-0.0105477,-0.999944
68.75,-39.9725,-11.276,-0.0104599,-0.999945
68.8,-39.9728,-11.276,-0.0103686,-0.999946
68.85,-39.973,-11.276,-0.0102823,-0.999947
68.9,-39.9732,-11.276,-0.0101903,-0.999948
68.95,-39.9735,-11.276,-0.0101039,-0.999949
69,-39.9737,-11.276,-0.0100137,-0.99995
69.05,-39.9739,-11.276,-0.00993103,-0.999951
69.1,-39.9741,-11.276,-0.00984661,-0.999952
69.15,-39.9744,-11.276,-0.00976311,-0.999952
69.2,-39.9746,-11.276,-0.00968008,-0.999953
69.25,-39.9748,-11.276,-0.00960011,-0.999954
69.3,-39.975,-11.276,-0.00951833,-0.999955
69.35,-39.9752,-11.276,-0.00943748,-0.999955
69.4,-39.9754,-11.276,-0.0093571,-0.999956
69.45,-39.9757,-11.276,-0.00927714,-0.999957
69.5,-39.9759,-11.276,-0.00920022,-0.999958
69.55,-39.9761,-11.276,-0.00912146,-0.999958
69.6,-39.9763,-11.276,-0.00904361,-0.999959
69.65,-39.9765,-11.276,-0.0089662,-0.99996
69.7,-39.9767,-11.276,-0.00889182,-0.99996
69.75,-39.9769,-11.276,-0.00881562,-0.999961
69.8,-39.9771,-11.276,-0.00874032,-0.999962
69.85,-39.9773,-11.276,-0.00866972,-0.999962
69.9,-39.9775,-11.276,-0.00859764,-0.999963
69.95,-39.9777,-11.276,-0.00852375,-0.999964
70,-39.9778,-11.276,-0.00844817,-0.999964
70.05,-39.978,-11.276,-0.00837789,-0.999965
70.1,-39.9782,-11.276,-0.00830364,-0.999966
70.15,-39.9784,-11.276,-0.00823255,-0.999966
70.2,-39.9786,-11.276,-0.00816401,-0.999967
70.25,-39.9788,-11.276,-0.00809623,-0.999967
70.3,-39.979,-11.276,-0.00802876,-0.999968
70.35,-39.9791,-11.276,-0.00796157,-0.999968
70.4,-39.9793,-11.276,-0.007893,-0.999969
70.45,-39.9795,-11.276,-0.00782274,-0.999969
70.5,-39.9797,-11.276,-0.00775776,-0.99997
70.55,-39.9798,-11.276,-0.00768882,-0.99997
70.6,-39.98,-11.276,-0.00762467,-0.999971
70.65,-39.9802,-11.276,-0.00755913,-0.999971
70.7,-39.9804,-11.276,-0.00749186,-0.999972
70.75,-39.9805,-11.276,-0.0074256,-0.999972
70.8,-39.9807,-11.276,-0.00736413,-0.999973
70.85,-39.9809,-11.276,-0.0073029,-0.999973
70.9,-39.981,-11.276,-0.00724024,-0.999974
70.95,-39.9812,-11.276,-0.00718437,-0.999974
71,-39.9813,-11.276,-0.00712633,-0.999975
71.05,-39.9815,-11.276,-0.00706463,-0.999975
71.1,-39.9817,-11.276,-0.0070076,-0.999975
71.15,-39.9818,-11.276,-0.00694643,-0.999976
71.2,-39.982,-11.276,-0.00688401,-0.999976
71.25,-39.9821,-11.276,-0.00682,-0.999977
71.3,-39.9823,-11.276,-0.00676301,-0.999977
71.35,-39.9824,-11.276,-0.00670672,-0.999978
71.4,-39.9826,-11.276,-0.0066464,-0.999978
71.45,-39.9827,-11.276,-0.0065892,-0.999978
71.5,-39.9829,-11.276,-0.00653025,-0.999979
71.55,-39.983,-11.276,-0.00646965,-0.999979
71.6,-39.9832,-11.276,-0.00641866,-0.999979
71.65,-39.9833,-11.276,-0.00636773,-0.99998
71.7,-39.9835,-11.276,-0.00631262,-0.99998
71.75,-39.9836,-11.276,-0.00626045,-0.99998
71.8,-39.9837,-11.276,-0.00620638,-0.999981
71.85,-39.9839,-11.276,-0.00615053,-0.999981
71.9,-39.984,-11.276,-0.00609727,-0.999981
71.95,-39.9842,-11.276,-0.00604479,-0.999982
72,-39.9843,-11.276,-0.00599264,-0.999982
72.05,-39.9844,-11.276,-0.0059408,-0.999982
72.1,-39.9846,-11.276,-0.00588761,-0.999983
72.15,-39.9847,-11.276,-0.00583275,-0.999983
72.2,-39.9848,-11.276,-0.00578483,-0.999983
72.25,-39.985,-11.276,-0.00573327,-0.999984
72.3,-39.9851,-11.276,-0.00568641,-0.999984
72.35,-39.9852,-11.276,-0.00563542,-0.999984
72.4,-39.9853,-11.276,-0.00558746,-0.999984
72.45,-39.9855,-11.276,-0.00554192,-0.999985
72.5,-39.9856,-11.276,-0.00549439,-0.999985
72.55,-39.9857,-11.276,-0.005445,-0.999985
72.6,-39.9858,-11.276,-0.00539222,-0.999986
72.65,-39.986,-11.276,-0.00534438,-0.999986
72.7,-39.9861,-11.276,-0.00530116,-0.999986
72.75,-39.9862,-11.276,-0.00525638,-0.999986
72.8,-39.9863,-11.276,-0.00521399,-0.999986
72.85,-39.9864,-11.276,-0.00517383,-0.999987
72.9,-39.9865,-11.276,-0.00512726,-0.999987
72.95,-39.9867,-11.276,-0.0050858,-0.999987
73,-39.9868,-11.276,-0.00504448,-0.999987
73.05,-39.9869,-11.276,-0.00500753,-0.999987
73.1,-39.987,-11.276,-0.00496192,-0.999988
73.15,-39.9871,-11.276,-0.00491507,-0.999988
73.2,-39.9872,-11.276,-0.00487089,-0.999988
73.25,-39.9873,-11.276,-0.00482923,-0.999988
73.3,-39.9874,-11.276,-0.00478566,-0.999988
73.35,-39.9875,-11.276,-0.00474294,-0.999989
73.4,-39.9877,-11.276,-0.00470058,-0.999989
73.45,-39.9878,-11.276,-0.00465858,-0.999989
73.5,-39.9879,-11.276,-0.00461691,-0.999989
73.55,-39.988,-11.276,-0.00457817,-0.99999
73.6,-39.9881,-11.276,-0.00454176,-0.99999
73.65,-39.9882,-11.276,-0.00450329,-0.99999
73.7,-39.9883,-11.276,-0.00446287,-0.99999
73.75,-39.9884,-11.276,-0.00443178,-0.99999
73.8,-39.9885,-11.276,-0.00439624,-0.99999
73.85,-39.9886,-11.276,-0.0043608,-0.99999
73.9,-39.9887,-11.276,-0.00432117,-0.999991
73.95,-39.9888,-11.276,-0.00428615,-0.999991
74,-39.9889,-11.276,-0.00424955,-0.999991
74.05,-39.989,-11.276,-0.00421106,-0.999991
74.1,-39.989,-11.276,-0.00417506,-0.999991
74.15,-39.9891,-11.276,-0.00414138,-0.999991
74.2,-39.9892,-11.276,-0.00410989,-0.999992
74.25,-39.9893,-11.276,-0.00407029,-0.999992
74.3,-39.9894,-11.276,-0.00403546,-0.999992
74.35,-39.9895,-11.276,-0.00400509,-0.999992
74.4,-39.9896,-11.276,-0.0039704,-0.999992
74.45,-39.9897,-11.276,-0.00393591,-0.999992
74.5,-39.9898,-11.276,-0.00390423,-0.999992
74.55,-39.9899,-11.276,-0.00387051,-0.999992
74.6,-39.99,-11.276,-0.00383488,-0.999993
74.65,-39.99,-11.276,-0.00380599,-0.999993
74.7,-39.9901,-11.276,-0.00377488,-0.999993
74.75,-39.9902,-11.276,-0.00374007,-0.999993
74.8,-39.9903,-11.276,-0.00370988,-0.999993
74.85,-39.9904,-11.276,-0.00367553,-0.999993
74.9,-39.9905,-11.276,-0.00364577,-0.999993
74.95,-39.9905,-11.276,-0.00361181,-0.999993
75,-39.9906,-11.276,-0.00358079,-0.999994
75.05,-39.9907,-11.276,-0.00355212,-0.999994
75.1,-39.9908,-11.276,-0.00351713,-0.999994
75.15,-39.9909,-11.276,-0.00348473,-0.999994
75.2,-39.9909,-11.276,-0.00345477,-0.999994
75.25,-39.991,-11.276,-0.00342709,-0.999994
75.3,-39.9911,-11.276,-0.0033999,-0.999994
75.35,-39.9912,-11.276,-0.00337278,-0.999994
75.4,-39.9912,-11.276,-0.00334571,-0.999994
75.45,-39.9913,-11.276,-0.00331869,-0.999995
75.5,-39.9914,-11.276,-0.00329173,-0.999995
75.55,-39.9915,-11.276,-0.0032648,-0.999995
75.6,-39.9915,-11.276,-0.00323629,-0.999995
75.65,-39.9916,-11.276,-0.00320587,-0.999995
75.7,-39.9917,-11.276,-0.00318218,-0.999995
75.75,-39.9918,-11.276,-0.00316054,-0.999995
75.8,-39.9918,-11.276,-0.00313231,-0.999995
75.85,-39.9919,-11.276,-0.00310216,-0.999995
75.9,-39.992,-11.276,-0.00307708,-0.999995
75.95,-39.992,-11.276,-0.00304784,-0.999995
76,-39.9921,-11.276,-0.00302746,-0.999995
76.05,-39.9922,-11.276,-0.00299837,-0.999996
76.1,-39.9922,-11.276,-0.00297813,-0.999996
76.15,-39.9923,-11.276,-0.00294917,-0.999996
76.2,-39.9924,-11.276,-0.00292906,-0.999996
76.25,-39.9924,-11.276,-0.00290284,-0.999996
76.3,-39.9925,-11.276,-0.00287047,-0.999996
76.35,-39.9926,-11.276,-0.00284512,-0.999996
76.4,-39.9926,-11.276,-0.00282209,-0.999996
76.45,-39.9927,-11.276,-0.00279697,-0.999996
76.5,-39.9928,-11.276,-0.00276991,-0.999996
76.55,-39.9928,-11.276,-0.00274789,-0.999996
76.6,-39.9929,-11.276,-0.00271742,-0.999996
76.65,-39.9929,-11.276,-0.0026918,-0.999996
76.7,-39.993,-11.276,-0.00267072,-0.999996
76.75,-39.9931,-11.276,-0.00264965,-0.999996
76.8,-39.9931,-11.276,-0.00262008,-0.999997
76.85,-39.9932,-11.276,-0.00259529,-0.999997
76.9,-39.9932,-11.276,-0.00257337,-0.999997
76.95,-39.9933,-11.276,-0.00254945,-0.999997
77,-39.9934,-11.276,-0.00252793,-0.999997
77.05,-39.9934,-11.276,-0.00250866,-0.999997
77.1,-39.9935,-11.276,-0.00248723,-0.999997
77.15,-39.9935,-11.276,-0.00247229,-0.999997
77.2,-39.9936,-11.276,-0.00244642,-0.999997
77.25,-39.9936,-11.276,-0.0024188,-0.999997
77.3,-39.9937,-11.276,-0.00240495,-0.999997
77.35,-39.9937,-11.276,-0.00237804,-0.999997
77.4,-39.9938,-11.276,-0.00236443,-0.999997
77.45,-39.9939,-11.276,-0.00233776,-0.999997
77.5,-39.9939,-11.276,-0.00232438,-0.999997
77.55,-39.994,-11.276,-0.00229791,-0.999997
77.6,-39.994,-11.276,-0.00228047,-0.999997
77.65,-39.9941,-11.276,-0.00225445,-0.999997
77.7,-39.9941,-11.276,-0.00223579,-0.999997
77.75,-39.9942,-11.276,-0.00221936,-0.999997
77.8,-39.9942,-11.276,-0.00220076,-0.999998
77.85,-39.9943,-11.276,-0.00218013,-0.999998
77.9,-39.9943,-11.276,-0.00216611,-0.999998
77.95,-39.9944,-11.276,-0.00214977,-0.999998
78,-39.9944,-11.276,-0.00213126,-0.999998
78.05,-39.9945,-11.276,-0.00211071,-0.999998
78.1,-39.9945,-11.276,-0.0020925,-0.999998
78.15,-39.9946,-11.276,-0.00207061,-0.999998
78.2,-39.9946,-11.276,-0.00205335,-0.999998
78.25,-39.9946,-11.276,-0.00203619,-0.999998
78.3,-39.9947,-11.276,-0.00201486,-0.999998
78.35,-39.9947,-11.276,-0.00199814,-0.999998
78.4,-39.9948,-11.276,-0.00198148,-0.999998
78.45,-39.9948,-11.276,-0.00196488,-0.999998
78.5,-39.9949,-11.276,-0.00194833,-0.999998
78.55,-39.9949,-11.276,-0.00193183,-0.999998
78.6,-39.995,-11.276,-0.00191374,-0.999998
78.65,-39.995,-11.276,-0.00189375,-0.999998
78.7,-39.995,-11.276,-0.00187624,-0.999998
78.75,-39.9951,-11.276,-0.00186105,-0.999998
78.8,-39.9951,-11.276,-0.00184378,-0.999998
78.85,-39.9952,-11.276,-0.00182881,-0.999998
78.9,-39.9952,-11.276,-0.00181601,-0.999998
78.95,-39.9953,-11.276,-0.00180097,-0.999998
79,-39.9953,-11.276,-0.00178385,-0.999998
79.05,-39.9953,-11.276,-0.00176902,-0.999998
79.1,-39.9954,-11.276,-0.00175471,-0.999998
79.15,-39.9954,-11.276,-0.00174047,-0.999999
79.2,-39.9954,-11.276,-0.00172631,-0.999999
79.25,-39.9955,-11.276,-0.00170795,-0.999999
79.3,-39.9955,-11.276,-0.00169418,-0.999999
79.35,-39.9956,-11.276,-0.0016847,-0.999999
79.4,-39.9956,-11.276,-0.00167074,-0.999999
79.45,-39.9956,-11.276,-0.00166109,-0.999999
79.5,-39.9957,-11.276,-0.00164697,-0.999999
79.55,-39.9957,-11.276,-0.00163291,-0.999999
79.6,-39.9958,-11.276,-0.0016189,-0.999999
79.65,-39.9958,-11.276,-0.00160496,-0.999999
79.7,-39.9958,-11.276,-0.00159106,-0.999999
79.75,-39.9959,-11.276,-0.00157984,-0.999999
79.8,-39.9959,-11.276,-0.00156219,-0.999999
79.85,-39.9959,-11.276,-0.00154703,-0.999999
79.9,-39.996,-11.276,-0.00153422,-0.999999
79.95,-39.996,-11.276,-0.00152359,-0.999999
80,-39.996,-11.276,-0.00151076,-0.999999
80.05,-39.9961,-11.276,-0.00149587,-0.999999
80.1,-39.9961,-11.276,-0.0014833,-0.999999
80.15,-39.9961,-11.276,-0.00147291,-0.999999
80.2,-39.9962,-11.276,-0.0014603,-0.999999
80.25,-39.9962,-11.276,-0.00144561,-0.999999
80.3,-39.9962,-11.276,-0.00143323,-0.999999
80.35,-39.9963,-11.276,-0.00142301,-0.999999
80.4,-39.9963,-11.276,-0.00141319,-0.999999
80.45,-39.9963,-11.276,-0.00140332,-0.999999
80.5,-39.9964,-11.276,-0.00139342,-0.999999
80.55,-39.9964,-11.276,-0.00138348,-0.999999
80.6,-39.9964,-11.276,-0.0013735,-0.999999
80.65,-39.9964,-11.276,-0.00136349,-0.999999
80.7,-39.9965,-11.276,-0.00135345,-0.999999
80.75,-39.9965,-11.276,-0.00134338,-0.999999
80.8,-39.9965,-11.276,-0.00133329,-0.999999
80.85,-39.9966,-11.276,-0.00132317,-0.999999
80.9,-39.9966,-11.276,-0.00131303,-0.999999
80.95,-39.9966,-11.276,-0.00130286,-0.999999
81,-39.9967,-11.276,-0.00129268,-0.999999
81.05,-39.9967,-11.276,-0.00128248,-0.999999
81.1,-39.9967,-11.276,-0.00127225,-0.999999
81.15,-39.9968,-11.276,-0.00126201,-0.999999
81.2,-39.9968,-11.276,-0.00125176,-0.999999
81.25,-39.9968,-11.276,-0.00123985,-0.999999
81.3,-39.9968,-11.276,-0.00122598,-0.999999
81.35,-39.9969,-11.276,-0.00121028,-0.999999
81.4,-39.9969,-11.276,-0.00120138,-0.999999
81.45,-39.9969,-11.276,-0.00119032,-0.999999
81.5,-39.9969,-11.276,-0.00117726,-0.999999
81.55,-39.997,-11.276,-0.0011623,-0.999999
81.6,-39.997,-11.276,-0.0011541,-0.999999
81.65,-39.997,-11.276,-0.0011437,-0.999999
81.7,-39.997,-11.276,-0.00113126,-0.999999
81.75,-39.9971,-11.276,-0.00111688,-0.999999
81.8,-39.9971,-11.276,-0.00110922,-0.999999
81.85,-39.9971,-11.276,-0.00109934,-0.999999
81.9,-39.9972,-11.276,-0.00108737,-0.999999
81.95,-39.9972,-11.276,-0.00108032,-0.999999
82,-39.9972,-11.276,-0.00106896,-0.999999
82.05,-39.9972,-11.276,-0.00106208,-0.999999
82.1,-39.9972,-11.276,-0.00105088,-0.999999
82.15,-39.9973,-11.276,-0.00104415,-0.999999
82.2,-39.9973,-11.276,-0.00103309,-1
82.25,-39.9973,-11.276,-0.00102648,-1
82.3,-39.9973,-11.276,-0.00101554,-1
82.35,-39.9974,-11.276,-0.00100905,-1
82.4,-39.9974,-11.276,-0.000998209,-1
82.45,-39.9974,-11.276,-0.000991815,-1
82.5,-39.9974,-11.276,-0.000981071,-1
82.55,-39.9974,-11.276,-0.000974765,-1
82.6,-39.9975,-11.276,-0.000964103,-1
82.65,-39.9975,-11.276,-0.000957874,-1
82.7,-39.9975,-11.276,-0.000947284,-1
82.75,-39.9975,-11.276,-0.000941121,-1
82.8,-39.9976,-11.276,-0.000930595,-1
82.85,-39.9976,-11.276,-0.000924492,-1
82.9,-39.9976,-11.276,-0.000920899,-1
82.95,-39.9976,-11.276,-0.000910734,-1
83,-39.9976,-11.276,-0.000902924,-1
83.05,-39.9977,-11.276,-0.00089732,-1
83.1,-39.9977,-11.276,-0.000889528,-1
83.15,-39.9977,-11.276,-0.000883942,-1
83.2,-39.9977,-11.276,-0.000876166,-1
83.25,-39.9977,-11.276,-0.000870595,-1
83.3,-39.9978,-11.276,-0.000862834,-1
83.35,-39.9978,-11.276,-0.000853019,-1
83.4,-39.9978,-11.276,-0.000845536,-1
83.45,-39.9978,-11.276,-0.000844497,-1
83.5,-39.9978,-11.276,-0.000836727,-1
83.55,-39.9978,-11.276,-0.000826904,-1
83.6,-39.9979,-11.276,-0.000819414,-1
83.65,-39.9979,-11.276,-0.00081411,-1
83.7,-39.9979,-11.276,-0.000802342,-1
83.75,-39.9979,-11.276,-0.000793028,-1
83.8,-39.9979,-11.276,-0.000781758,-1
83.85,-39.998,-11.276,-0.000777168,-1
83.9,-39.998,-11.276,-0.000774584,-1
83.95,-39.998,-11.276,-0.000765366,-1
84,-39.998,-11.276,-0.000758442,-1
84.05,-39.998,-11.276,-0.00075367,-1
84.1,-39.9981,-11.276,-0.000753535,-1
84.15,-39.9981,-11.276,-0.000746203,-1
84.2,-39.9981,-11.276,-0.000739411,-1
84.25,-39.9981,-11.276,-0.000732716,-1
84.3,-39.9981,-11.276,-0.000730369,-1
84.35,-39.9981,-11.276,-0.000723583,-1
84.4,-39.9981,-11.276,-0.000716893,-1
84.45,-39.9982,-11.276,-0.000710293,-1
84.5,-39.9982,-11.276,-0.000703778,-1
84.55,-39.9982,-11.276,-0.000697342,-1
84.6,-39.9982,-11.276,-0.00069098,-1
84.65,-39.9982,-11.276,-0.000684688,-1
84.7,-39.9982,-11.276,-0.000678461,-1
84.75,-39.9983,-11.276,-0.000672296,-1
84.8,-39.9983,-11.276,-0.000666188,-1
84.85,-39.9983,-11.276,-0.000660134,-1
84.9,-39.9983,-11.276,-0.00065413,-1
84.95,-39.9983,-11.276,-0.000648173,-1
85,-39.9983,-11.276,-0.000642261,-1
85.05,-39.9983,-11.276,-0.000636391,-1
85.1,-39.9984,-11.276,-0.000634816,-1
85.15,-39.9984,-11.276,-0.000628755,-1
85.2,-39.9984,-11.276,-0.000622745,-1
85.25,-39.9984,-11.276,-0.000616782,-1
85.3,-39.9984,-11.276,-0.000610864,-1
85.35,-39.9984,-11.276,-0.000604988,-1
85.4,-39.9985,-11.276,-0.000599151,-1
85.45,-39.9985,-11.276,-0.000593351,-1
85.5,-39.9985,-11.276,-0.000587586,-1
85.55,-39.9985,-11.276,-0.000581853,-1
85.6,-39.9985,-11.276,-0.000583029,-1
85.65,-39.9985,-11.276,-0.000577499,-1
85.7,-39.9985,-11.276,-0.000574197,-1
85.75,-39.9985,-11.276,-0.000568727,-1
85.8,-39.9986,-11.276,-0.000565482,-1
85.85,-39.9986,-11.276,-0.000555807,-1
85.9,-39.9986,-11.276,-0.00054862,-1
85.95,-39.9986,-11.276,-0.000543764,-1
86,-39.9986,-11.276,-0.000536838,-1
86.05,-39.9986,-11.276,-0.000536484,-1
86.1,-39.9986,-11.276,-0.000529521,-1
86.15,-39.9986,-11.276,-0.000524875,-1
86.2,-39.9986,-11.276,-0.000526661,-1
86.25,-39.9987,-11.276,-0.000521702,-1
86.3,-39.9987,-11.276,-0.000518936,-1
86.35,-39.9987,-11.276,-0.000513968,-1
86.4,-39.9987,-11.276,-0.000511194,-1
86.45,-39.9987,-11.276,-0.000501961,-1
86.5,-39.9987,-11.276,-0.000499444,-1
86.55,-39.9987,-11.276,-0.000494711,-1
86.6,-39.9987,-11.276,-0.000492156,-1
86.65,-39.9987,-11.276,-0.000491644,-1
86.7,-39.9988,-11.276,-0.000484532,-1
86.75,-39.9988,-11.276,-0.000479746,-1
86.8,-39.9988,-11.276,-0.000481401,-1
86.85,-39.9988,-11.276,-0.000476319,-1
86.9,-39.9988,-11.276,-0.000464923,-1
86.95,-39.9988,-11.276,-0.00046038,-1
87,-39.9988,-11.276,-0.000458003,-1
87.05,-39.9988,-11.276,-0.000449142,-1
87.1,-39.9988,-11.276,-0.000446976,-1
87.15,-39.9989,-11.276,-0.000442571,-1
87.2,-39.9989,-11.276,-0.000440323,-1
87.25,-39.9989,-11.276,-0.000440099,-1
87.3,-39.9989,-11.276,-0.000433256,-1
87.35,-39.9989,-11.276,-0.000428724,-1
87.4,-39.9989,-11.276,-0.000422101,-1
87.45,-39.9989,-11.276,-0.000417774,-1
87.5,-39.9989,-11.276,-0.000407086,-1
87.55,-39.9989,-11.276,-0.000401569,-1
87.6,-39.999,-11.276,-0.00040049,-1
87.65,-39.999,-11.276,-0.000403572,-1
87.7,-39.999,-11.276,-0.000393525,-1
87.75,-39.999,-11.276,-0.0003882,-1
87.8,-39.999,-11.276,-0.000387301,-1
87.85,-39.999,-11.276,-0.000390551,-1
87.9,-39.999,-11.276,-0.00038492,-1
87.95,-39.999,-11.276,-0.000383734,-1
88,-39.999,-11.276,-0.000382458,-1
88.05,-39.999,-11.276,-0.000385356,-1
88.1,-39.999,-11.276,-0.000379393,-1
88.15,-39.999,-11.276,-0.000377897,-1
88.2,-39.999,-11.276,-0.000367815,-1
88.25,-39.9991,-11.276,-0.000362457,-1
88.3,-39.9991,-11.276,-0.000361527,-1
88.35,-39.9991,-11.276,-0.000364748,-1
88.4,-39.9991,-11.276,-0.000354833,-1
88.45,-39.9991,-11.276,-0.00034963,-1
88.5,-39.9991,-11.276,-0.000348846,-1
88.55,-39.9991,-11.276,-0.000352204,-1
88.6,-39.9991,-11.276,-0.000346674,-1
88.65,-39.9991,-11.276,-0.000345583,-1
88.7,-39.9991,-11.276,-0.000344396,-1
88.75,-39.9991,-11.276,-0.000347376,-1
88.8,-39.9991,-11.276,-0.000341492,-1
88.85,-39.9991,-11.276,-0.000340068,-1
88.9,-39.9991,-11.276,-0.00033857,-1
88.95,-39.9992,-11.276,-0.000341259,-1
89,-39.9992,-11.276,-0.000335101,-1
89.05,-39.9992,-11.276,-0.000333421,-1
89.1,-39.9992,-11.276,-0.000323168,-1
89.15,-39.9992,-11.276,-0.000317648,-1
89.2,-39.9992,-11.276,-0.000316567,-1
89.25,-39.9992,-11.276,-0.000319648,-1
89.3,-39.9992,-11.276,-0.000309599,-1
89.35,-39.9992,-11.276,-0.000304272,-1
89.4,-39.9992,-11.276,-0.000303371,-1
89.45,-39.9992,-11.276,-0.00030662,-1
89.5,-39.9992,-11.276,-0.000300987,-1
89.55,-39.9992,-11.276,-0.0002998,-1
89.6,-39.9993,-11.276,-0.000298523,-1
89.65,-39.9993,-11.276,-0.000301419,-1
89.7,-39.9993,-11.276,-0.000295455,-1
89.75,-39.9993,-11.276,-0.000293958,-1
89.8,-39.9993,-11.276,-0.000283875,-1
89.85,-39.9993,-11.276,-0.000278516,-1
89.9,-39.9993,-11.276,-0.000273327,-1
89.95,-39.9993,-11.276,-0.000272557,-1
90,-39.9993,-11.276,-0.000263156,-1
90.05,-39.9993,-11.276,-0.000258436,-1
90.1,-39.9993,-11.276,-0.000258104,-1
90.15,-39.9993,-11.276,-0.000261887,-1
90.2,-39.9993,-11.276,-0.000252496,-1
90.25,-39.9994,-11.276,-0.000247787,-1
90.3,-39.9994,-11.276,-0.000245828,-1
90.35,-39.9994,-11.276,-0.000246038,-1
90.4,-39.9994,-11.276,-0.000248282,-1
90.45,-39.9994,-11.276,-0.000252433,-1
90.5,-39.9994,-11.276,-0.000247235,-1
90.55,-39.9994,-11.276,-0.000244819,-1
90.6,-39.9994,-11.276,-0.0002446,-1
90.65,-39.9994,-11.276,-0.000242185,-1
90.7,-39.9994,-11.276,-0.000233452,-1
90.75,-39.9994,-11.276,-0.000227312,-1
90.8,-39.9994,-11.276,-0.000223602,-1
90.85,-39.9994,-11.276,-0.000222171,-1
90.9,-39.9994,-11.276,-0.000218619,-1
90.95,-39.9994,-11.276,-0.000217335,-1
91,-39.9994,-11.276,-0.000218179,-1
91.05,-39.9994,-11.276,-0.000216758,-1
91.1,-39.9994,-11.276,-0.000208959,-1
91.15,-39.9994,-11.276,-0.000203694,-1
91.2,-39.9994,-11.276,-0.000200804,-1
91.25,-39.9994,-11.276,-0.000200142,-1
91.3,-39.9994,-11.276,-0.000201568,-1
91.35,-39.9994,-11.276,-0.000204952,-1
91.4,-39.9994,-11.276,-0.000210171,-1
91.45,-39.9994,-11.276,-0.000208595,-1
91.5,-39.9995,-11.276,-0.00020065,-1
91.55,-39.9995,-11.276,-0.000195248,-1
91.6,-39.9995,-11.276,-0.000192231,-1
91.65,-39.9995,-11.276,-0.000191449,-1
91.7,-39.9995,-11.276,-0.000192762,-1
91.75,-39.9995,-11.276,-0.00019604,-1
91.8,-39.9995,-11.276,-0.00020116,-1
91.85,-39.9995,-11.276,-0.000199492,-1
91.9,-39.9995,-11.276,-0.000195717,-1
91.95,-39.9995,-11.276,-0.000194225,-1
92,-39.9995,-11.276,-0.000194873,-1
92.05,-39.9995,-11.276,-0.00019327,-1
92.1,-39.9995,-11.276,-0.000193814,-1
92.15,-39.9995,-11.276,-0.00019637,-1
92.2,-39.9995,-11.276,-0.000200814,-1
92.25,-39.9995,-11.276,-0.000198511,-1
92.3,-39.9995,-11.276,-0.000194142,-1
92.35,-39.9995,-11.276,-0.000192093,-1
92.4,-39.9995,-11.276,-0.000192218,-1
92.45,-39.9995,-11.276,-0.000190125,-1
92.5,-39.9995,-11.276,-0.000181694,-1
92.55,-39.9995,-11.276,-0.000175837,-1
92.6,-39.9995,-11.276,-0.000172393,-1
92.65,-39.9995,-11.276,-0.000171211,-1
92.7,-39.9995,-11.276,-0.000167892,-1
92.75,-39.9995,-11.276,-0.000166828,-1
92.8,-39.9995,-11.276,-0.000167876,-1
92.85,-39.9996,-11.276,-0.000166648,-1
92.9,-39.9996,-11.276,-0.000159029,-1
92.95,-39.9996,-11.276,-0.000153933,-1
93,-39.9996,-11.276,-0.000151202,-1
93.05,-39.9996,-11.276,-0.000150689,-1
93.1,-39.9996,-11.276,-0.000152254,-1
93.15,-39.9996,-11.276,-0.000155768,-1
93.2,-39.9996,-11.276,-0.00016111,-1
93.25,-39.9996,-11.276,-0.000159649,-1
93.3,-39.9996,-11.276,-0.000151811,-1
93.35,-39.9996,-11.276,-0.00014651,-1
93.4,-39.9996,-11.276,-0.000143587,-1
93.45,-39.9996,-11.276,-0.000142894,-1
93.5,-39.9996,-11.276,-0.00014429,-1
93.55,-39.9996,-11.276,-0.000147647,-1
93.6,-39.9996,-11.276,-0.00015284,-1
93.65,-39.9996,-11.276,-0.00015124,-1
93.7,-39.9996,-11.276,-0.000147529,-1
93.75,-39.9996,-11.276,-0.000146098,-1
93.8,-39.9996,-11.276,-0.000146802,-1
93.85,-39.9996,-11.276,-0.000145252,-1
93.9,-39.9996,-11.276,-0.000145845,-1
93.95,-39.9996,-11.276,-0.000148448,-1
94,-39.9996,-11.276,-0.000152935,-1
94.05,-39.9996,-11.276,-0.000150674,-1
94.1,-39.9996,-11.276,-0.000146343,-1
94.15,-39.9997,-11.276,-0.000144329,-1
94.2,-39.9997,-11.276,-0.000144488,-1
94.25,-39.9997,-11.276,-0.000142427,-1
94.3,-39.9997,-11.276,-0.000134026,-1
94.35,-39.9997,-11.276,-0.000128197,-1
94.4,-39.9997,-11.276,-0.000124778,-1
94.45,-39.9997,-11.276,-0.000123621,-1
94.5,-39.9997,-11.276,-0.000120325,-1
94.55,-39.9997,-11.276,-0.000119281,-1
94.6,-39.9997,-11.276,-0.00012035,-1
94.65,-39.9997,-11.276,-0.000119141,-1
94.7,-39.9997,-11.276,-0.00011154,-1
94.75,-39.9997,-11.276,-0.00010646,-1
94.8,-39.9997,-11.276,-0.000103745,-1
94.85,-39.9997,-11.276,-0.000103246,-1
94.9,-39.9997,-11.276,-0.000104825,-1
94.95,-39.9997,-11.276,-0.000108352,-1
95,-39.9997,-11.276,-0.000113705,-1
95.05,-39.9997,-11.276,-0.000112256,-1
95.1,-39.9997,-11.276,-0.000104428,-1
95.15,-39.9997,-11.276,-9.91374e-05,-1
95.2,-39.9997,-11.276,-9.62237e-05,-1
95.25,-39.9997,-11.276,-9.55389e-05,-1
95.3,-39.9997,-11.276,-9.69436e-05,-1
95.35,-39.9997,-11.276,-0.000100307,-1
95.4,-39.9997,-11.276,-0.000105508,-1
95.45,-39.9998,-11.276,-0.000103915,-1
95.5,-39.9998,-11.276,-0.00010021,-1
95.55,-39.9998,-11.276,-9.87845e-05,-1
95.6,-39.9998,-11.276,-9.94945e-05,-1
95.65,-39.9998,-11.276,-9.79494e-05,-1
95.7,-39.9998,-11.276,-9.00326e-05,-1
95.75,-39.9998,-11.276,-8.46574e-05,-1
95.8,-39.9998,-11.276,-8.0028e-05,-1
95.85,-39.9998,-11.276,-7.5688e-05,-1
95.9,-39.9998,-11.276,-7.16193e-05,-1
95.95,-39.9998,-11.276,-6.78048e-05,-1
96,-39.9998,-11.276,-6.42288e-05,-1
96.05,-39.9998,-11.276,-6.08762e-05,-1
96.1,-39.9998,-11.276,-5.77332e-05,-1
96.15,-39.9998,-11.276,-5.47866e-05,-1
96.2,-39.9998,-11.276,-5.20242e-05,-1
96.25,-39.9998,-11.276,-4.94345e-05,-1
96.3,-39.9998,-11.276,-4.70066e-05,-1
96.35,-39.9998,-11.276,-4.47304e-05,-1
96.4,-39.9998,-11.276,-4.25965e-05,-1
96.45,-39.9998,-11.276,-4.0596e-05,-1
96.5,-39.9998,-11.276,-3.87205e-05,-1
96.55,-39.9998,-11.276,-3.69622e-05,-1
96.6,-39.9998,-11.276,-3.53138e-05,-1
96.65,-39.9998,-11.276,-3.37684e-05,-1
96.7,-39.9998,-11.276,-3.23197e-05,-1
96.75,-39.9998,-11.276,-3.09614e-05,-1
96.8,-39.9998,-11.276,-2.96881e-05,-1
96.85,-39.9998,-11.276,-2.84943e-05,-1
96.9,-39.9998,-11.276,-2.73752e-05,-1
96.95,-39.9998,-11.276,-2.6326e-05,-1
97,-39.9998,-11.276,-2.53424e-05,-1
97.05,-39.9998,-11.276,-2.44202e-05,-1
97.1,-39.9998,-11.276,-2.35557e-05,-1
97.15,-39.9998,-11.276,-2.27452e-05,-1
97.2,-39.9998,-11.276,-2.19854e-05,-1
97.25,-39.9998,-11.276,-2.12731e-05,-1
97.3,-39.9998,-11.276,-2.06053e-05,-1
97.35,-39.9998,-11.276,-1.99792e-05,-1
97.4,-39.9998,-11.276,-1.93922e-05,-1
97.45,-39.9998,-11.276,-1.8842e-05,-1
97.5,-39.9998,-11.276,-1.83261e-05,-1
97.55,-39.9998,-11.276,-1.78425e-05,-1
97.6,-39.9998,-11.276,-1.73891e-05,-1
97.65,-39.9998,-11.276,-1.6964e-05,-1
97.7,-39.9998,-11.276,-1.65655e-05,-1
97.75,-39.9998,-11.276,-1.61919e-05,-1
97.8,-39.9998,-11.276,-1.58417e-05,-1
97.85,-39.9998,-11.276,-1.55133e-05,-1
97.9,-39.9998,-11.276,-1.52055e-05,-1
97.95,-39.9998,-11.276,-1.49169e-05,-1
98,-39.9998,-11.276,-1.46463e-05,-1
98.05,-39.9998,-11.276,-1.43927e-05,-1
98.1,-39.9998,-11.276,-1.41549e-05,-1
98.15,-39.9998,-11.276,-1.3932e-05,-1
98.2,-39.9998,-11.276,-1.3723e-05,-1
98.25,-39.9998,-11.276,-1.3527e-05,-1
98.3,-39.9998,-11.276,-1.33433e-05,-1
98.35,-39.9998,-11.276,-1.31711e-05,-1
98.4,-39.9998,-11.276,-1.30097e-05,-1
98.45,-39.9998,-11.276,-1.28583e-05,-1
98.5,-39.9998,-11.276,-1.27164e-05,-1
98.55,-39.9998,-11.276,-1.25834e-05,-1
98.6,-39.9998,-11.276,-1.24587e-05,-1
98.65,-39.9998,-11.276,-1.23418e-05,-1
98.7,-39.9998,-11.276,-1.22322e-05,-1
98.75,-39.9998,-11.276,-1.21294e-05,-1
98.8,-39.9998,-11.276,-1.20331e-05,-1
98.85,-39.9998,-11.276,-1.19428e-05,-1
98.9,-39.9998,-11.276,-1.18581e-05,-1
98.95,-39.9998,-11.276,-1.17787e-05,-1
99,-39.9998,-11.276,-1.17043e-05,-1
99.05,-39.9998,-11.276,-1.16345e-05,-1
99.1,-39.9998,-11.276,-1.15691e-05,-1
99.15,-39.9998,-11.276,-1.15078e-05,-1
99.2,-39.9998,-11.276,-1.14503e-05,-1
99.25,-39.9998,-11.276,-1.13964e-05,-1
99.3,-39.9998,-11.276,-1.13459e-05,-1
99.35,-39.9998,-11.276,-1.12985e-05,-1
99.4,-39.9998,-11.276,-1.12541e-05,-1
99.45,-39.9998,-11.276,-1.12125e-05,-1
99.5,-39.9998,-11.276,-1.11734e-05,-1
99.55,-39.9998,-11.276,-1.11369e-05,-1
99.6,-39.9998,-11.276,-1.11026e-05,-1
99.65,-39.9998,-11.276,-1.10704e-05,-1
99.7,-39.9998,-11.276,-1.10402e-05,-1
99.75,-39.9998,-11.276,-1.1012e-05,-1
99.8,-39.9998,-11.276,-1.09855e-05,-1
99.85,-39.9998,-11.276,-1.09606e-05,-1
99.9,-39.9998,-11.276,-1.09374e-05,-1
99.95,-39.9998,-11.276,-1.09155e-05,-1
100,-39.9998,-11.276,-1.0895e-05,-1
100.05,-39.9998,-11.276,-1.08759e-05,-1
100.1,-39.9998,-11.276,-1.08579e-05,-1
100.15,-39.9998,-11.276,-1.0841e-05,-1
100.2,-39.9998,-11.276,-1.08252e-05,-1
100.25,-39.9998,-11.276,-1.08104e-05,-1
100.3,-39.9998,-11.276,-1.07965e-05,-1
100.35,-39.9998,-11.276,-1.07834e-05,-1
100.4,-39.9998,-11.276,-1.07712e-05,-1
100.45,-39.9998,-11.276,-1.07598e-05,-1
100.5,-39.9998,-11.276,-1.0749e-05,-1
100.55,-39.9998,-11.276,-1.0739e-05,-1
100.6,-39.9998,-11.276,-1.07295e-05,-1
100.65,-39.9998,-11.276,-1.07207e-05,-1
100.7,-39.9998,-11.276,-1.07124e-05,-1
100.75,-39.9998,-11.276,-1.07046e-05,-1
100.8,-39.9998,-11.276,-1.06973e-05,-1
100.85,-39.9998,-11.276,-1.06905e-05,-1
100.9,-39.9998,-11.276,-1.06841e-05,-1
100.95,-39.9998,-11.276,-1.06781e-05,-1
101,-39.9998,-11.276,-1.06725e-05,-1
101.05,-39.9998,-11.276,-1.06672e-05,-1
101.1,-39.9998,-11.276,-1.06622e-05,-1
101.15,-39.9998,-11.276,-1.06576e-05,-1
101.2,-39.9998,-11.276,-1.06532e-05,-1
101.25,-39.9998,-11.276,-1.06492e-05,-1
101.3,-39.9998,-11.276,-1.06453e-05,-1
101.35,-39.9998,-11.276,-1.06418e-05,-1
101.4,-39.9998,-11.276,-1.06384e-05,-1
101.45,-39.9998,-11.276,-1.06353e-05,-1
101.5,-39.9998,-11.276,-1.06323e-05,-1
101.55,-39.9998,-11.276,-1.06295e-05,-1
101.6,-39.9998,-11.276,-1.06269e-05,-1
101.65,-39.9998,-11.276,-1.06245e-05,-1
101.7,-39.9998,-11.276,-1.06222e-05,-1
101.75,-39.9998,-11.276,-1.06201e-05,-1
101.8,-39.9998,-11.276,-1.06181e-05,-1
101.85,-39.9998,-11.276,-1.06162e-05,-1
101.9,-39.9998,-11.276,-1.06144e-05,-1
101.95,-39.9998,-11.276,-1.06128e-05,-1
102,-39.9998,-11.276,-1.06112e-05,-1
102.05,-39.9998,-11.276,-1.06098e-05,-1
102.1,-39.9998,-11.276,-1.06084e-05,-1
102.15,-39.9998,-11.276,-1.06071e-05,-1
102.2,-39.9998,-11.276,-1.0606e-05,-1
102.25,-39.9998,-11.276,-1.06048e-05,-1
102.3,-39.9998,-11.276,-1.06038e-05,-1
102.35,-39.9998,-11.276,-1.06028e-05,-1
102.4,-39.9998,-11.276,-1.06019e-05,-1
102.45,-39.9998,-11.276,-1.0601e-05,-1
102.5,-39.9998,-11.276,-1.06002e-05,-1
102.55,-39.9998,-11.276,-1.05994e-05,-1
102.6,-39.9998,-11.276,-1.05987e-05,-1
102.65,-39.9998,-11.276,-1.0598e-05,-1
102.7,-39.9998,-11.276,-1.05974e-05,-1
102.75,-39.9998,-11.276,-1.05968e-05,-1
102.8,-39.9998,-11.276,-1.05963e-05,-1
102.85,-39.9998,-11.276,-1.05958e-05,-1
102.9,-39.9998,-11.276,-1.05953e-05,-1
102.95,-39.9998,-11.276,-1.05948e-05,-1
103,-39.9998,-11.276,-1.05944e-05,-1
103.05,-39.9998,-11.276,-1.0594e-05,-1
103.1,-39.9998,-11.276,-1.05936e-05,-1
103.15,-39.9998,-11.276,-1.05933e-05,-1
103.2,-39.9998,-11.276,-1.05929e-05,-1
103.25,-39.9998,-11.276,-1.05926e-05,-1
103.3,-39.9998,-11.276,-1.05923e-05,-1
103.35,-39.9998,-11.276,-1.05921e-05,-1
103.4,-39.9998,-11.276,-1.05918e-05,-1
103.45,-39.9998,-11.276,-1.05916e-05,-1
103.5,-39.9998,-11.276,-1.05914e-05,-1
103.55,-39.9998,-11.276,-1.05911e-05,-1
103.6,-39.9998,-11.276,-1.0591e-05,-1
103.65,-39.9998,-11.276,-1.05908e-05,-1
103.7,-39.9998,-11.276,-1.05906e-05,-1
103.75,-39.9998,-11.276,-1.05904e-05,-1
103.8,-39.9998,-11.276,-1.05903e-05,-1
103.85,-39.9998,-11.276,-1.05901e-05,-1
103.9,-39.9998,-11.276,-1.059e-05,-1
103.95,-39.9998,-11.276,-1.05899e-05,-1
104,-39.9998,-11.276,-1.05898e-05,-1
104.05,-39.9998,-11.276,-1.05897e-05,-1
104.1,-39.9998,-11.276,-1.05896e-05,-1
104.15,-39.9998,-11.276,-1.05895e-05,-1
104.2,-39.9998,-11.276,-1.05894e-05,-1
104.25,-39.9998,-11.276,-1.05893e-05,-1
104.3,-39.9998,-11.276,-1.05892e-05,-1
104.35,-39.9998,-11.276,-1.05891e-05,-1
104.4,-39.9998,-11.276,-1.05891e-05,-1
104.45,-39.9998,-11.276,-1.0589e-05,-1
104.5,-39.9998,-11.276,-1.05889e-05,-1
104.55,-39.9998,-11.276,-1.05889e-05,-1
104.6,-39.9998,-11.276,-1.05888e-05,-1
104.65,-39.9998,-11.276,-1.05888e-05,-1
104.7,-39.9998,-11.276,-1.05887e-05,-1
104.75,-39.9998,-11.276,-1.05887e-05,-1
104.8,-39.9998,-11.276,-1.05886e-05,-1
104.85,-39.9998,-11.276,-1.05886e-05,-1
104.9,-39.9998,-11.276,-1.05886e-05,-1
104.95,-39.9998,-11.276,-1.05885e-05,-1
105,-39.9998,-11.276,-1.05885e-05,-1
105.05,-39.9998,-11.276,-1.05885e-05,-1
105.1,-39.9998,-11.276,-1.05884e-05,-1
105.15,-39.9998,-11.276,-1.05884e-05,-1
105.2,-39.9998,-11.276,-1.05884e-05,-1
105.25,-39.9998,-11.276,-1.05884e-05,-1
105.3,-39.9998,-11.276,-1.05883e-05,-1
105.35,-39.9998,-11.276,-1.05883e-05,-1
105.4,-39.9998,-11.276,-1.05883e-05,-1
105.45,-39.9998,-11.276,-1.05883e-05,-1
105.5,-39.9998,-11.276,-1.05883e-05,-1
105.55,-39.9998,-11.276,-1.05882e-05,-1
105.6,-39.9998,-11.276,-1.05882e-05,-1
105.65,-39.9998,-11.276,-1.05882e-05,-1
105.7,-39.9998,-11.276,-1.05882e-05,-1
105.75,-39.9998,-11.276,-1.05882e-05,-1
105.8,-39.9998,-11.276,-1.05882e-05,-1
105.85,-39.9998,-11.276,-1.05882e-05,-1
105.9,-39.9998,-11.276,-1.05882e-05,-1
105.95,-39.9998,-11.276,-1.05881e-05,-1
106,-39.9998,-11.276,-1.05881e-05,-1
106.05,-39.9998,-11.276,-1.05881e-05,-1
106.1,-39.9998,-11.276,-1.05881e-05,-1
106.15,-39.9998,-11.276,-1.05881e-05,-1
106.2,-39.9998,-11.276,-1.05881e-05,-1
106.25,-39.9998,-11.276,-1.05881e-05,-1
106.3,-39.9998,-11.276,-1.05881e-05,-1
106.35,-39.9998,-11.276,-1.05881e-05,-1
106.4,-39.9998,-11.276,-1.05881e-05,-1
106.45,-39.9998,-11.276,-1.05881e-05,-1
106.5,-39.9998,-11.276,-1.05881e-05,-1
106.55,-39.9998,-11.276,-1.05881e-05,-1
106.6,-39.9998,-11.276,-1.05881e-05,-1
106.65,-39.9998,-11.276,-1.05881e-05,-1
106.7,-39.9998,-11.276,-1.05881e-05,-1
106.75,-39.9998,-11.276,-1.05881e-05,-1
106.8,-39.9998,-11.276,-1.05881e-05,-1
106.85,-39.9998,-11.276,-1.05881e-05,-1
106.9,-39.9998,-11.276,-1.0588e-05,-1
106.95,-39.9998,-11.276,-1.0588e-05,-1
107,-39.9998,-11.276,-1.0588e-05,-1
107.05,-39.9998,-11.276,-1.0588e-05,-1
107.1,-39.9998,-11.276,-1.0588e-05,-1
107.15,-39.9998,-11.276,-1.0588e-05,-1
107.2,-39.9998,-11.276,-1.0588e-05,-1
107.25,-39.9998,-11.276,-1.0588e-05,-1
107.3,-39.9998,-11.276,-1.0588e-05,-1
107.35,-39.9998,-11.276,-1.0588e-05,-1
107.4,-39.9998,-11.276,-1.0588e-05,-1
107.45,-39.9998,-11.276,-1.0588e-05,-1
107.5,-39.9998,-11.276,-1.0588e-05,-1
107.55,-39.9998,-11.276,-1.0588e-05,-1
107.6,-39.9998,-11.276,-1.0588e-05,-1
107.65,-39.9998,-11.276,-1.0588e-05,-1
107.7,-39.9998,-11.276,-1.0588e-05,-1
107.75,-39.9998,-11.276,-1.0588e-05,-1
107.8,-39.9998,-11.276,-1.0588e-05,-1
107.85,-39.9998,-11.276,-1.0588e-05,-1
107.9,-39.9998,-11.276,-1.0588e-05,-1
107.95,-39.9998,-11.276,-1.0588e-05,-1
108,-39.9998,-11.276,-1.0588e-05,-1
108.05,-39.9998,-11.276,-1.0588e-05,-1
108.1,-39.9998,-11.276,-1.0588e-05,-1
108.15,-39.9998,-11.276,-1.0588e-05,-1
108.2,-39.9998,-11.276,-1.0588e-05,-1
108.25,-39.9998,-11.276,-1.0588e-05,-1
108.3,-39.9998,-11.276,-1.0588e-05,-1
108.35,-39.9998,-11.276,-1.0588e-05,-1
108.4,-39.9998,-11.276,-1.0588e-05,-1
108.45,-39.9998,-11.276,-1.0588e-05,-1
108.5,-39.9998,-11.276,-1.0588e-05,-1
108.55,-39.9998,-11.276,-1.0588e-05,-1
108.6,-39.9998,-11.276,-1.0588e-05,-1
108.65,-39.9998,-11.276,-1.0588e-05,-1
108.7,-39.9998,-11.276,-1.0588e-05,-1
108.75,-39.9998,-11.276,-1.0588e-05,-1
108.8,-39.9998,-11.276,-1.0588e-05,-1
108.85,-39.9998,-11.276,-1.0588e-05,-1
108.9,-39.9998,-11.276,-1.0588e-05,-1
108.95,-39.9998,-11.276,-1.0588e-05,-1
109,-39.9998,-11.276,-1.0588e-05,-1
109.05,-39.9998,-11.276,-1.0588e-05,-1
109.1,-39.9998,-11.276,-1.0588e-05,-1
109.15,-39.9998,-11.276,-1.0588e-05,-1
109.2,-39.9998,-11.276,-1.0588e-05,-1
109.25,-39.9998,-11.276,-1.0588e-05,-1
109.3,-39.9998,-11.276,-1.0588e-05,-1
109.35,-39.9998,-11.276,-1.0588e-05,-1
109.4,-39.9998,-11.276,-1.0588e-05,-1
109.45,-39.9998,-11.276,-1.0588e-05,-1
109.5,-39.9998,-11.276,-1.0588e-05,-1
109.55,-39.9998,-11.276,-1.0588e-05,-1
109.6,-39.9998,-11.276,-1.0588e-05,-1
109.65,-39.9998,-11.276,-1.0588e-05,-1
109.7,-39.9998,-11.276,-1.0588e-05,-1
109.75,-39.9998,-11.276,-1.0588e-05,-1
109.8,-39.9998,-11.276,-1.0588e-05,-1
109.85,-39.9998,-11.276,-1.0588e-05,-1
109.9,-39.9998,-11.276,-1.0588e-05,-1
109.95,-39.9998,-11.276,-1.0588e-05,-1
110,-39.9998,-11.276,-1.0588e-05,-1
110.05,-39.9998,-11.276,-1.0588e-05,-1
110.1,-39.9998,-11.276,-1.0588e-05,-1
110.15,-39.9998,-11.276,-1.0588e-05,-1
110.2,-39.9998,-11.276,-1.0588e-05,-1
110.25,-39.9998,-11.276,-1.0588e-05,-1
110.3,-39.9998,-11.276,-1.0588e-05,-1
110.35,-39.9998,-11.276,-1.0588e-05,-1
110.4,-39.9998,-11.276,-1.0588e-05,-1
110.45,-39.9998,-11.276,-1.0588e-05,-1
110.5,-39.9998,-11.276,-1.0588e-05,-1
110.55,-39.9998,-11.276,-1.0588e-05,-1
110.6,-39.9998,-11.276,-1.0588e-05,-1
110.65,-39.9998,-11.276,-1.0588e-05,-1
110.7,-39.9998,-11.276,-1.0588e-05,-1
110.75,-39.9998,-11.276,-1.0588e-05,-1
110.8,-39.9998,-11.276,-1.0588e-05,-1
110.85,-39.9998,-11.276,-1.0588e-05,-1
110.9,-39.9998,-11.276,-1.0588e-05,-1
110.95,-39.9998,-11.276,-1.0588e-05,-1
111,-39.9998,-11.276,-1.0588e-05,-1
111.05,-39.9998,-11.276,-1.0588e-05,-1
111.1,-39.9998,-11.276,-1.0588e-05,-1
111.15,-39.9998,-11.276,-1.0588e-05,-1
111.2,-39.9998,-11.276,-1.0588e-05,-1
111.25,-39.9998,-11.276,-1.0588e-05,-1
111.3,-39.9998,-11.276,-1.0588e-05,-1
111.35,-39.9998,-11.276,-1.0588e-05,-1
111.4,-39.9998,-11.276,-1.0588e-05,-1
111.45,-39.9998,-11.276,-1.0588e-05,-1
111.5,-39.9998,-11.276,-1.0588e-05,-1
111.55,-39.9998,-11.276,-1.0588e-05,-1
111.6,-39.9998,-11.276,-1.0588e-05,-1
111.65,-39.9998,-11.276,-1.0588e-05,-1
111.7,-39.9998,-11.276,-1.0588e-05,-1
111.75,-39.9998,-11.276,-1.0588e-05,-1
111.8,-39.9998,-11.276,-1.0588e-05,-1
111.85,-39.9998,-11.276,-1.0588e-05,-1
111.9,-39.9998,-11.276,-1.0588e-05,-1
111.95,-39.9998,-11.276,-1.0588e-05,-1
112,-39.9998,-11.276,-1.0588e-05,-1
112.05,-39.9998,-11.276,-1.0588e-05,-1
112.1,-39.9998,-11.276,-1.0588e-05,-1
112.15,-39.9998,-11.276,-1.0588e-05,-1
112.2,-39.9998,-11.276,-1.0588e-05,-1
112.25,-39.9998,-11.276,-1.0588e-05,-1
112.3,-39.9998,-11.276,-1.0588e-05,-1
112.35,-39.9998,-11.276,-1.0588e-05,-1
112.4,-39.9998,-11.276,-1.0588e-05,-1
112.45,-39.9998,-11.276,-1.0588e-05,-1
112.5,-39.9998,-11.276,-1.0588e-05,-1
112.55,-39.9998,-11.276,-1.0588e-05,-1
112.6,-39.9998,-11.276,-1.0588e-05,-1
112.65,-39.9998,-11.276,-1.0588e-05,-1
112.7,-39.9998,-11.276,-1.0588e-05,-1
112.75,-39.9998,-11.276,-1.0588e-05,-1
112.8,-39.9998,-11.276,-1.0588e-05,-1
112.85,-39.9998,-11.276,-1.0588e-05,-1
112.9,-39.9998,-11.276,-1.0588e-05,-1
112.95,-39.9998,-11.276,-1.0588e-05,-1
113,-39.9998,-11.276,-1.0588e-05,-1
113.05,-39.9998,-11.276,-1.0588e-05,-1
113.1,-39.9998,-11.276,-1.0588e-05,-1
113.15,-39.9998,-11.276,-1.0588e-05,-1
113.2,-39.9998,-11.276,-1.0588e-05,-1
113.25,-39.9998,-11.276,-1.0588e-05,-1
113.3,-39.9998,-11.276,-1.0588e-05,-1
113.35,-39.9998,-11.276,-1.0588e-05,-1
113.4,-39.9998,-11.276,-1.0588e-05,-1
113.45,-39.9998,-11.276,-1.0588e-05,-1
113.5,-39.9998,-11.276,-1.0588e-05,-1
113.55,-39.9998,-11.276,-1.0588e-05,-1
113.6,-39.9998,-11.276,-1.0588e-05,-1
113.65,-39.9998,-11.276,-1.0588e-05,-1
113.7,-39.9998,-11.276,-1.0588e-05,-1
113.75,-39.9998,-11.276,-1.0588e-05,-1
113.8,-39.9998,-11.276,-1.0588e-05,-1
113.85,-39.9998,-11.276,-1.0588e-05,-1
113.9,-39.9998,-11.276,-1.0588e-05,-1
113.95,-39.9998,-11.276,-1.0588e-05,-1
114,-39.9998,-11.276,-1.0588e-05,-1
114.05,-39.9998,-11.276,-1.0588e-05,-1
114.1,-39.9998,-11.276,-1.0588e-05,-1
114.15,-39.9998,-11.276,-1.0588e-05,-1
114.2,-39.9998,-11.276,-1.0588e-05,-1
114.25,-39.9998,-11.276,-1.0588e-05,-1
114.3,-39.9998,-11.276,-1.0588e-05,-1
114.35,-39.9998,-11.276,-1.0588e-05,-1
114.4,-39.9998,-11.276,-1.0588e-05,-1
114.45,-39.9998,-11.276,-1.0588e-05,-1
114.5,-39.9998,-11.276,-1.0588e-05,-1
114.55,-39.9998,-11.276,-1.0588e-05,-1
114.6,-39.9998,-11.276,-1.0588e-05,-1
114.65,-39.9998,-11.276,-1.0588e-05,-1
114.7,-39.9998,-11.276,-1.0588e-05,-1
114.75,-39.9998,-11.276,-1.0588e-05,-1
114.8,-39.9998,-11.276,-1.0588e-05,-1
114.85,-39.9998,-11.276,-1.0588e-05,-1
114.9,-39.9998,-11.276,-1.0588e-05,-1
114.95,-39.9998,-11.276,-1.0588e-05,-1
115,-39.9998,-11.276,-1.0588e-05,-1
115.05,-39.9998,-11.276,-1.0588e-05,-1
115.1,-39.9998,-11.276,-1.0588e-05,-1
115.15,-39.9998,-11.276,-1.0588e-05,-1
115.2,-39.9998,-11.276,-1.0588e-05,-1
115.25,-39.9998,-11.276,-1.0588e-05,-1
115.3,-39.9998,-11.276,-1.0588e-05,-1
115.35,-39.9998,-11.276,-1.0588e-05,-1
115.4,-39.9998,-11.276,-1.0588e-05,-1
115.45,-39.9998,-11.276,-1.0588e-05,-1
115.5,-39.9998,-11.276,-1.0588e-05,-1
115.55,-39.9998,-11.276,-1.0588e-05,-1
115.6,-39.9998,-11.276,-1.0588e-05,-1
115.65,-39.9998,-11.276,-1.0588e-05,-1
115.7,-39.9998,-11.276,-1.0588e-05,-1
115.75,-39.9998,-11.276,-1.0588e-05,-1
115.8,-39.9998,-11.276,-1.0588e-05,-1
115.85,-39.9998,-11.276,-1.0588e-05,-1
115.9,-39.9998,-11.276,-1.0588e-05,-1
115.95,-39.9998,-11.276,-1.0588e-05,-1
116,-39.9998,-11.276,-1.0588e-05,-1
116.05,-39.9998,-11.276,-1.0588e-05,-1
116.1,-39.9998,-11.276,-1.0588e-05,-1
116.15,-39.9998,-11.276,-1.0588e-05,-1
116.2,-39.9998,-11.276,-1.0588e-05,-1
116.25,-39.9998,-11.276,-1.0588e-05,-1
116.3,-39.9998,-11.276,-1.0588e-05,-1
116.35,-39.9998,-11.276,-1.0588e-05,-1
116.4,-39.9998,-11.276,-1.0588e-05,-1
116.45,-39.9998,-11.276,-1.0588e-05,-1
116.5,-39.9998,-11.276,-1.0588e-05,-1
116.55,-39.9998,-11.276,-1.0588e-05,-1
116.6,-39.9998,-11.276,-1.0588e-05,-1
116.65,-39.9998,-11.276,-1.0588e-05,-1
116.7,-39.9998,-11.276,-1.0588e-05,-1
116.75,-39.9998,-11.276,-1.0588e-05,-1
116.8,-39.9998,-11.276,-1.0588e-05,-1
116.85,-39.9998,-11.276,-1.0588e-05,-1
116.9,-39.9998,-11.276,-1.0588e-05,-1
116.95,-39.9998,-11.276,-1.0588e-05,-1
117,-39.9998,-11.276,-1.0588e-05,-1
117.05,-39.9998,-11.276,-1.0588e-05,-1
117.1,-39.9998,-11.276,-1.0588e-05,-1
117.15,-39.9998,-11.276,-1.0588e-05,-1
117.2,-39.9998,-11.276,-1.0588e-05,-1
117.25,-39.9998,-11.276,-1.0588e-05,-1
117.3,-39.9998,-11.276,-1.0588e-05,-1
117.35,-39.9998,-11.276,-1.0588e-05,-1
117.4,-39.9998,-11.276,-1.0588e-05,-1
117.45,-39.9998,-11.276,-1.0588e-05,-1
117.5,-39.9998,-11.276,-1.0588e-05,-1
117.55,-39.9998,-11.276,-1.0588e-05,-1
117.6,-39.9998,-11.276,-1.0588e-05,-1
117.65,-39.9998,-11.276,-1.0588e-05,-1
117.7,-39.9998,-11.276,-1.0588e-05,-1
117.75,-39.9998,-11.276,-1.0588e-05,-1
117.8,-39.9998,-11.276,-1.0588e-05,-1
117.85,-39.9998,-11.276,-1.0588e-05,-1
117.9,-39.9998,-11.276,-1.0588e-05,-1
117.95,-39.9998,-11.276,-1.0588e-05,-1
118,-39.9998,-11.276,-1.0588e-05,-1
118.05,-39.9998,-11.276,-1.0588e-05,-1
118.1,-39.9998,-11.276,-1.0588e-05,-1
118.15,-39.9998,-11.276,-1.0588e-05,-1
118.2,-39.9998,-11.276,-1.0588e-05,-1
118.25,-39.9998,-11.276,-1.0588e-05,-1
118.3,-39.9998,-11.276,-1.0588e-05,-1
118.35,-39.9998,-11.276,-1.0588e-05,-1
118.4,-39.9998,-11.276,-1.0588e-05,-1
118.45,-39.9998,-11.276,-1.0588e-05,-1
118.5,-39.9998,-11.276,-1.0588e-05,-1
118.55,-39.9998,-11.276,-1.0588e-05,-1
118.6,-39.9998,-11.276,-1.0588e-05,-1
118.65,-39.9998,-11.276,-1.0588e-05,-1
118.7,-39.9998,-11.276,-1.0588e-05,-1
118.75,-39.9998,-11.276,-1.0588e-05,-1
118.8,-39.9998,-11.276,-1.0588e-05,-1
118.85,-39.9998,-11.276,-1.0588e-05,-1
118.9,-39.9998,-11.276,-1.0588e-05,-1
118.95,-39.9998,-11.276,-1.0588e-05,-1
119,-39.9998,-11.276,-1.0588e-05,-1
119.05,-39.9998,-11.276,-1.0588e-05,-1
119.1,-39.9998,-11.276,-1.0588e-05,-1
119.15,-39.9998,-11.276,-1.0588e-05,-1
119.2,-39.9998,-11.276,-1.0588e-05,-1
119.25,-39.9998,-11.276,-1.0588e-05,-1
119.3,-39.9998,-11.276,-1.0588e-05,-1
119.35,-39.9998,-11.276,-1.0588e-05,-1
119.4,-39.9998,-11.276,-1.0588e-05,-1
119.45,-39.9998,-11.276,-1.0588e-05,-1
119.5,-39.9998,-11.276,-1.0588e-05,-1
119.55,-39.9998,-11.276,-1.0588e-05,-1
119.6,-39.9998,-11.276,-1.0588e-05,-1
119.65,-39.9998,-11.276,-1.0588e-05,-1
119.7,-39.9998,-11.276,-1.0588e-05,-1
119.75,-39.9998,-11.276,-1.0588e-05,-1
119.8,-39.9998,-11.276,-1.0588e-05,-1
119.85,-39.9998,-11.276,-1.0588e-05,-1
119.9,-39.9998,-11.276,-1.0588e-05,-1
119.95,-39.9998,-11.276,-1.0588e-05,-1
120,-39.9998,-11.276,-1.0588e-05,-1
