0.05,0.00344499,4.99785,0.847998,-0.529999
0.1,0.162621,5.03941,0.991616,0.129218
0.15,0.308587,5.08762,0.984481,0.175488
0.2,0.396247,5.1191,0.992574,0.121643
0.25,0.47722,5.14495,0.996981,0.07764
0.3,0.556561,5.167,0.99907,0.0431271
0.35,0.634367,5.18549,0.999954,0.00959221
0.4,0.710733,5.20064,0.999739,-0.0228345
0.45,0.785745,5.21265,0.998538,-0.0540493
0.5,0.859487,5.2217,0.996468,-0.0839748
0.55,0.932034,5.22799,0.993645,-0.112558
0.6,1.00346,5.23169,0.990184,-0.139768
0.65,1.07383,5.23295,0.986194,-0.165595
0.7,1.14322,5.23191,0.981775,-0.190044
0.75,1.21167,5.22873,0.977022,-0.213137
0.8,1.27925,5.22354,0.972019,-0.234904
0.85,1.34601,5.21645,0.966839,-0.255387
0.9,1.412,5.20758,0.961549,-0.274633
0.95,1.47727,5.19705,0.956206,-0.292694
1,1.54186,5.18495,0.950858,-0.309626
1.05,1.60581,5.17139,0.945547,-0.325486
1.1,1.66916,5.15644,0.940306,-0.340331
1.15,1.73195,5.1402,0.935163,-0.354218
1.2,1.79421,5.12274,0.930141,-0.367203
1.25,1.85597,5.10414,0.925257,-0.379341
1.3,1.91726,5.08447,0.920525,-0.390684
1.35,1.97812,5.0638,0.915955,-0.401282
1.4,2.03857,5.04218,0.911553,-0.411183
1.45,2.09863,5.01967,0.907324,-0.420432
1.5,2.15832,4.99634,0.90327,-0.429072
1.55,2.21768,4.97222,0.899391,-0.437144
1.6,2.27671,4.94737,0.895687,-0.444686
1.65,2.33544,4.92183,0.892154,-0.451732
1.7,2.39389,4.89565,0.888789,-0.458316
1.75,2.45208,4.86886,0.885589,-0.464469
1.8,2.51001,4.84151,0.882549,-0.470221
1.85,2.56771,4.81361,0.879663,-0.475597
1.9,2.62519,4.78522,0.876927,-0.480624
1.95,2.68246,4.75636,0.874334,-0.485325
2,2.73954,4.72705,0.871879,-0.489722
2.05,2.79644,4.69733,0.869556,-0.493834
2.1,2.85316,4.66722,0.86736,-0.497682
2.15,2.90973,4.63674,0.865284,-0.501282
2.2,2.96614,4.60593,0.863323,-0.504651
2.25,3.02241,4.57479,0.861472,-0.507805
2.3,3.07855,4.54334,0.859725,-0.510757
2.35,3.13456,4.51162,0.858077,-0.513522
2.4,3.19045,4.47962,0.856522,-0.51611
2.45,3.24624,4.44738,0.855057,-0.518535
2.5,3.30192,4.4149,0.853676,-0.520805
2.55,3.3575,4.3822,0.852374,-0.522932
2.6,3.41299,4.3493,0.851148,-0.524925
2.65,3.46839,4.3162,0.849994,-0.526793
2.7,3.52372,4.28292,0.848907,-0.528543
2.75,3.57896,4.24947,0.847883,-0.530183
2.8,3.63414,4.21585,0.84692,-0.53172
2.85,3.68925,4.18209,0.846014,-0.533161
2.9,3.74429,4.14818,0.845161,-0.534513
2.95,3.79928,4.11414,0.844358,-0.535779
3,3.85421,4.07998,0.843603,-0.536967
3.05,3.90909,4.0457,0.842893,-0.538081
3.1,3.96392,4.01131,0.842226,-0.539125
3.15,4.0187,3.97682,0.841598,-0.540105
3.2,4.07344,3.94222,0.841008,-0.541023
3.25,4.12814,3.90754,0.840453,-0.541885
3.3,4.1828,3.87278,0.839931,-0.542693
3.35,4.23743,3.83793,0.83944,-0.543452
3.4,4.29202,3.80301,0.838979,-0.544163
3.45,4.34658,3.76801,0.838546,-0.544831
3.5,4.40111,3.73295,0.838139,-0.545457
3.55,4.45561,3.69783,0.837756,-0.546045
3.6,4.51009,3.66265,0.837397,-0.546596
3.65,4.56454,3.62742,0.837059,-0.547113
3.7,4.61897,3.59213,0.836741,-0.547599
3.75,4.67338,3.55679,0.836443,-0.548054
3.8,4.72776,3.52141,0.836162,-0.548482
3.85,4.78213,3.48599,0.835899,-0.548883
3.9,4.83648,3.45053,0.835652,-0.54926
3.95,4.89081,3.41503,0.835419,-0.549613
4,4.94513,3.37949,0.835201,-0.549945
4.05,4.99943,3.34392,0.834996,-0.550257
4.1,5.05371,3.30832,0.834803,-0.550549
4.15,5.10799,3.27269,0.834622,-0.550823
4.2,5.16225,3.23704,0.834452,-0.551081
4.25,5.2165,3.20135,0.834292,-0.551323
4.3,5.27074,3.16565,0.834142,-0.551549
4.35,5.32497,3.12992,0.834001,-0.551763
4.4,5.37918,3.09417,0.833869,-0.551962
4.45,5.43339,3.0584,0.833745,-0.55215
4.5,5.48759,3.02261,0.833628,-0.552326
4.55,5.54179,2.9868,0.833518,-0.552492
4.6,5.59597,2.95098,0.833415,-0.552647
4.65,5.65015,2.91514,0.833319,-0.552793
4.7,5.70432,2.87928,0.833228,-0.55293
4.75,5.75849,2.84342,0.833142,-0.553059
4.8,5.81265,2.80754,0.833062,-0.553179
4.85,5.8668,2.77165,0.832987,-0.553293
4.9,5.92095,2.73574,0.832916,-0.553399
4.95,5.9751,2.69983,0.83285,-0.553499
5,6.02924,2.6639,0.832788,-0.553593
5.05,6.08337,2.62797,0.832729,-0.553681
5.1,6.1375,2.59203,0.832674,-0.553763
5.15,6.19163,2.55608,0.832622,-0.553841
5.2,6.24575,2.52012,0.832574,-0.553914
5.25,6.29987,2.48415,0.832528,-0.553982
5.3,6.35399,2.44818,0.832486,-0.554047
5.35,6.40811,2.4122,0.832446,-0.554107
5.4,6.46222,2.37622,0.832408,-0.554163
5.45,6.51633,2.34023,0.832372,-0.554217
5.5,6.57043,2.30423,0.832339,-0.554267
5.55,6.62454,2.26823,0.832308,-0.554314
5.6,6.67864,2.23223,0.832279,-0.554358
5.65,6.73274,2.19622,0.832251,-0.554399
5.7,6.78684,2.1602,0.832225,-0.554438
5.75,6.84094,2.12418,0.832201,-0.554474
5.8,6.89503,2.08816,0.832178,-0.554508
5.85,6.94912,2.05214,0.832157,-0.554541
5.9,7.00322,2.01611,0.832137,-0.554571
5.95,7.05731,1.98008,0.832118,-0.554599
6,7.1114,1.94404,0.8321,-0.554626
6.05,7.16548,1.90801,0.832083,-0.554651
6.1,7.21957,1.87197,0.832068,-0.554674
6.15,7.27366,1.83593,0.832053,-0.554696
6.2,7.32774,1.79988,0.832039,-0.554717
6.25,7.38182,1.76384,0.832026,-0.554736
6.3,7.43591,1.72779,0.832014,-0.554755
6.35,7.48999,1.69174,0.832003,-0.554772
6.4,7.54407,1.65569,0.831992,-0.554788
6.45,7.59815,1.61964,0.831982,-0.554803
6.5,7.65223,1.58358,0.831972,-0.554817
6.55,7.70631,1.54753,0.831963,-0.55483
6.6,7.76039,1.51147,0.831955,-0.554843
6.65,7.81447,1.47541,0.831947,-0.554855
6.7,7.86854,1.43935,0.83194,-0.554866
6.75,7.92262,1.40329,0.831933,-0.554876
6.8,7.9767,1.36723,0.831926,-0.554886
6.85,8.03077,1.33117,0.83192,-0.554895
6.9,8.08485,1.29511,0.831915,-0.554904
6.95,8.13892,1.25904,0.831909,-0.554912
7,8.193,1.22298,0.831904,-0.554919
7.05,8.24707,1.18691,0.831899,-0.554926
7.1,8.30114,1.15084,0.831895,-0.554933
7.15,8.35522,1.11478,0.831891,-0.554939
7.2,8.40929,1.07871,0.831887,-0.554945
7.25,8.46336,1.04264,0.831883,-0.554951
7.3,8.51744,1.00657,0.83188,-0.554956
7.35,8.57151,0.970503,0.831877,-0.554961
7.4,8.62558,0.934433,0.831873,-0.554965
7.45,8.67965,0.898362,0.831871,-0.55497
7.5,8.73373,0.862292,0.831868,-0.554974
7.55,8.7878,0.82622,0.831865,-0.554978
7.6,8.84187,0.790149,0.831863,-0.554981
7.65,8.89594,0.754077,0.831861,-0.554985
7.7,8.95001,0.718005,0.831859,-0.554988
7.75,9.00408,0.681932,0.831857,-0.554991
7.8,9.05815,0.645859,0.831855,-0.554993
7.85,9.11222,0.609786,0.831853,-0.554996
7.9,9.16629,0.573713,0.831851,-0.554998
7.95,9.22036,0.537639,0.83185,-0.555001
8,9.27444,0.501565,0.831849,-0.555003
8.05,9.32851,0.465491,0.831847,-0.555005
8.1,9.38258,0.429417,0.831846,-0.555007
8.15,9.43665,0.393343,0.831845,-0.555009
8.2,9.49072,0.357268,0.831844,-0.55501
8.25,9.54479,0.321193,0.831843,-0.555012
8.3,9.59886,0.285118,0.831842,-0.555013
8.35,9.65293,0.249043,0.831841,-0.555015
8.4,9.707,0.212968,0.83184,-0.555016
8.45,9.76106,0.176893,0.831839,-0.555017
8.5,9.81513,0.140817,0.831838,-0.555018
8.55,9.8692,0.104742,0.831837,-0.555019
8.6,9.92327,0.0686659,0.831837,-0.55502
8.65,9.97734,0.0325901,0.831836,-0.555021
8.7,10.0314,-0.00348578,0.831836,-0.555022
8.75,10.0855,-0.0395618,0.831835,-0.555023
8.8,10.1396,-0.0756378,0.831834,-0.555024
8.85,10.1936,-0.111714,0.831834,-0.555025
8.9,10.2477,-0.14779,0.831833,-0.555025
8.95,10.3018,-0.183866,0.831833,-0.555026
9,10.3558,-0.219943,0.831833,-0.555027
9.05,10.4099,-0.256019,0.831832,-0.555027
9.1,10.464,-0.292096,0.831832,-0.555028
9.15,10.518,-0.328172,0.831831,-0.555028
9.2,10.5721,-0.364249,0.831831,-0.555029
9.25,10.6262,-0.400325,0.831831,-0.555029
9.3,10.6802,-0.436402,0.831831,-0.55503
9.35,10.7343,-0.472479,0.83183,-0.55503
9.4,10.7884,-0.508556,0.83183,-0.55503
9.45,10.8425,-0.544632,0.83183,-0.555031
9.5,10.8965,-0.580709,0.83183,-0.555031
9.55,10.9506,-0.616786,0.831829,-0.555031
9.6,11.0047,-0.652863,0.831829,-0.555032
9.65,11.0587,-0.68894,0.831829,-0.555032
9.7,11.1128,-0.725017,0.831829,-0.555032
9.75,11.1669,-0.761094,0.831829,-0.555032
9.8,11.2209,-0.797171,0.831829,-0.555033
9.85,11.275,-0.833248,0.831828,-0.555033
9.9,11.3291,-0.869325,0.831828,-0.555033
9.95,11.3831,-0.905402,0.831828,-0.555033
10,11.4372,-0.941479,0.831828,-0.555033
10.05,11.4913,-0.977556,0.831828,-0.555034
10.1,11.5453,-1.01363,0.831828,-0.555034
10.15,11.5994,-1.04971,0.831828,-0.555034
10.2,11.6535,-1.08579,0.831828,-0.555034
10.25,11.7075,-1.12186,0.831828,-0.555034
10.3,11.7616,-1.15794,0.831827,-0.555034
10.35,11.8157,-1.19402,0.831827,-0.555034
10.4,11.8698,-1.2301,0.831827,-0.555034
10.45,11.9238,-1.26617,0.831827,-0.555035
10.5,11.9779,-1.30225,0.831827,-0.555035
10.55,12.032,-1.33833,0.831827,-0.555035
10.6,12.086,-1.3744,0.831827,-0.555035
10.65,12.1401,-1.41048,0.831827,-0.555035
10.7,12.1942,-1.44656,0.831827,-0.555035
10.75,12.2482,-1.48264,0.831827,-0.555035
10.8,12.3023,-1.51871,0.831827,-0.555035
10.85,12.3564,-1.55479,0.831827,-0.555035
10.9,12.4104,-1.59087,0.831827,-0.555035
10.95,12.4645,-1.62695,0.831827,-0.555035
11,12.5186,-1.66302,0.831827,-0.555035
11.05,12.5726,-1.6991,0.831827,-0.555035
11.1,12.6267,-1.73518,0.831827,-0.555035
11.15,12.6808,-1.77125,0.831827,-0.555035
11.2,12.7349,-1.80733,0.831827,-0.555035
11.25,12.7889,-1.84341,0.831827,-0.555035
11.3,12.843,-1.87949,0.831827,-0.555035
11.35,12.8971,-1.91556,0.831827,-0.555035
11.4,12.9511,-1.95164,0.831827,-0.555035
11.45,13.0052,-1.98772,0.831827,-0.555035
11.5,13.0593,-2.0238,0.831827,-0.555036
11.55,13.1133,-2.05987,0.831827,-0.555036
11.6,13.1674,-2.09595,0.831827,-0.555036
11.65,13.2215,-2.13203,0.831827,-0.555036
11.7,13.2755,-2.1681,0.831827,-0.555036
11.75,13.3296,-2.20418,0.831827,-0.555036
11.8,13.3837,-2.24026,0.831827,-0.555036
11.85,13.4377,-2.27634,0.831827,-0.555036
11.9,13.4918,-2.31241,0.831827,-0.555036
11.95,13.5459,-2.34849,0.831827,-0.555036
12,13.5999,-2.38457,0.831827,-0.555036
12.05,13.654,-2.42065,0.831827,-0.555036
12.1,13.7081,-2.45672,0.831827,-0.555036
12.15,13.7622,-2.4928,0.831827,-0.555036
12.2,13.8162,-2.52888,0.831827,-0.555036
12.25,13.8703,-2.56495,0.831827,-0.555036
12.3,13.9244,-2.60103,0.831827,-0.555036
12.35,13.9784,-2.63711,0.831827,-0.555036
12.4,14.0325,-2.67319,0.831827,-0.555036
12.45,14.0866,-2.70926,0.831827,-0.555036
12.5,14.1406,-2.74534,0.831827,-0.555036
12.55,14.1947,-2.78142,0.831827,-0.555036
12.6,14.2488,-2.8175,0.831827,-0.555036
12.65,14.3028,-2.85357,0.831827,-0.555036
12.7,14.3569,-2.88965,0.831827,-0.555036
12.75,14.411,-2.92573,0.831827,-0.555036
12.8,14.465,-2.9618,0.831827,-0.555036
12.85,14.5191,-2.99788,0.831827,-0.555036
12.9,14.5732,-3.03396,0.831827,-0.555036
12.95,14.6273,-3.07004,0.831827,-0.555036
13,14.6813,-3.10611,0.831827,-0.555036
13.05,14.7354,-3.14219,0.831827,-0.555036
13.1,14.7895,-3.17827,0.831827,-0.555036
13.15,14.8435,-3.21434,0.831827,-0.555036
13.2,14.8976,-3.25042,0.831827,-0.555036
13.25,14.9517,-3.2865,0.831827,-0.555036
13.3,15.0057,-3.32258,0.831827,-0.555036
13.35,15.0598,-3.35865,0.831827,-0.555036
13.4,15.1139,-3.39473,0.831827,-0.555036
13.45,15.1679,-3.43081,0.831827,-0.555036
13.5,15.222,-3.46689,0.831827,-0.555036
13.55,15.2761,-3.50296,0.831827,-0.555036
13.6,15.3301,-3.53904,0.831827,-0.555036
13.65,15.3842,-3.57512,0.831827,-0.555036
13.7,15.4383,-3.61119,0.831827,-0.555036
13.75,15.4923,-3.64727,0.831827,-0.555036
13.8,15.5464,-3.68335,0.831827,-0.555036
13.85,15.6005,-3.71943,0.831827,-0.555036
13.9,15.6546,-3.7555,0.831827,-0.555036
13.95,15.7086,-3.79158,0.831827,-0.555036
14,15.7627,-3.82766,0.831827,-0.555036
14.05,15.8168,-3.86374,0.831827,-0.555036
14.1,15.8708,-3.89981,0.831827,-0.555036
14.15,15.9249,-3.93589,0.831827,-0.555036
14.2,15.979,-3.97197,0.831827,-0.555036
14.25,16.033,-4.00804,0.831827,-0.555036
14.3,16.0871,-4.04412,0.831827,-0.555036
14.35,16.1412,-4.0802,0.831827,-0.555036
14.4,16.1952,-4.11628,0.831827,-0.555036
14.45,16.2493,-4.15235,0.831827,-0.555036
14.5,16.3034,-4.18843,0.831827,-0.555036
14.55,16.3575,-4.22451,0.831827,-0.555036
14.6,16.4115,-4.26059,0.831827,-0.555036
14.65,16.4656,-4.29666,0.831827,-0.555036
14.7,16.5197,-4.33274,0.831827,-0.555036
14.75,16.5737,-4.36882,0.831827,-0.555036
14.8,16.6278,-4.4049,0.831827,-0.555036
14.85,16.6819,-4.44097,0.831827,-0.555036
14.9,16.7359,-4.47705,0.831826,-0.555036
14.95,16.79,-4.51313,0.831826,-0.555036
15,16.8441,-4.54921,0.831826,-0.555036
15.05,16.8981,-4.58528,0.831826,-0.555036
15.1,16.9522,-4.62136,0.831826,-0.555036
15.15,17.0063,-4.65744,0.831826,-0.555036
15.2,17.0604,-4.69352,0.831826,-0.555036
15.25,17.1144,-4.72959,0.831826,-0.555036
15.3,17.1685,-4.76567,0.831826,-0.555036
15.35,17.2226,-4.80175,0.831826,-0.555036
15.4,17.2766,-4.83783,0.831826,-0.555036
15.45,17.3307,-4.8739,0.831826,-0.555036
15.5,17.3848,-4.90998,0.831826,-0.555036
15.55,17.4388,-4.94606,0.831826,-0.555036
15.6,17.4929,-4.98214,0.831826,-0.555036
15.65,17.547,-5.01821,0.831826,-0.555036
15.7,17.601,-5.05429,0.831826,-0.555036
15.75,17.6551,-5.09037,0.831826,-0.555036
15.8,17.7092,-5.12645,0.831826,-0.555036
15.85,17.7633,-5.16252,0.831826,-0.555036
15.9,17.8173,-5.1986,0.831826,-0.555036
15.95,17.8714,-5.23468,0.831826,-0.555036
16,17.9255,-5.27076,0.831826,-0.555036
16.05,17.9795,-5.30683,0.831826,-0.555036
16.1,18.0336,-5.34291,0.831826,-0.555036
16.15,18.0877,-5.37899,0.831826,-0.555036
16.2,18.1417,-5.41507,0.831826,-0.555036
16.25,18.1958,-5.45114,0.831826,-0.555036
16.3,18.2499,-5.48722,0.831826,-0.555036
16.35,18.304,-5.5233,0.831826,-0.555036
16.4,18.358,-5.55938,0.831826,-0.555036
16.45,18.4121,-5.59545,0.831826,-0.555036
16.5,18.4662,-5.63153,0.831826,-0.555036
16.55,18.5202,-5.66761,0.831826,-0.555036
16.6,18.5743,-5.70369,0.831826,-0.555036
16.65,18.6284,-5.73976,0.831826,-0.555036
16.7,18.6824,-5.77584,0.831826,-0.555036
16.75,18.7365,-5.81192,0.831826,-0.555036
16.8,18.7906,-5.848,0.831826,-0.555036
16.85,18.8446,-5.88407,0.831826,-0.555036
16.9,18.8987,-5.92015,0.831826,-0.555036
16.95,18.9528,-5.95623,0.831826,-0.555036
17,19.0069,-5.99231,0.831826,-0.555036
17.05,19.0609,-6.02838,0.831826,-0.555036
17.1,19.115,-6.06446,0.831826,-0.555036
17.15,19.1691,-6.10054,0.831826,-0.555036
17.2,19.2231,-6.13662,0.831826,-0.555036
17.25,19.2772,-6.17269,0.831826,-0.555036
17.3,19.327,-6.20877,0.817632,-0.575741
17.35,19.3651,-6.24485,0.768944,-0.639316
17.4,19.3861,-6.28092,0.664543,-0.74725
17.45,19.388,-6.317,0.471582,-0.881822
17.5,19.3716,-6.35306,0.193285,-0.981143
17.55,19.3406,-6.38911,-0.0721823,-0.997391
17.6,19.3007,-6.42515,-0.229158,-0.973389
17.65,19.2589,-6.46115,-0.263345,-0.964702
17.7,19.2216,-6.49713,-0.183324,-0.983053
17.75,19.1901,-6.53308,-0.0790114,-0.996874
17.8,19.164,-6.56898,0.0216676,-0.999765
17.85,19.1429,-6.60484,0.115908,-0.99326
17.9,19.1266,-6.64066,0.201919,-0.979402
17.95,19.1147,-6.67643,0.278893,-0.960322
18,19.1069,-6.71214,0.346812,-0.937935
18.05,19.1031,-6.74781,0.406173,-0.913796
18.1,19.103,-6.78342,0.457763,-0.889074
18.15,19.1063,-6.81898,0.502477,-0.864591
18.2,19.1128,-6.85448,0.541213,-0.840885
18.25,19.1224,-6.88993,0.574807,-0.818289
18.3,19.1347,-6.92532,0.604004,-0.796981
18.35,19.1498,-6.96066,0.629452,-0.777039
18.4,19.1674,-6.99594,0.651706,-0.758471
18.45,19.1873,-7.03117,0.671237,-0.741243
18.5,19.2094,-7.06634,0.68844,-0.725293
18.55,19.2336,-7.10147,0.703648,-0.710549
18.6,19.2597,-7.13654,0.71714,-0.696929
18.65,19.2862,-7.17156,0.719602,-0.694387
18.7,19.3087,-7.20653,0.694035,-0.719942
18.75,19.3242,-7.24145,0.637947,-0.770081
18.8,19.3305,-7.27632,0.547758,-0.836637
18.85,19.3274,-7.31114,0.427229,-0.904143
18.9,19.3158,-7.34591,0.296966,-0.954888
18.95,19.2981,-7.38063,0.190748,-0.981639
19,19.2775,-7.4153,0.136958,-0.990577
19.05,19.2573,-7.4499,0.146634,-0.989191
19.1,19.2408,-7.48445,0.213962,-0.976842
19.15,19.2287,-7.51893,0.294398,-0.955683
19.2,19.2209,-7.55335,0.364908,-0.931044
19.25,19.2171,-7.58771,0.426092,-0.90468
19.3,19.217,-7.622,0.478875,-0.877883
19.35,19.2204,-7.65623,0.524294,-0.851537
19.4,19.227,-7.69039,0.563371,-0.826204
19.45,19.2368,-7.72449,0.597042,-0.80221
19.5,19.2494,-7.75853,0.626133,-0.779716
19.55,19.2648,-7.7925,0.651352,-0.758776
19.6,19.2803,-7.82641,0.654155,-0.756361
19.65,19.2937,-7.86026,0.635315,-0.772253
19.7,19.3029,-7.89405,0.595653,-0.803242
19.75,19.3068,-7.92778,0.537108,-0.843514
19.8,19.3051,-7.96144,0.465713,-0.884936
19.85,19.2983,-7.99505,0.39343,-0.919354
19.9,19.288,-8.02859,0.335928,-0.941888
19.95,19.2759,-8.06207,0.306667,-0.951817
20,19.264,-8.09548,0.311687,-0.950185
20.05,19.2542,-8.12883,0.347944,-0.937515
20.1,19.2479,-8.16212,0.404909,-0.914357
20.15,19.2455,-8.19533,0.463984,-0.885844
20.2,19.2468,-8.22848,0.514546,-0.857463
20.25,19.2515,-8.26156,0.557767,-0.829998
20.3,19.2592,-8.29457,0.592242,-0.80576
20.35,19.2686,-8.32752,0.609939,-0.792449
20.4,19.278,-8.3604,0.611349,-0.791361
20.45,19.286,-8.39322,0.597538,-0.80184
20.5,19.2914,-8.42597,0.570169,-0.821528
20.55,19.2935,-8.45865,0.532227,-0.846601
20.6,19.2923,-8.49127,0.488872,-0.872355
20.65,19.2881,-8.52383,0.447465,-0.894301
20.7,19.2817,-8.55631,0.416152,-0.909295
20.75,19.2744,-8.58874,0.4014,-0.915903
20.8,19.2672,-8.62109,0.405845,-0.913942
20.85,19.2614,-8.65338,0.427545,-0.903994
20.9,19.2577,-8.6856,0.46088,-0.887462
20.95,19.2566,-8.71775,0.498572,-0.866848
21,19.2581,-8.74984,0.533893,-0.845552
21.05,19.2619,-8.78185,0.562042,-0.827109
21.1,19.2671,-8.8138,0.580383,-0.814344
21.15,19.2729,-8.84568,0.587964,-0.808887
21.2,19.2783,-8.87749,0.584958,-0.811064
21.25,19.2825,-8.90923,0.572384,-0.819986
21.3,19.283,-8.94005,0.532918,-0.846167
21.35,19.278,-8.96982,0.466236,-0.88466
21.4,19.2686,-8.99909,0.396934,-0.917847
21.45,19.2575,-9.02842,0.368104,-0.929785
21.5,19.2489,-9.05803,0.409621,-0.912256
21.55,19.2445,-9.08769,0.47622,-0.879326
21.6,19.2439,-9.11739,0.532085,-0.846691
21.65,19.2469,-9.14711,0.5789,-0.815398
21.7,19.2533,-9.17686,0.618211,-0.786012
21.75,19.263,-9.20663,0.651348,-0.758779
21.8,19.2756,-9.23641,0.679421,-0.733748
21.85,19.2911,-9.26621,0.703338,-0.710856
21.9,19.3092,-9.29601,0.723831,-0.689977
21.95,19.3298,-9.32582,0.741493,-0.67096
22,19.3527,-9.35563,0.756802,-0.653644
22.05,19.3777,-9.38543,0.770142,-0.637872
22.1,19.4049,-9.41524,0.781828,-0.623494
22.15,19.4339,-9.44503,0.792114,-0.610373
22.2,19.4648,-9.47482,0.801209,-0.598385
22.25,19.4973,-9.5046,0.809285,-0.587417
22.3,19.5314,-9.53437,0.816484,-0.577368
22.35,19.567,-9.56413,0.822925,-0.568149
22.4,19.604,-9.59388,0.828709,-0.55968
22.45,19.6423,-9.62362,0.833917,-0.55189
22.5,19.6818,-9.65334,0.838622,-0.544714
22.55,19.7225,-9.68304,0.842884,-0.538096
22.6,19.7642,-9.71274,0.846753,-0.531986
22.65,19.807,-9.74241,0.850275,-0.526338
22.7,19.8507,-9.77207,0.853488,-0.521112
22.75,19.8953,-9.80172,0.856425,-0.516272
22.8,19.9408,-9.83136,0.859114,-0.511784
22.85,19.987,-9.86097,0.861581,-0.50762
22.9,20.0339,-9.89057,0.863848,-0.503753
22.95,20.0816,-9.92016,0.865934,-0.500159
23,20.1299,-9.94973,0.867856,-0.496816
23.05,20.1788,-9.97929,0.86963,-0.493704
23.1,20.2282,-10.0088,0.871269,-0.490806
23.15,20.2782,-10.0384,0.872785,-0.488105
23.2,20.3288,-10.0679,0.874189,-0.485586
23.25,20.3797,-10.0974,0.87549,-0.483237
23.3,20.4311,-10.1269,0.876697,-0.481043
23.35,20.483,-10.1563,0.877818,-0.478995
23.4,20.5352,-10.1858,0.878859,-0.477081
23.45,20.5878,-10.2153,0.879828,-0.475292
23.5,20.6407,-10.2447,0.88073,-0.473619
23.55,20.6939,-10.2741,0.881569,-0.472055
23.6,20.7475,-10.3035,0.882352,-0.470591
23.65,20.8013,-10.3329,0.883081,-0.46922
23.7,20.8554,-10.3623,0.883762,-0.467937
23.75,20.9097,-10.3917,0.884397,-0.466735
23.8,20.9643,-10.4211,0.88499,-0.465609
23.85,21.0191,-10.4504,0.885544,-0.464554
23.9,21.0741,-10.4798,0.886063,-0.463566
23.95,21.1293,-10.5091,0.886547,-0.462639
24,21.1846,-10.5385,0.887,-0.461769
24.05,21.2402,-10.5678,0.887424,-0.460954
24.1,21.2959,-10.5971,0.887821,-0.460189
24.15,21.3517,-10.6264,0.888192,-0.459472
24.2,21.4077,-10.6557,0.88854,-0.458799
24.25,21.4638,-10.685,0.888866,-0.458167
24.3,21.52,-10.7143,0.889172,-0.457574
24.35,21.5764,-10.7436,0.889458,-0.457017
24.4,21.6328,-10.7729,0.889726,-0.456494
24.45,21.6894,-10.8022,0.889978,-0.456003
24.5,21.7461,-10.8314,0.890214,-0.455542
24.55,21.8028,-10.8607,0.890436,-0.455109
24.6,21.8596,-10.8899,0.890643,-0.454703
24.65,21.9165,-10.9192,0.890838,-0.454321
24.7,21.9735,-10.9484,0.891021,-0.453962
24.75,22.0306,-10.9777,0.891193,-0.453625
24.8,22.0877,-11.0069,0.891354,-0.453308
24.85,22.1449,-11.0361,0.891505,-0.45301
24.9,22.2021,-11.0654,0.891648,-0.45273
24.95,22.2594,-11.0946,0.891781,-0.452467
25,22.3167,-11.1238,0.891906,-0.45222
25.05,22.3741,-11.153,0.892024,-0.451988
25.1,22.4315,-11.1822,0.892135,-0.451769
25.15,22.489,-11.2114,0.892239,-0.451564
25.2,22.5465,-11.2406,0.892336,-0.451371
25.25,22.6041,-11.2698,0.892428,-0.45119
25.3,22.6616,-11.2959,0.905181,-0.425027
25.35,22.7193,-11.3151,0.93203,-0.362382
25.4,22.7769,-11.3246,0.963247,-0.268616
25.45,22.8346,-11.3238,0.987625,-0.156831
25.5,22.8923,-11.3133,0.998848,-0.0479932
25.55,22.95,-11.2954,0.999331,0.0365815
25.6,23.0077,-11.2734,0.996532,0.0832155
25.65,23.0654,-11.2509,0.996186,0.087256
25.7,23.1231,-11.2316,0.998713,0.0507244
25.75,23.1808,-11.2154,0.999896,0.0144611
25.8,23.2386,-11.2021,0.999806,-0.0197121
25.85,23.2963,-11.1914,0.998657,-0.0518063
25.9,23.354,-11.1834,0.996644,-0.0818638
25.95,23.4116,-11.1777,0.993937,-0.10995
26,23.4693,-11.1743,0.990689,-0.136146
26.05,23.5269,-11.1731,0.987028,-0.160546
26.1,23.5845,-11.1738,0.983067,-0.183248
26.15,23.6421,-11.1764,0.978897,-0.204354
26.2,23.6997,-11.1808,0.974597,-0.223966
26.25,23.7573,-11.1868,0.97023,-0.242184
26.3,23.8148,-11.1944,0.965849,-0.259104
26.35,23.8723,-11.2035,0.961496,-0.274819
26.4,23.9297,-11.2139,0.957203,-0.289416
26.45,23.9872,-11.2256,0.952998,-0.302978
26.5,24.0446,-11.2386,0.948899,-0.31558
26.55,24.102,-11.2527,0.944922,-0.327295
26.6,24.1593,-11.2674,0.942538,-0.334099
26.65,24.2167,-11.2805,0.94814,-0.317852
26.7,24.274,-11.29,0.959532,-0.281598
26.75,24.3312,-11.2945,0.973003,-0.230794
26.8,24.3885,-11.2939,0.984829,-0.173527
26.85,24.4457,-11.2883,0.992829,-0.119543
26.9,24.5029,-11.2792,0.996947,-0.07808
26.95,24.56,-11.268,0.998448,-0.055694
27,24.6172,-11.2567,0.998479,-0.0551396
27.05,24.6742,-11.2471,0.997162,-0.0752876
27.1,24.7313,-11.2401,0.994331,-0.106327
27.15,24.7883,-11.2355,0.990807,-0.135284
27.2,24.8452,-11.2333,0.98675,-0.162248
27.25,24.9021,-11.2333,0.982299,-0.187321
27.3,24.959,-11.2352,0.97757,-0.210612
27.35,25.0158,-11.2392,0.972661,-0.232231
27.4,25.0726,-11.2449,0.967652,-0.252288
27.45,25.1293,-11.2523,0.96261,-0.270892
27.5,25.186,-11.2609,0.958691,-0.28445
27.55,25.2427,-11.2694,0.959094,-0.283087
27.6,25.2993,-11.2764,0.963423,-0.267986
27.65,25.3558,-11.2809,0.970274,-0.242007
27.7,25.4123,-11.2823,0.977805,-0.209519
27.75,25.4688,-11.2807,0.984402,-0.175936
27.8,25.5252,-11.2765,0.989157,-0.146859
27.85,25.5816,-11.2705,0.991903,-0.127
27.9,25.6379,-11.2638,0.99286,-0.119287
27.95,25.6942,-11.2575,0.992231,-0.124413
28,25.7505,-11.2525,0.990031,-0.140847
28.05,25.8066,-11.2495,0.986251,-0.165253
28.1,25.8627,-11.2489,0.981327,-0.192345
28.15,25.9188,-11.2504,0.976064,-0.217483
28.2,25.9748,-11.254,0.970758,-0.24006
28.25,26.0308,-11.2588,0.966928,-0.255048
28.3,26.0867,-11.2641,0.965361,-0.260919
28.35,26.1426,-11.269,0.966266,-0.257545
28.4,26.1984,-11.2729,0.969253,-0.246066
28.45,26.2541,-11.2751,0.973494,-0.228711
28.5,26.3098,-11.2754,0.978018,-0.208521
28.55,26.3654,-11.2739,0.981993,-0.188915
28.6,26.421,-11.2709,0.984898,-0.173135
28.65,26.4765,-11.2671,0.986516,-0.163668
28.7,26.532,-11.263,0.986817,-0.16184
28.75,26.5874,-11.2594,0.985851,-0.167623
28.8,26.6428,-11.2568,0.983717,-0.179724
28.85,26.6981,-11.2554,0.980625,-0.195893
28.9,26.7533,-11.2556,0.976966,-0.213394
28.95,26.8085,-11.2571,0.973307,-0.229506
29,26.8636,-11.2596,0.970282,-0.241975
29.05,26.9186,-11.2628,0.968428,-0.249295
29.1,26.9736,-11.266,0.968028,-0.250842
29.15,27.0285,-11.2687,0.969049,-0.24687
29.2,27.0834,-11.2707,0.971162,-0.23842
29.25,27.1382,-11.2715,0.973859,-0.227153
29.3,27.1929,-11.2713,0.976594,-0.215091
29.35,27.2476,-11.27,0.978906,-0.204312
29.4,27.3022,-11.2679,0.980483,-0.196603
29.45,27.3567,-11.2655,0.981165,-0.193173
29.5,27.4112,-11.2632,0.980909,-0.194469
29.55,27.4656,-11.2612,0.979768,-0.200135
29.6,27.5199,-11.2599,0.977889,-0.209126
29.65,27.5742,-11.2595,0.975516,-0.219928
29.7,27.6284,-11.26,0.972987,-0.230858
29.75,27.6825,-11.2612,0.970687,-0.240345
29.8,27.7366,-11.263,0.968973,-0.247167
29.85,27.7906,-11.2649,0.968091,-0.250598
29.9,27.8445,-11.2668,0.968123,-0.250475
29.95,27.8983,-11.2683,0.968972,-0.247172
30,27.9521,-11.2692,0.970395,-0.241523
30.05,28.0058,-11.2695,0.972073,-0.234677
30.1,28.0594,-11.2691,0.97368,-0.227918
30.15,28.113,-11.2681,0.974943,-0.222456
30.2,28.1665,-11.2668,0.975671,-0.219239
30.25,28.2199,-11.2653,0.975768,-0.218806
30.3,28.2732,-11.264,0.975225,-0.221214
30.35,28.3265,-11.263,0.974114,-0.226059
30.4,28.3797,-11.2624,0.972579,-0.232574
30.45,28.4328,-11.2624,0.970827,-0.23978
30.5,28.4858,-11.2629,0.969102,-0.24666
30.55,28.5388,-11.2638,0.967644,-0.252318
30.6,28.5917,-11.265,0.966645,-0.25612
30.65,28.6445,-11.2662,0.96621,-0.257757
30.7,28.6972,-11.2673,0.96634,-0.257268
30.75,28.7498,-11.2681,0.966937,-0.255016
30.8,28.8024,-11.2685,0.967828,-0.251612
30.85,28.8548,-11.2685,0.968807,-0.247816
30.9,28.9072,-11.2681,0.969671,-0.244413
30.95,28.9595,-11.2674,0.970256,-0.24208
31,29.0118,-11.2666,0.970452,-0.241294
31.05,29.0639,-11.2657,0.970211,-0.242262
31.1,29.116,-11.265,0.96955,-0.244894
31.15,29.168,-11.2645,0.968544,-0.248844
31.2,29.2198,-11.2644,0.967314,-0.253581
31.25,29.2716,-11.2645,0.966016,-0.258482
31.3,29.3234,-11.265,0.964811,-0.262945
31.35,29.375,-11.2656,0.963841,-0.266479
31.4,29.4265,-11.2664,0.963204,-0.26877
31.45,29.478,-11.2671,0.96294,-0.269717
31.5,29.5293,-11.2677,0.963019,-0.269433
31.55,29.5806,-11.2681,0.963359,-0.268215
31.6,29.6318,-11.2683,0.963839,-0.266486
31.65,29.6829,-11.2682,0.964323,-0.264728
31.7,29.7339,-11.2679,0.964685,-0.263405
31.75,29.7848,-11.2674,0.964827,-0.262885
31.8,29.8356,-11.2669,0.964689,-0.263391
31.85,29.8863,-11.2665,0.964256,-0.264971
31.9,29.9369,-11.2661,0.963558,-0.2675
31.95,29.9874,-11.2659,0.96266,-0.270713
32,30.0378,-11.2659,0.961657,-0.274255
32.05,30.0882,-11.2661,0.960655,-0.277745
32.1,30.1384,-11.2665,0.959757,-0.280833
32.15,30.1885,-11.2669,0.959043,-0.283259
32.2,30.2386,-11.2674,0.958562,-0.284883
32.25,30.2885,-11.2678,0.95832,-0.285696
32.3,30.3384,-11.2682,0.958284,-0.285819
32.35,30.3881,-11.2684,0.958386,-0.285476
32.4,30.4377,-11.2684,0.958543,-0.284949
32.45,30.4873,-11.2683,0.958665,-0.284536
32.5,30.5367,-11.2681,0.958677,-0.284498
32.55,30.586,-11.2679,0.958519,-0.285027
32.6,30.6352,-11.2676,0.958166,-0.286215
32.65,30.6844,-11.2673,0.957617,-0.288045
32.7,30.7334,-11.2672,0.956905,-0.290402
32.75,30.7823,-11.2671,0.956083,-0.293095
32.8,30.8311,-11.2672,0.95522,-0.295895
32.85,30.8798,-11.2674,0.954387,-0.298572
32.9,30.9283,-11.2677,0.953645,-0.300932
32.95,30.9768,-11.268,0.95304,-0.302844
33,31.0252,-11.2683,0.952591,-0.304254
33.05,31.0734,-11.2685,0.95229,-0.305194
33.1,31.1215,-11.2687,0.952107,-0.305766
33.15,31.1696,-11.2688,0.951991,-0.306125
33.2,31.2175,-11.2688,0.951886,-0.306452
33.25,31.2653,-11.2688,0.951734,-0.306926
33.3,31.313,-11.2687,0.951487,-0.30769
33.35,31.3605,-11.2685,0.951115,-0.308838
33.4,31.408,-11.2684,0.950607,-0.310398
33.45,31.4553,-11.2683,0.949972,-0.312334
33.5,31.5026,-11.2682,0.94924,-0.314552
33.55,31.5497,-11.2682,0.948451,-0.316923
33.6,31.5966,-11.2683,0.947652,-0.319305
33.65,31.6435,-11.2685,0.946889,-0.321561
33.7,31.6902,-11.2687,0.946198,-0.323587
33.75,31.7369,-11.2689,0.945603,-0.325324
33.8,31.7834,-11.2691,0.945107,-0.326761
33.85,31.8298,-11.2692,0.944701,-0.327934
33.9,31.876,-11.2693,0.944357,-0.328923
33.95,31.9221,-11.2694,0.94404,-0.329832
34,31.9682,-11.2694,0.943711,-0.330771
34.05,32.014,-11.2694,0.943333,-0.331847
34.1,32.0598,-11.2693,0.94288,-0.333133
34.15,32.1054,-11.2692,0.942335,-0.33467
34.2,32.1509,-11.2692,0.941697,-0.336461
34.25,32.1963,-11.2691,0.940978,-0.338468
34.3,32.2416,-11.2692,0.9402,-0.340624
34.35,32.2867,-11.2692,0.939394,-0.34284
34.4,32.3317,-11.2693,0.938592,-0.345029
34.45,32.3765,-11.2694,0.937822,-0.347118
34.5,32.4212,-11.2696,0.937104,-0.349049
34.55,32.4658,-11.2697,0.936451,-0.350799
34.6,32.5103,-11.2698,0.935858,-0.352376
34.65,32.5546,-11.2699,0.935315,-0.353815
34.7,32.5988,-11.27,0.934801,-0.355172
34.75,32.6429,-11.2701,0.93429,-0.356513
34.8,32.6868,-11.2701,0.933758,-0.357904
34.85,32.7306,-11.2701,0.93318,-0.35941
34.9,32.7742,-11.27,0.932541,-0.361064
34.95,32.8177,-11.27,0.931837,-0.362878
35,32.8611,-11.27,0.931068,-0.364845
35.05,32.9043,-11.27,0.930248,-0.366932
35.1,32.9474,-11.27,0.929393,-0.369091
35.15,32.9904,-11.2701,0.928525,-0.371271
35.2,33.0332,-11.2702,0.927664,-0.373417
35.25,33.0759,-11.2703,0.926826,-0.375492
35.3,33.1184,-11.2704,0.926023,-0.377468
35.35,33.1608,-11.2705,0.925258,-0.379338
35.4,33.203,-11.2706,0.924529,-0.381112
35.45,33.2451,-11.2707,0.923823,-0.38282
35.5,33.2871,-11.2707,0.923126,-0.384498
35.55,33.3289,-11.2708,0.92242,-0.386189
35.6,33.3705,-11.2708,0.921688,-0.387932
35.65,33.4121,-11.2708,0.920917,-0.389758
35.7,33.4534,-11.2708,0.920099,-0.391687
35.75,33.4946,-11.2708,0.919231,-0.39372
35.8,33.5357,-11.2708,0.918318,-0.395844
35.85,33.5766,-11.2708,0.91737,-0.398036
35.9,33.6174,-11.2709,0.916399,-0.400266
35.95,33.658,-11.2709,0.915421,-0.402498
36,33.6985,-11.271,0.914448,-0.404702
36.05,33.7388,-11.2711,0.913491,-0.406859
36.1,33.779,-11.2712,0.912555,-0.408954
36.15,33.819,-11.2712,0.911639,-0.410992
36.2,33.8588,-11.2713,0.91074,-0.412981
36.25,33.8986,-11.2714,0.909848,-0.414943
36.3,33.9381,-11.2714,0.908952,-0.416902
36.35,33.9775,-11.2714,0.908039,-0.418885
36.4,34.0167,-11.2715,0.9071,-0.420916
36.45,34.0558,-11.2715,0.906126,-0.423008
36.5,34.0948,-11.2715,0.905115,-0.425167
36.55,34.1335,-11.2715,0.904065,-0.427395
36.6,34.1721,-11.2716,0.902982,-0.429678
36.65,34.2106,-11.2716,0.901875,-0.431997
36.7,34.2489,-11.2716,0.900751,-0.434335
36.75,34.2871,-11.2717,0.899621,-0.436672
36.8,34.325,-11.2718,0.898492,-0.438989
36.85,34.3629,-11.2718,0.897371,-0.441276
36.9,34.4005,-11.2719,0.896259,-0.44353
36.95,34.438,-11.2719,0.895154,-0.445757
37,34.4754,-11.272,0.894053,-0.447962
37.05,34.5125,-11.272,0.892949,-0.450158
37.1,34.5496,-11.2721,0.891832,-0.452367
37.15,34.5864,-11.2721,0.890695,-0.454601
37.2,34.6231,-11.2721,0.889532,-0.456873
37.25,34.6597,-11.2722,0.888339,-0.459189
37.3,34.696,-11.2722,0.887113,-0.461552
37.35,34.7322,-11.2722,0.885858,-0.463956
37.4,34.7683,-11.2723,0.884576,-0.466396
37.45,34.8041,-11.2723,0.883275,-0.468856
37.5,34.8399,-11.2723,0.88196,-0.471325
37.55,34.8754,-11.2724,0.880638,-0.47379
37.6,34.9108,-11.2724,0.879314,-0.476243
37.65,34.946,-11.2725,0.877989,-0.478681
37.7,34.9811,-11.2725,0.876665,-0.481102
37.75,35.016,-11.2726,0.875338,-0.483511
37.8,35.0507,-11.2726,0.874006,-0.485916
37.85,35.0852,-11.2727,0.872661,-0.488326
37.9,35.1196,-11.2727,0.8713,-0.49075
37.95,35.1539,-11.2727,0.869918,-0.493197
38,35.1879,-11.2728,0.86851,-0.495671
38.05,35.2218,-11.2728,0.867074,-0.498179
38.1,35.2555,-11.2728,0.865611,-0.500716
38.15,35.2891,-11.2728,0.864123,-0.50328
38.2,35.3225,-11.2729,0.862613,-0.505865
38.25,35.3557,-11.2729,0.861084,-0.508462
38.3,35.3887,-11.273,0.859544,-0.511061
38.35,35.4216,-11.273,0.857993,-0.513661
38.4,35.4543,-11.273,0.856433,-0.516258
38.45,35.4869,-11.2731,0.854868,-0.518846
38.5,35.5193,-11.2731,0.853296,-0.521426
38.55,35.5515,-11.2732,0.851716,-0.524003
38.6,35.5835,-11.2732,0.850124,-0.526582
38.65,35.6154,-11.2732,0.848517,-0.529168
38.7,35.6471,-11.2733,0.846891,-0.531767
38.75,35.6787,-11.2733,0.845243,-0.534382
38.8,35.71,-11.2733,0.84357,-0.53702
38.85,35.7412,-11.2733,0.84187,-0.53968
38.9,35.7723,-11.2734,0.840146,-0.54236
38.95,35.8031,-11.2734,0.838399,-0.545057
39,35.8338,-11.2734,0.836631,-0.547767
39.05,35.8643,-11.2735,0.834845,-0.550485
39.1,35.8947,-11.2735,0.833046,-0.553204
39.15,35.9249,-11.2735,0.831235,-0.555921
39.2,35.9549,-11.2736,0.829414,-0.558634
39.25,35.9848,-11.2736,0.827583,-0.561343
39.3,36.0145,-11.2736,0.825741,-0.564049
39.35,36.044,-11.2737,0.823888,-0.566753
39.4,36.0734,-11.2737,0.822017,-0.569463
39.45,36.1025,-11.2737,0.82013,-0.572177
39.5,36.1316,-11.2738,0.818223,-0.574901
39.55,36.1604,-11.2738,0.816294,-0.577637
39.6,36.1891,-11.2738,0.81434,-0.580388
39.65,36.2176,-11.2738,0.812361,-0.583155
39.7,36.246,-11.2739,0.810358,-0.585935
39.75,36.2741,-11.2739,0.808334,-0.588724
39.8,36.3022,-11.2739,0.806291,-0.591519
39.85,36.33,-11.2739,0.804231,-0.594317
39.9,36.3577,-11.274,0.802154,-0.597117
39.95,36.3852,-11.274,0.800064,-0.599915
40,36.4126,-11.274,0.797962,-0.602708
40.05,36.4398,-11.2741,0.795849,-0.605495
40.1,36.4668,-11.2741,0.793722,-0.60828
40.15,36.4937,-11.2741,0.791581,-0.611065
40.2,36.5203,-11.2741,0.789423,-0.61385
40.25,36.5469,-11.2742,0.787247,-0.616638
40.3,36.5732,-11.2742,0.785049,-0.619433
40.35,36.5995,-11.2742,0.782831,-0.622234
40.4,36.6255,-11.2742,0.78059,-0.625043
40.45,36.6514,-11.2743,0.778328,-0.627857
40.5,36.6771,-11.2743,0.776043,-0.63068
40.55,36.7027,-11.2743,0.773743,-0.6335
40.6,36.7281,-11.2743,0.771423,-0.636322
40.65,36.7533,-11.2744,0.769084,-0.639148
40.7,36.7784,-11.2744,0.766731,-0.641968
40.75,36.8033,-11.2744,0.764364,-0.644785
40.8,36.828,-11.2744,0.761982,-0.647598
40.85,36.8526,-11.2745,0.759588,-0.650405
40.9,36.8771,-11.2745,0.757178,-0.653209
40.95,36.9013,-11.2745,0.754752,-0.65601
41,36.9255,-11.2745,0.752311,-0.658809
41.05,36.9494,-11.2745,0.749851,-0.661607
41.1,36.9732,-11.2746,0.747371,-0.664406
41.15,36.9969,-11.2746,0.744875,-0.667204
41.2,37.0204,-11.2746,0.742359,-0.670002
41.25,37.0437,-11.2746,0.739824,-0.6728
41.3,37.0669,-11.2746,0.737271,-0.675597
41.35,37.0899,-11.2747,0.734702,-0.67839
41.4,37.1128,-11.2747,0.732117,-0.681179
41.45,37.1355,-11.2747,0.729519,-0.683961
41.5,37.1581,-11.2747,0.726906,-0.686737
41.55,37.1805,-11.2747,0.724281,-0.689505
41.6,37.2028,-11.2748,0.72164,-0.692268
41.65,37.2249,-11.2748,0.718985,-0.695025
41.7,37.2468,-11.2748,0.716316,-0.697776
41.75,37.2687,-11.2748,0.713631,-0.700522
41.8,37.2903,-11.2748,0.710934,-0.703259
41.85,37.3118,-11.2748,0.70822,-0.705992
41.9,37.3332,-11.2749,0.705491,-0.708719
41.95,37.3544,-11.2749,0.702746,-0.711441
42,37.3755,-11.2749,0.699985,-0.714157
42.05,37.3964,-11.2749,0.697213,-0.716864
42.1,37.4172,-11.2749,0.694424,-0.719566
42.15,37.4378,-11.2749,0.691622,-0.72226
42.2,37.4583,-11.275,0.688808,-0.724944
42.25,37.4786,-11.275,0.685982,-0.727619
42.3,37.4988,-11.275,0.683144,-0.730284
42.35,37.5189,-11.275,0.680294,-0.73294
42.4,37.5388,-11.275,0.677431,-0.735587
42.45,37.5586,-11.275,0.674557,-0.738223
42.5,37.5782,-11.275,0.671671,-0.74085
42.55,37.5977,-11.2751,0.668774,-0.743466
42.6,37.6171,-11.2751,0.665865,-0.746072
42.65,37.6363,-11.2751,0.662945,-0.748668
42.7,37.6553,-11.2751,0.660015,-0.751252
42.75,37.6743,-11.2751,0.657075,-0.753825
42.8,37.6931,-11.2751,0.654124,-0.756387
42.85,37.7117,-11.2751,0.651162,-0.758938
42.9,37.7303,-11.2752,0.648193,-0.761476
42.95,37.7487,-11.2752,0.645214,-0.764002
43,37.7669,-11.2752,0.642225,-0.766516
43.05,37.785,-11.2752,0.639229,-0.769017
43.1,37.803,-11.2752,0.636221,-0.771507
43.15,37.8209,-11.2752,0.633204,-0.773985
43.2,37.8386,-11.2752,0.630181,-0.776448
43.25,37.8562,-11.2752,0.62715,-0.778899
43.3,37.8737,-11.2753,0.624112,-0.781335
43.35,37.891,-11.2753,0.621067,-0.783758
43.4,37.9082,-11.2753,0.618015,-0.786167
43.45,37.9253,-11.2753,0.614957,-0.78856
43.5,37.9422,-11.2753,0.611891,-0.790942
43.55,37.9591,-11.2753,0.608819,-0.793309
43.6,37.9758,-11.2753,0.605739,-0.795663
43.65,37.9923,-11.2753,0.602654,-0.798003
43.7,38.0088,-11.2753,0.599565,-0.800326
43.75,38.0251,-11.2754,0.596469,-0.802636
43.8,38.0413,-11.2754,0.593372,-0.804929
43.85,38.0574,-11.2754,0.590271,-0.807205
43.9,38.0733,-11.2754,0.587167,-0.809466
43.95,38.0892,-11.2754,0.584061,-0.81171
44,38.1049,-11.2754,0.580952,-0.813938
44.05,38.1205,-11.2754,0.577839,-0.816151
44.1,38.136,-11.2754,0.574725,-0.818347
44.15,38.1513,-11.2754,0.571608,-0.820527
44.2,38.1666,-11.2754,0.568488,-0.822692
44.25,38.1817,-11.2755,0.565364,-0.824841
44.3,38.1967,-11.2755,0.562241,-0.826974
44.35,38.2116,-11.2755,0.559112,-0.829092
44.4,38.2263,-11.2755,0.555983,-0.831194
44.45,38.241,-11.2755,0.552853,-0.833279
44.5,38.2556,-11.2755,0.549722,-0.835348
44.55,38.27,-11.2755,0.546591,-0.837399
44.6,38.2843,-11.2755,0.543462,-0.839434
44.65,38.2985,-11.2755,0.540333,-0.841451
44.7,38.3126,-11.2755,0.53721,-0.843449
44.75,38.3266,-11.2755,0.534085,-0.845431
44.8,38.3405,-11.2755,0.530962,-0.847396
44.85,38.3543,-11.2755,0.527841,-0.849343
44.9,38.3679,-11.2756,0.524722,-0.851274
44.95,38.3815,-11.2756,0.521604,-0.853188
45,38.395,-11.2756,0.518488,-0.855085
45.05,38.4083,-11.2756,0.515374,-0.856965
45.1,38.4215,-11.2756,0.512264,-0.858828
45.15,38.4347,-11.2756,0.509156,-0.860674
45.2,38.4477,-11.2756,0.506052,-0.862503
45.25,38.4606,-11.2756,0.502952,-0.864314
45.3,38.4735,-11.2756,0.499859,-0.866107
45.35,38.4862,-11.2756,0.496768,-0.867883
45.4,38.4988,-11.2756,0.493684,-0.869641
45.45,38.5114,-11.2756,0.490606,-0.871382
45.5,38.5238,-11.2756,0.487534,-0.873104
45.55,38.5361,-11.2756,0.484469,-0.874808
45.6,38.5483,-11.2756,0.481407,-0.876497
45.65,38.5605,-11.2757,0.47835,-0.878169
45.7,38.5725,-11.2757,0.475298,-0.879825
45.75,38.5844,-11.2757,0.472252,-0.881464
45.8,38.5963,-11.2757,0.469211,-0.883086
45.85,38.608,-11.2757,0.466177,-0.884691
45.9,38.6197,-11.2757,0.463148,-0.886281
45.95,38.6312,-11.2757,0.460129,-0.887852
46,38.6427,-11.2757,0.457119,-0.889406
46.05,38.6541,-11.2757,0.454117,-0.890942
46.1,38.6654,-11.2757,0.451125,-0.892461
46.15,38.6766,-11.2757,0.44814,-0.893963
46.2,38.6877,-11.2757,0.445167,-0.895448
46.25,38.6987,-11.2757,0.442201,-0.896916
46.3,38.7096,-11.2757,0.439246,-0.898367
46.35,38.7204,-11.2757,0.436298,-0.899802
46.4,38.7312,-11.2757,0.433356,-0.901223
46.45,38.7419,-11.2757,0.430422,-0.902628
46.5,38.7524,-11.2757,0.427495,-0.904018
46.55,38.7629,-11.2757,0.424577,-0.905392
46.6,38.7733,-11.2757,0.421671,-0.906749
46.65,38.7836,-11.2757,0.418777,-0.908089
46.7,38.7939,-11.2758,0.415895,-0.909412
46.75,38.804,-11.2758,0.413025,-0.91072
46.8,38.8141,-11.2758,0.410163,-0.912012
46.85,38.8241,-11.2758,0.407315,-0.913288
46.9,38.834,-11.2758,0.404476,-0.914549
46.95,38.8438,-11.2758,0.401648,-0.915794
47,38.8536,-11.2758,0.398831,-0.917025
47.05,38.8632,-11.2758,0.396025,-0.91824
47.1,38.8728,-11.2758,0.393228,-0.919441
47.15,38.8823,-11.2758,0.390443,-0.920627
47.2,38.8917,-11.2758,0.387669,-0.921799
47.25,38.9011,-11.2758,0.384906,-0.922956
47.3,38.9104,-11.2758,0.382154,-0.924099
47.35,38.9196,-11.2758,0.379415,-0.925227
47.4,38.9287,-11.2758,0.376692,-0.926339
47.45,38.9377,-11.2758,0.373983,-0.927436
47.5,38.9467,-11.2758,0.371282,-0.92852
47.55,38.9556,-11.2758,0.368593,-0.929591
47.6,38.9644,-11.2758,0.365918,-0.930647
47.65,38.9732,-11.2758,0.363255,-0.93169
47.7,38.9819,-11.2758,0.360603,-0.932719
47.75,38.9905,-11.2758,0.357967,-0.933734
47.8,38.999,-11.2758,0.355342,-0.934736
47.85,39.0075,-11.2758,0.35273,-0.935725
47.9,39.0159,-11.2758,0.35013,-0.936701
47.95,39.0242,-11.2758,0.347546,-0.937663
48,39.0325,-11.2758,0.344974,-0.938612
48.05,39.0407,-11.2758,0.342416,-0.939548
48.1,39.0488,-11.2758,0.33987,-0.940472
48.15,39.0568,-11.2758,0.337337,-0.941384
48.2,39.0648,-11.2759,0.334818,-0.942283
48.25,39.0727,-11.2759,0.332312,-0.943169
48.3,39.0806,-11.2759,0.32982,-0.944044
48.35,39.0884,-11.2759,0.327341,-0.944906
48.4,39.0961,-11.2759,0.324874,-0.945757
48.45,39.1038,-11.2759,0.322421,-0.946596
48.5,39.1114,-11.2759,0.319979,-0.947425
48.55,39.1189,-11.2759,0.317551,-0.948241
48.6,39.1264,-11.2759,0.315139,-0.949046
48.65,39.1338,-11.2759,0.312745,-0.949837
48.7,39.1412,-11.2759,0.310363,-0.950618
48.75,39.1484,-11.2759,0.307995,-0.951388
48.8,39.1557,-11.2759,0.305641,-0.952147
48.85,39.1628,-11.2759,0.303301,-0.952895
48.9,39.1699,-11.2759,0.300972,-0.953633
48.95,39.177,-11.2759,0.298659,-0.95436
49,39.184,-11.2759,0.29636,-0.955076
49.05,39.1909,-11.2759,0.29407,-0.955784
49.1,39.1978,-11.2759,0.291797,-0.95648
49.15,39.2046,-11.2759,0.289536,-0.957167
49.2,39.2113,-11.2759,0.287291,-0.957843
49.25,39.218,-11.2759,0.285056,-0.958511
49.3,39.2247,-11.2759,0.282835,-0.959169
49.35,39.2313,-11.2759,0.28063,-0.959816
49.4,39.2378,-11.2759,0.278441,-0.960453
49.45,39.2443,-11.2759,0.276269,-0.96108
49.5,39.2507,-11.2759,0.274111,-0.961698
49.55,39.2571,-11.2759,0.271964,-0.962307
49.6,39.2634,-11.2759,0.26983,-0.962908
49.65,39.2697,-11.2759,0.267708,-0.9635
49.7,39.2759,-11.2759,0.265604,-0.964082
49.75,39.282,-11.2759,0.263512,-0.964656
49.8,39.2881,-11.2759,0.261431,-0.965222
49.85,39.2942,-11.2759,0.259362,-0.96578
49.9,39.3002,-11.2759,0.257307,-0.96633
49.95,39.3062,-11.2759,0.255269,-0.96687
50,39.3121,-11.2759,0.253244,-0.967403
50.05,39.3179,-11.2759,0.251232,-0.967927
50.1,39.3237,-11.2759,0.249237,-0.968443
50.15,39.3295,-11.2759,0.24725,-0.968952
50.2,39.3352,-11.2759,0.245281,-0.969452
50.25,39.3409,-11.2759,0.243325,-0.969945
50.3,39.3465,-11.2759,0.24138,-0.970431
50.35,39.352,-11.2759,0.239448,-0.970909
50.4,39.3575,-11.2759,0.237531,-0.97138
50.45,39.363,-11.2759,0.235625,-0.971844
50.5,39.3684,-11.2759,0.233736,-0.9723
50.55,39.3738,-11.2759,0.231856,-0.97275
50.6,39.3792,-11.2759,0.229992,-0.973192
50.65,39.3844,-11.2759,0.228138,-0.973629
50.7,39.3897,-11.2759,0.226298,-0.974058
50.75,39.3949,-11.2759,0.224476,-0.97448
50.8,39.4,-11.2759,0.222663,-0.974895
50.85,39.4052,-11.2759,0.220863,-0.975305
50.9,39.4102,-11.2759,0.219076,-0.975708
50.95,39.4153,-11.2759,0.217304,-0.976104
51,39.4202,-11.2759,0.215541,-0.976495
51.05,39.4252,-11.2759,0.213793,-0.976879
51.1,39.4301,-11.2759,0.212058,-0.977257
51.15,39.4349,-11.2759,0.210337,-0.977629
51.2,39.4398,-11.2759,0.208628,-0.977995
51.25,39.4445,-11.2759,0.20693,-0.978356
51.3,39.4493,-11.2759,0.205244,-0.978711
51.35,39.454,-11.2759,0.203571,-0.97906
51.4,39.4586,-11.276,0.201908,-0.979405
51.45,39.4632,-11.276,0.200259,-0.979743
51.5,39.4678,-11.276,0.198623,-0.980076
51.55,39.4724,-11.276,0.196998,-0.980404
51.6,39.4769,-11.276,0.195384,-0.980727
51.65,39.4813,-11.276,0.193783,-0.981044
51.7,39.4858,-11.276,0.192194,-0.981357
51.75,39.4901,-11.276,0.190617,-0.981664
51.8,39.4945,-11.276,0.189053,-0.981967
51.85,39.4988,-11.276,0.1875,-0.982265
51.9,39.5031,-11.276,0.185957,-0.982558
51.95,39.5073,-11.276,0.184426,-0.982846
52,39.5115,-11.276,0.182909,-0.98313
52.05,39.5157,-11.276,0.181404,-0.983409
52.1,39.5198,-11.276,0.179906,-0.983684
52.15,39.5239,-11.276,0.17842,-0.983954
52.2,39.528,-11.276,0.176949,-0.98422
52.25,39.532,-11.276,0.175487,-0.984482
52.3,39.536,-11.276,0.174038,-0.984739
52.35,39.54,-11.276,0.172601,-0.984992
52.4,39.5439,-11.276,0.171171,-0.985241
52.45,39.5478,-11.276,0.169757,-0.985486
52.5,39.5517,-11.276,0.168351,-0.985727
52.55,39.5555,-11.276,0.166957,-0.985964
52.6,39.5593,-11.276,0.165573,-0.986198
52.65,39.563,-11.276,0.164196,-0.986428
52.7,39.5668,-11.276,0.162834,-0.986654
52.75,39.5705,-11.276,0.161481,-0.986876
52.8,39.5742,-11.276,0.16014,-0.987094
52.85,39.5778,-11.276,0.158808,-0.987309
52.9,39.5814,-11.276,0.157485,-0.987521
52.95,39.585,-11.276,0.156176,-0.987729
53,39.5885,-11.276,0.154879,-0.987934
53.05,39.592,-11.276,0.153588,-0.988135
53.1,39.5955,-11.276,0.152312,-0.988333
53.15,39.599,-11.276,0.151042,-0.988527
53.2,39.6024,-11.276,0.14978,-0.988719
53.25,39.6058,-11.276,0.148532,-0.988908
53.3,39.6092,-11.276,0.147294,-0.989093
53.35,39.6125,-11.276,0.146064,-0.989275
53.4,39.6158,-11.276,0.144846,-0.989454
53.45,39.6191,-11.276,0.143633,-0.989631
53.5,39.6223,-11.276,0.142432,-0.989805
53.55,39.6256,-11.276,0.141238,-0.989976
53.6,39.6288,-11.276,0.140059,-0.990143
53.65,39.6319,-11.276,0.138886,-0.990308
53.7,39.6351,-11.276,0.137723,-0.990471
53.75,39.6382,-11.276,0.136569,-0.990631
53.8,39.6413,-11.276,0.135423,-0.990788
53.85,39.6444,-11.276,0.13429,-0.990942
53.9,39.6474,-11.276,0.133164,-0.991094
53.95,39.6504,-11.276,0.132046,-0.991244
54,39.6534,-11.276,0.130938,-0.991391
54.05,39.6564,-11.276,0.129837,-0.991535
54.1,39.6593,-11.276,0.128747,-0.991677
54.15,39.6622,-11.276,0.127666,-0.991817
54.2,39.6651,-11.276,0.126596,-0.991954
54.25,39.668,-11.276,0.125532,-0.99209
54.3,39.6708,-11.276,0.124476,-0.992223
54.35,39.6736,-11.276,0.123429,-0.992353
54.4,39.6764,-11.276,0.12239,-0.992482
54.45,39.6792,-11.276,0.12136,-0.992609
54.5,39.6819,-11.276,0.120339,-0.992733
54.55,39.6846,-11.276,0.119324,-0.992855
54.6,39.6873,-11.276,0.11832,-0.992976
54.65,39.69,-11.276,0.117321,-0.993094
54.7,39.6927,-11.276,0.116332,-0.99321
54.75,39.6953,-11.276,0.115354,-0.993324
54.8,39.6979,-11.276,0.114381,-0.993437
54.85,39.7005,-11.276,0.113418,-0.993547
54.9,39.703,-11.276,0.11246,-0.993656
54.95,39.7056,-11.276,0.111512,-0.993763
55,39.7081,-11.276,0.110573,-0.993868
55.05,39.7106,-11.276,0.109637,-0.993972
55.1,39.7131,-11.276,0.108714,-0.994073
55.15,39.7155,-11.276,0.107795,-0.994173
55.2,39.7179,-11.276,0.106886,-0.994271
55.25,39.7204,-11.276,0.105981,-0.994368
55.3,39.7227,-11.276,0.105083,-0.994464
55.35,39.7251,-11.276,0.104194,-0.994557
55.4,39.7275,-11.276,0.103313,-0.994649
55.45,39.7298,-11.276,0.102439,-0.994739
55.5,39.7321,-11.276,0.101576,-0.994828
55.55,39.7344,-11.276,0.100718,-0.994915
55.6,39.7367,-11.276,0.0998661,-0.995001
55.65,39.7389,-11.276,0.099021,-0.995085
55.7,39.7412,-11.276,0.0981854,-0.995168
55.75,39.7434,-11.276,0.097354,-0.99525
55.8,39.7456,-11.276,0.0965293,-0.99533
55.85,39.7477,-11.276,0.0957115,-0.995409
55.9,39.7499,-11.276,0.0948984,-0.995487
55.95,39.752,-11.276,0.0940959,-0.995563
56,39.7542,-11.276,0.0932978,-0.995638
56.05,39.7563,-11.276,0.0925064,-0.995712
56.1,39.7583,-11.276,0.0917196,-0.995785
56.15,39.7604,-11.276,0.0909441,-0.995856
56.2,39.7625,-11.276,0.0901709,-0.995926
56.25,39.7645,-11.276,0.0894064,-0.995995
56.3,39.7665,-11.276,0.0886466,-0.996063
56.35,39.7685,-11.276,0.0878933,-0.99613
56.4,39.7705,-11.276,0.087146,-0.996196
56.45,39.7724,-11.276,0.0864073,-0.99626
56.5,39.7744,-11.276,0.085672,-0.996323
56.55,39.7763,-11.276,0.0849469,-0.996385
56.6,39.7782,-11.276,0.0842275,-0.996447
56.65,39.7801,-11.276,0.0835139,-0.996507
56.7,39.782,-11.276,0.0828042,-0.996566
56.75,39.7839,-11.276,0.0820983,-0.996624
56.8,39.7857,-11.276,0.0814004,-0.996681
56.85,39.7876,-11.276,0.0807107,-0.996738
56.9,39.7894,-11.276,0.0800248,-0.996793
56.95,39.7912,-11.276,0.0793453,-0.996847
57,39.793,-11.276,0.0786714,-0.996901
57.05,39.7947,-11.276,0.0780031,-0.996953
57.1,39.7965,-11.276,0.0773404,-0.997005
57.15,39.7982,-11.276,0.0766831,-0.997055
57.2,39.8,-11.276,0.0760311,-0.997105
57.25,39.8017,-11.276,0.0753849,-0.997154
57.3,39.8034,-11.276,0.0747458,-0.997203
57.35,39.805,-11.276,0.0741099,-0.99725
57.4,39.8067,-11.276,0.0734814,-0.997297
57.45,39.8084,-11.276,0.0728561,-0.997342
57.5,39.81,-11.276,0.0722357,-0.997388
57.55,39.8116,-11.276,0.0716206,-0.997432
57.6,39.8132,-11.276,0.0710111,-0.997476
57.65,39.8148,-11.276,0.070407,-0.997518
57.7,39.8164,-11.276,0.0698051,-0.997561
57.75,39.818,-11.276,0.0692107,-0.997602
57.8,39.8196,-11.276,0.0686211,-0.997643
57.85,39.8211,-11.276,0.068037,-0.997683
57.9,39.8226,-11.276,0.0674599,-0.997722
57.95,39.8242,-11.276,0.0668857,-0.997761
58,39.8257,-11.276,0.0663161,-0.997799
58.05,39.8271,-11.276,0.0657515,-0.997836
58.1,39.8286,-11.276,0.0651936,-0.997873
58.15,39.8301,-11.276,0.0646401,-0.997909
58.2,39.8315,-11.276,0.0640915,-0.997944
58.25,39.833,-11.276,0.0635451,-0.997979
58.3,39.8344,-11.276,0.0630033,-0.998013
58.35,39.8358,-11.276,0.0624637,-0.998047
58.4,39.8372,-11.276,0.0619314,-0.99808
58.45,39.8386,-11.276,0.0614034,-0.998113
58.5,39.84,-11.276,0.060882,-0.998145
58.55,39.8414,-11.276,0.0603648,-0.998176
58.6,39.8427,-11.276,0.0598497,-0.998207
58.65,39.8441,-11.276,0.0593389,-0.998238
58.7,39.8454,-11.276,0.0588303,-0.998268
58.75,39.8467,-11.276,0.0583261,-0.998298
58.8,39.8481,-11.276,0.0578284,-0.998327
58.85,39.8494,-11.276,0.0573352,-0.998355
58.9,39.8506,-11.276,0.0568482,-0.998383
58.95,39.8519,-11.276,0.0563653,-0.99841
59,39.8532,-11.276,0.0558843,-0.998437
59.05,39.8544,-11.276,0.0554074,-0.998464
59.1,39.8557,-11.276,0.0549326,-0.99849
59.15,39.8569,-11.276,0.0544636,-0.998516
59.2,39.8582,-11.276,0.0539986,-0.998541
59.25,39.8594,-11.276,0.0535356,-0.998566
59.3,39.8606,-11.276,0.0530768,-0.99859
59.35,39.8618,-11.276,0.0526241,-0.998614
59.4,39.8629,-11.276,0.0521776,-0.998638
59.45,39.8641,-11.276,0.0517304,-0.998661
59.5,39.8653,-11.276,0.0512894,-0.998684
59.55,39.8664,-11.276,0.0508497,-0.998706
59.6,39.8676,-11.276,0.050414,-0.998728
59.65,39.8687,-11.276,0.0499818,-0.99875
59.7,39.8698,-11.276,0.0495557,-0.998771
59.75,39.8709,-11.276,0.0491333,-0.998792
59.8,39.872,-11.276,0.0487143,-0.998813
59.85,39.8731,-11.276,0.0482969,-0.998833
59.9,39.8742,-11.276,0.0478853,-0.998853
59.95,39.8753,-11.276,0.0474767,-0.998872
60,39.8764,-11.276,0.0470697,-0.998892
60.05,39.8774,-11.276,0.046666,-0.998911
60.1,39.8785,-11.276,0.0462683,-0.998929
60.15,39.8795,-11.276,0.0458715,-0.998947
60.2,39.8805,-11.276,0.0454802,-0.998965
60.25,39.8816,-11.276,0.0450923,-0.998983
60.3,39.8826,-11.276,0.0447077,-0.999
60.35,39.8836,-11.276,0.0443262,-0.999017
60.4,39.8846,-11.276,0.0439461,-0.999034
60.45,39.8856,-11.276,0.0435715,-0.99905
60.5,39.8866,-11.276,0.0432019,-0.999066
60.55,39.8875,-11.276,0.0428331,-0.999082
60.6,39.8885,-11.276,0.0424679,-0.999098
60.65,39.8894,-11.276,0.0421058,-0.999113
60.7,39.8904,-11.276,0.0417466,-0.999128
60.75,39.8913,-11.276,0.0413904,-0.999143
60.8,39.8923,-11.276,0.0410372,-0.999158
60.85,39.8932,-11.276,0.0406868,-0.999172
60.9,39.8941,-11.276,0.0403394,-0.999186
60.95,39.895,-11.276,0.0399947,-0.9992
61,39.8959,-11.276,0.039653,-0.999214
61.05,39.8968,-11.276,0.0393142,-0.999227
61.1,39.8977,-11.276,0.0389784,-0.99924
61.15,39.8986,-11.276,0.0386452,-0.999253
61.2,39.8994,-11.276,0.0383148,-0.999266
61.25,39.9003,-11.276,0.0379873,-0.999278
61.3,39.9011,-11.276,0.0376625,-0.999291
61.35,39.902,-11.276,0.0373405,-0.999303
61.4,39.9028,-11.276,0.0370212,-0.999314
61.45,39.9037,-11.276,0.0367047,-0.999326
61.5,39.9045,-11.276,0.0363912,-0.999338
61.55,39.9053,-11.276,0.0360802,-0.999349
61.6,39.9061,-11.276,0.0357719,-0.99936
61.65,39.9069,-11.276,0.0354663,-0.999371
61.7,39.9077,-11.276,0.0351651,-0.999382
61.75,39.9085,-11.276,0.0348643,-0.999392
61.8,39.9093,-11.276,0.0345641,-0.999402
61.85,39.9101,-11.276,0.0342687,-0.999413
61.9,39.9108,-11.276,0.0339757,-0.999423
61.95,39.9116,-11.276,0.0336851,-0.999433
62,39.9123,-11.276,0.0333971,-0.999442
62.05,39.9131,-11.276,0.0331121,-0.999452
62.1,39.9138,-11.276,0.0328266,-0.999461
62.15,39.9146,-11.276,0.0325462,-0.99947
62.2,39.9153,-11.276,0.0322661,-0.999479
62.25,39.916,-11.276,0.0319883,-0.999488
62.3,39.9168,-11.276,0.0317173,-0.999497
62.35,39.9175,-11.276,0.0314444,-0.999506
62.4,39.9182,-11.276,0.0311758,-0.999514
62.45,39.9189,-11.276,0.0309075,-0.999522
62.5,39.9196,-11.276,0.0306413,-0.99953
62.55,39.9203,-11.276,0.0303777,-0.999538
62.6,39.9209,-11.276,0.0301208,-0.999546
62.65,39.9216,-11.276,0.0298636,-0.999554
62.7,39.9223,-11.276,0.0296089,-0.999562
62.75,39.9229,-11.276,0.0293539,-0.999569
62.8,39.9236,-11.276,0.0291057,-0.999576
62.85,39.9243,-11.276,0.028857,-0.999584
62.9,39.9249,-11.276,0.0286129,-0.999591
62.95,39.9255,-11.276,0.0283663,-0.999598
63,39.9262,-11.276,0.0281221,-0.999604
63.05,39.9268,-11.276,0.0278821,-0.999611
63.1,39.9274,-11.276,0.0276439,-0.999618
63.15,39.9281,-11.276,0.0274078,-0.999624
63.2,39.9287,-11.276,0.0271715,-0.999631
63.25,39.9293,-11.276,0.0269397,-0.999637
63.3,39.9299,-11.276,0.0267097,-0.999643
63.35,39.9305,-11.276,0.0264836,-0.999649
63.4,39.9311,-11.276,0.0262573,-0.999655
63.45,39.9317,-11.276,0.0260328,-0.999661
63.5,39.9323,-11.276,0.0258081,-0.999667
63.55,39.9328,-11.276,0.0255879,-0.999673
63.6,39.9334,-11.276,0.0253693,-0.999678
63.65,39.934,-11.276,0.0251545,-0.999684
63.7,39.9346,-11.276,0.0249397,-0.999689
63.75,39.9351,-11.276,0.0247266,-0.999694
63.8,39.9357,-11.276,0.024513,-0.9997
63.85,39.9362,-11.276,0.0243055,-0.999705
63.9,39.9368,-11.276,0.0240999,-0.99971
63.95,39.9373,-11.276,0.0238938,-0.999715
64,39.9378,-11.276,0.0236893,-0.999719
64.05,39.9384,-11.276,0.0234843,-0.999724
64.1,39.9389,-11.276,0.0232837,-0.999729
64.15,39.9394,-11.276,0.0230848,-0.999734
64.2,39.9399,-11.276,0.0228853,-0.999738
64.25,39.9405,-11.276,0.0226875,-0.999743
64.3,39.941,-11.276,0.0224936,-0.999747
64.35,39.9415,-11.276,0.0223013,-0.999751
64.4,39.942,-11.276,0.0221108,-0.999756
64.45,39.9425,-11.276,0.0219243,-0.99976
64.5,39.943,-11.276,0.0217348,-0.999764
64.55,39.9435,-11.276,0.0215493,-0.999768
64.6,39.9439,-11.276,0.0213654,-0.999772
64.65,39.9444,-11.276,0.021185,-0.999776
64.7,39.9449,-11.276,0.0210039,-0.999779
64.75,39.9454,-11.276,0.0208242,-0.999783
64.8,39.9458,-11.276,0.0206459,-0.999787
64.85,39.9463,-11.276,0.0204711,-0.99979
64.9,39.9468,-11.276,0.0202977,-0.999794
64.95,39.9472,-11.276,0.0201236,-0.999798
65,39.9477,-11.276,0.0199492,-0.999801
65.05,39.9481,-11.276,0.0197807,-0.999804
65.1,39.9486,-11.276,0.0196115,-0.999808
65.15,39.949,-11.276,0.0194437,-0.999811
65.2,39.9494,-11.276,0.0192774,-0.999814
65.25,39.9499,-11.276,0.0191104,-0.999817
65.3,39.9503,-11.276,0.0189472,-0.999821
65.35,39.9507,-11.276,0.0187853,-0.999824
65.4,39.9511,-11.276,0.0186243,-0.999826
65.45,39.9516,-11.276,0.0184628,-0.99983
65.5,39.952,-11.276,0.018307,-0.999832
65.55,39.9524,-11.276,0.0181502,-0.999835
65.6,39.9528,-11.276,0.0179949,-0.999838
65.65,39.9532,-11.276,0.017843,-0.999841
65.7,39.9536,-11.276,0.0176923,-0.999843
65.75,39.954,-11.276,0.0175406,-0.999846
65.8,39.9544,-11.276,0.0173904,-0.999849
65.85,39.9548,-11.276,0.0172394,-0.999851
65.9,39.9552,-11.276,0.0170941,-0.999854
65.95,39.9555,-11.276,0.016948,-0.999856
66,39.9559,-11.276,0.0168048,-0.999859
66.05,39.9563,-11.276,0.0166627,-0.999861
66.1,39.9567,-11.276,0.0165197,-0.999864
66.15,39.9571,-11.276,0.0163782,-0.999866
66.2,39.9574,-11.276,0.0162357,-0.999868
66.25,39.9578,-11.276,0.0160988,-0.99987
66.3,39.9581,-11.276,0.0159584,-0.999873
66.35,39.9585,-11.276,0.0158215,-0.999875
66.4,39.9589,-11.276,0.0156859,-0.999877
66.45,39.9592,-11.276,0.0155494,-0.999879
66.5,39.9596,-11.276,0.0154143,-0.999881
66.55,39.9599,-11.276,0.0152801,-0.999883
66.6,39.9603,-11.276,0.0151493,-0.999885
66.65,39.9606,-11.276,0.0150197,-0.999887
66.7,39.9609,-11.276,0.0148936,-0.999889
66.75,39.9613,-11.276,0.0147643,-0.999891
66.8,39.9616,-11.276,0.0146401,-0.999893
66.85,39.9619,-11.276,0.0145149,-0.999895
66.9,39.9622,-11.276,0.0143908,-0.999896
66.95,39.9626,-11.276,0.01427,-0.999898
67,39.9629,-11.276,0.0141477,-0.9999
67.05,39.9632,-11.276,0.0140267,-0.999902
67.1,39.9635,-11.276,0.0139046,-0.999903
67.15,39.9638,-11.276,0.0137854,-0.999905
67.2,39.9641,-11.276,0.0136674,-0.999907
67.25,39.9645,-11.276,0.0135527,-0.999908
67.3,39.9648,-11.276,0.013439,-0.99991
67.35,39.9651,-11.276,0.0133259,-0.999911
67.4,39.9654,-11.276,0.0132116,-0.999913
67.45,39.9657,-11.276,0.0130985,-0.999914
67.5,39.9659,-11.276,0.012986,-0.999916
67.55,39.9662,-11.276,0.0128769,-0.999917
67.6,39.9665,-11.276,0.0127644,-0.999919
67.65,39.9668,-11.276,0.012657,-0.99992
67.7,39.9671,-11.276,0.0125485,-0.999921
67.75,39.9674,-11.276,0.0124427,-0.999923
67.8,39.9677,-11.276,0.0123335,-0.999924
67.85,39.9679,-11.276,0.0122278,-0.999925
67.9,39.9682,-11.276,0.0121248,-0.999927
67.95,39.9685,-11.276,0.0120227,-0.999928
68,39.9688,-11.276,0.0119195,-0.999929
68.05,39.969,-11.276,0.0118191,-0.99993
68.1,39.9693,-11.276,0.0117153,-0.999931
68.15,39.9696,-11.276,0.0116123,-0.999933
68.2,39.9698,-11.276,0.0115126,-0.999934
68.25,39.9701,-11.276,0.0114139,-0.999935
68.3,39.9703,-11.276,0.011316,-0.999936
68.35,39.9706,-11.276,0.011217,-0.999937
68.4,39.9708,-11.276,0.0111207,-0.999938
68.45,39.9711,-11.276,0.0110256,-0.999939
68.5,39.9713,-11.276,0.0109292,-0.99994
68.55,39.9716,-11.276,0.0108357,-0.999941
68.6,39.9718,-11.276,0.0107433,-0.999942
68.65,39.9721,-11.276,0.0106513,-0.999943
68.7,39.9723,-11.276,0.0105624,-0.999944
68.75,39.9725,-11.276,0.0104717,-0.999945
68.8,39.9728,-11.276,0.0103821,-0.999946
68.85,39.973,-11.276,0.010293,-0.999947
68.9,39.9732,-11.276,0.010207,-0.999948
68.95,39.9735,-11.276,0.0101192,-0.999949
69,39.9737,-11.276,0.0100324,-0.99995
69.05,39.9739,-11.276,0.00994612,-0.999951
69.1,39.9741,-11.276,0.00985867,-0.999951
69.15,39.9744,-11.276,0.00977401,-0.999952
69.2,39.9746,-11.276,0.00969021,-0.999953
69.25,39.9748,-11.276,0.00960699,-0.999954
69.3,39.975,-11.276,0.00952687,-0.999955
69.35,39.9752,-11.276,0.00944496,-0.999955
69.4,39.9754,-11.276,0.00936395,-0.999956
69.45,39.9757,-11.276,0.00928344,-0.999957
69.5,39.9759,-11.276,0.0092017,-0.999958
69.55,39.9761,-11.276,0.00912274,-0.999958
69.6,39.9763,-11.276,0.00904468,-0.999959
69.65,39.9765,-11.276,0.00896708,-0.99996
69.7,39.9767,-11.276,0.00888822,-0.99996
69.75,39.9769,-11.276,0.00881204,-0.999961
69.8,39.9771,-11.276,0.00873676,-0.999962
69.85,39.9773,-11.276,0.00866193,-0.999962
69.9,39.9775,-11.276,0.00858587,-0.999963
69.95,39.9777,-11.276,0.00851252,-0.999964
70,39.9779,-11.276,0.0084417,-0.999964
70.05,39.978,-11.276,0.00837161,-0.999965
70.1,39.9782,-11.276,0.00830181,-0.999966
70.15,39.9784,-11.276,0.00823067,-0.999966
70.2,39.9786,-11.276,0.00815787,-0.999967
70.25,39.9788,-11.276,0.0080861,-0.999967
70.3,39.979,-11.276,0.00801913,-0.999968
70.35,39.9791,-11.276,0.00795241,-0.999968
70.4,39.9793,-11.276,0.00788429,-0.999969
70.45,39.9795,-11.276,0.0078187,-0.999969
70.5,39.9797,-11.276,0.00774956,-0.99997
70.55,39.9799,-11.276,0.00768519,-0.99997
70.6,39.98,-11.276,0.00761677,-0.999971
70.65,39.9802,-11.276,0.00755152,-0.999971
70.7,39.9804,-11.276,0.00748879,-0.999972
70.75,39.9805,-11.276,0.00742678,-0.999972
70.8,39.9807,-11.276,0.00736504,-0.999973
70.85,39.9809,-11.276,0.0072993,-0.999973
70.9,39.981,-11.276,0.00723671,-0.999974
70.95,39.9812,-11.276,0.00717241,-0.999974
71,39.9814,-11.276,0.00711073,-0.999975
71.05,39.9815,-11.276,0.00704988,-0.999975
71.1,39.9817,-11.276,0.00698938,-0.999976
71.15,39.9818,-11.276,0.00693184,-0.999976
71.2,39.982,-11.276,0.00687238,-0.999976
71.25,39.9821,-11.276,0.00681117,-0.999977
71.3,39.9823,-11.276,0.00675517,-0.999977
71.35,39.9824,-11.276,0.00669511,-0.999978
71.4,39.9826,-11.276,0.00663975,-0.999978
71.45,39.9827,-11.276,0.0065829,-0.999978
71.5,39.9829,-11.276,0.00652857,-0.999979
71.55,39.983,-11.276,0.00647231,-0.999979
71.6,39.9832,-11.276,0.00641686,-0.999979
71.65,39.9833,-11.276,0.00636176,-0.99998
71.7,39.9835,-11.276,0.00630699,-0.99998
71.75,39.9836,-11.276,0.00625518,-0.99998
71.8,39.9837,-11.276,0.00620147,-0.999981
71.85,39.9839,-11.276,0.00615021,-0.999981
71.9,39.984,-11.276,0.00609699,-0.999981
71.95,39.9842,-11.276,0.00604456,-0.999982
72,39.9843,-11.276,0.00599245,-0.999982
72.05,39.9844,-11.276,0.00594065,-0.999982
72.1,39.9846,-11.276,0.00588744,-0.999983
72.15,39.9847,-11.276,0.00583685,-0.999983
72.2,39.9848,-11.276,0.00578867,-0.999983
72.25,39.985,-11.276,0.00574113,-0.999983
72.3,39.9851,-11.276,0.00568952,-0.999984
72.35,39.9852,-11.276,0.00563834,-0.999984
72.4,39.9853,-11.276,0.0055902,-0.999984
72.45,39.9855,-11.276,0.00554023,-0.999985
72.5,39.9856,-11.276,0.00549281,-0.999985
72.55,39.9857,-11.276,0.00544777,-0.999985
72.6,39.9858,-11.276,0.00539908,-0.999985
72.65,39.986,-11.276,0.00535506,-0.999986
72.7,39.9861,-11.276,0.00530689,-0.999986
72.75,39.9862,-11.276,0.00526126,-0.999986
72.8,39.9863,-11.276,0.00521635,-0.999986
72.85,39.9864,-11.276,0.00516958,-0.999987
72.9,39.9865,-11.276,0.00512534,-0.999987
72.95,39.9867,-11.276,0.0050818,-0.999987
73,39.9868,-11.276,0.00503851,-0.999987
73.05,39.9869,-11.276,0.00499547,-0.999988
73.1,39.987,-11.276,0.00495266,-0.999988
73.15,39.9871,-11.276,0.00490843,-0.999988
73.2,39.9872,-11.276,0.00486674,-0.999988
73.25,39.9873,-11.276,0.00482526,-0.999988
73.3,39.9874,-11.276,0.00478396,-0.999989
73.35,39.9875,-11.276,0.00474337,-0.999989
73.4,39.9877,-11.276,0.00470301,-0.999989
73.45,39.9878,-11.276,0.0046629,-0.999989
73.5,39.9879,-11.276,0.00462301,-0.999989
73.55,39.988,-11.276,0.00458165,-0.999989
73.6,39.9881,-11.276,0.00454282,-0.99999
73.65,39.9882,-11.276,0.00450633,-0.99999
73.7,39.9883,-11.276,0.00446779,-0.99999
73.75,39.9884,-11.276,0.0044273,-0.99999
73.8,39.9885,-11.276,0.00439188,-0.99999
73.85,39.9886,-11.276,0.00435229,-0.999991
73.9,39.9887,-11.276,0.00431303,-0.999991
73.95,39.9888,-11.276,0.00427836,-0.999991
74,39.9889,-11.276,0.00424208,-0.999991
74.05,39.989,-11.276,0.00420815,-0.999991
74.1,39.9891,-11.276,0.00417216,-0.999991
74.15,39.9892,-11.276,0.0041385,-0.999991
74.2,39.9892,-11.276,0.00410277,-0.999992
74.25,39.9893,-11.276,0.00406769,-0.999992
74.3,39.9894,-11.276,0.00403286,-0.999992
74.35,39.9895,-11.276,0.00399823,-0.999992
74.4,39.9896,-11.276,0.00396381,-0.999992
74.45,39.9897,-11.276,0.00392956,-0.999992
74.5,39.9898,-11.276,0.00389386,-0.999992
74.55,39.9899,-11.276,0.00386064,-0.999993
74.6,39.99,-11.276,0.00382973,-0.999993
74.65,39.99,-11.276,0.00379673,-0.999993
74.7,39.9901,-11.276,0.00376178,-0.999993
74.75,39.9902,-11.276,0.00372762,-0.999993
74.8,39.9903,-11.276,0.00369379,-0.999993
74.85,39.9904,-11.276,0.00366028,-0.999993
74.9,39.9905,-11.276,0.00362705,-0.999993
74.95,39.9905,-11.276,0.00359836,-0.999994
75,39.9906,-11.276,0.00356803,-0.999994
75.05,39.9907,-11.276,0.00353573,-0.999994
75.1,39.9908,-11.276,0.00350586,-0.999994
75.15,39.9909,-11.276,0.00347401,-0.999994
75.2,39.9909,-11.276,0.00344455,-0.999994
75.25,39.991,-11.276,0.0034157,-0.999994
75.3,39.9911,-11.276,0.00338702,-0.999994
75.35,39.9912,-11.276,0.00335849,-0.999994
75.4,39.9912,-11.276,0.00333009,-0.999994
75.45,39.9913,-11.276,0.00330184,-0.999995
75.5,39.9914,-11.276,0.00327371,-0.999995
75.55,39.9915,-11.276,0.00324833,-0.999995
75.6,39.9915,-11.276,0.00322084,-0.999995
75.65,39.9916,-11.276,0.00319139,-0.999995
75.7,39.9917,-11.276,0.00316434,-0.999995
75.75,39.9918,-11.276,0.0031353,-0.999995
75.8,39.9918,-11.276,0.00310865,-0.999995
75.85,39.9919,-11.276,0.00308258,-0.999995
75.9,39.992,-11.276,0.00305668,-0.999995
75.95,39.992,-11.276,0.00303093,-0.999995
76,39.9921,-11.276,0.00300531,-0.999995
76.05,39.9922,-11.276,0.00297979,-0.999996
76.1,39.9922,-11.276,0.00295442,-0.999996
76.15,39.9923,-11.276,0.00292915,-0.999996
76.2,39.9924,-11.276,0.00290235,-0.999996
76.25,39.9924,-11.276,0.00287797,-0.999996
76.3,39.9925,-11.276,0.00285584,-0.999996
76.35,39.9926,-11.276,0.00283156,-0.999996
76.4,39.9926,-11.276,0.00280742,-0.999996
76.45,39.9927,-11.276,0.00278338,-0.999996
76.5,39.9928,-11.276,0.00275733,-0.999996
76.55,39.9928,-11.276,0.00273626,-0.999996
76.6,39.9929,-11.276,0.00271519,-0.999996
76.65,39.9929,-11.276,0.00268988,-0.999996
76.7,39.993,-11.276,0.00266483,-0.999996
76.75,39.9931,-11.276,0.00264429,-0.999996
76.8,39.9931,-11.276,0.00262373,-0.999997
76.85,39.9932,-11.276,0.00260314,-0.999997
76.9,39.9932,-11.276,0.00258089,-0.999997
76.95,39.9933,-11.276,0.00255667,-0.999997
77,39.9934,-11.276,0.00253486,-0.999997
77.05,39.9934,-11.276,0.00251106,-0.999997
77.1,39.9935,-11.276,0.00248965,-0.999997
77.15,39.9935,-11.276,0.00247047,-0.999997
77.2,39.9936,-11.276,0.00244913,-0.999997
77.25,39.9936,-11.276,0.00243003,-0.999997
77.3,39.9937,-11.276,0.00241138,-0.999997
77.35,39.9937,-11.276,0.00239274,-0.999997
77.4,39.9938,-11.276,0.00237413,-0.999997
77.45,39.9938,-11.276,0.00235553,-0.999997
77.5,39.9939,-11.276,0.00233694,-0.999997
77.55,39.994,-11.276,0.00231837,-0.999997
77.6,39.994,-11.276,0.00229555,-0.999997
77.65,39.9941,-11.276,0.00227514,-0.999997
77.7,39.9941,-11.276,0.00225273,-0.999997
77.75,39.9942,-11.276,0.0022332,-0.999997
77.8,39.9942,-11.276,0.00221594,-0.999997
77.85,39.9943,-11.276,0.00219658,-0.999998
77.9,39.9943,-11.276,0.00217948,-0.999998
77.95,39.9944,-11.276,0.00216025,-0.999998
78,39.9944,-11.276,0.00213903,-0.999998
78.05,39.9945,-11.276,0.00212021,-0.999998
78.1,39.9945,-11.276,0.00210362,-0.999998
78.15,39.9946,-11.276,0.00208488,-0.999998
78.2,39.9946,-11.276,0.00206674,-0.999998
78.25,39.9946,-11.276,0.00204874,-0.999998
78.3,39.9947,-11.276,0.00203089,-0.999998
78.35,39.9947,-11.276,0.00201316,-0.999998
78.4,39.9948,-11.276,0.00199556,-0.999998
78.45,39.9948,-11.276,0.00197807,-0.999998
78.5,39.9949,-11.276,0.00196071,-0.999998
78.55,39.9949,-11.276,0.00194344,-0.999998
78.6,39.995,-11.276,0.00192626,-0.999998
78.65,39.995,-11.276,0.00190753,-0.999998
78.7,39.995,-11.276,0.00189121,-0.999998
78.75,39.9951,-11.276,0.00187713,-0.999998
78.8,39.9951,-11.276,0.0018609,-0.999998
78.85,39.9952,-11.276,0.00184691,-0.999998
78.9,39.9952,-11.276,0.00183076,-0.999998
78.95,39.9953,-11.276,0.00181685,-0.999998
79,39.9953,-11.276,0.00180078,-0.999998
79.05,39.9953,-11.276,0.00178694,-0.999998
79.1,39.9954,-11.276,0.00177094,-0.999998
79.15,39.9954,-11.276,0.00175716,-0.999999
79.2,39.9955,-11.276,0.00173958,-0.999999
79.25,39.9955,-11.276,0.00172653,-0.999999
79.3,39.9955,-11.276,0.00170921,-0.999999
79.35,39.9956,-11.276,0.00169429,-0.999999
79.4,39.9956,-11.276,0.00168162,-0.999999
79.45,39.9956,-11.276,0.00166466,-0.999999
79.5,39.9957,-11.276,0.00165219,-0.999999
79.55,39.9957,-11.276,0.00163969,-0.999999
79.6,39.9958,-11.276,0.00162289,-0.999999
79.65,39.9958,-11.276,0.00161057,-0.999999
79.7,39.9958,-11.276,0.00159395,-0.999999
79.75,39.9959,-11.276,0.00158016,-0.999999
79.8,39.9959,-11.276,0.00156863,-0.999999
79.85,39.9959,-11.276,0.00155496,-0.999999
79.9,39.996,-11.276,0.00153927,-0.999999
79.95,39.996,-11.276,0.00152596,-0.999999
80,39.996,-11.276,0.00151487,-0.999999
80.05,39.9961,-11.276,0.00150161,-0.999999
80.1,39.9961,-11.276,0.0014863,-0.999999
80.15,39.9961,-11.276,0.00147334,-0.999999
80.2,39.9962,-11.276,0.00146258,-0.999999
80.25,39.9962,-11.276,0.00144963,-0.999999
80.3,39.9962,-11.276,0.00143463,-0.999999
80.35,39.9963,-11.276,0.00142195,-0.999999
80.4,39.9963,-11.276,0.00140982,-0.999999
80.45,39.9963,-11.276,0.00139779,-0.999999
80.5,39.9964,-11.276,0.00138585,-0.999999
80.55,39.9964,-11.276,0.00137401,-0.999999
80.6,39.9964,-11.276,0.00136225,-0.999999
80.65,39.9965,-11.276,0.00135057,-0.999999
80.7,39.9965,-11.276,0.00133897,-0.999999
80.75,39.9965,-11.276,0.00132743,-0.999999
80.8,39.9966,-11.276,0.00131596,-0.999999
80.85,39.9966,-11.276,0.00130455,-0.999999
80.9,39.9966,-11.276,0.00129319,-0.999999
80.95,39.9966,-11.276,0.00128189,-0.999999
81,39.9967,-11.276,0.00127065,-0.999999
81.05,39.9967,-11.276,0.00125944,-0.999999
81.1,39.9967,-11.276,0.00124665,-0.999999
81.15,39.9968,-11.276,0.00123621,-0.999999
81.2,39.9968,-11.276,0.00122372,-0.999999
81.25,39.9968,-11.276,0.00121356,-0.999999
81.3,39.9968,-11.276,0.00120134,-0.999999
81.35,39.9969,-11.276,0.00119144,-0.999999
81.4,39.9969,-11.276,0.00117945,-0.999999
81.45,39.9969,-11.276,0.00116977,-0.999999
81.5,39.9969,-11.276,0.00115799,-0.999999
81.55,39.997,-11.276,0.0011485,-0.999999
81.6,39.997,-11.276,0.0011369,-0.999999
81.65,39.997,-11.276,0.00112758,-0.999999
81.7,39.997,-11.276,0.00111613,-0.999999
81.75,39.9971,-11.276,0.00110696,-0.999999
81.8,39.9971,-11.276,0.00109566,-0.999999
81.85,39.9971,-11.276,0.00108925,-0.999999
81.9,39.9971,-11.276,0.00108274,-0.999999
81.95,39.9972,-11.276,0.00107401,-0.999999
82,39.9972,-11.276,0.00106322,-0.999999
82.05,39.9972,-11.276,0.0010526,-0.999999
82.1,39.9972,-11.276,0.00104642,-0.999999
82.15,39.9973,-11.276,0.00104013,-0.999999
82.2,39.9973,-11.276,0.00103374,-0.999999
82.25,39.9973,-11.276,0.00102725,-1
82.3,39.9973,-11.276,0.00101643,-1
82.35,39.9973,-11.276,0.00100578,-1
82.4,39.9974,-11.276,0.000995316,-1
82.45,39.9974,-11.276,0.00098501,-1
82.5,39.9974,-11.276,0.000979113,-1
82.55,39.9974,-11.276,0.000973093,-1
82.6,39.9975,-11.276,0.000964828,-1
82.65,39.9975,-11.276,0.00095446,-1
82.7,39.9975,-11.276,0.000944247,-1
82.75,39.9975,-11.276,0.000938439,-1
82.8,39.9976,-11.276,0.000932501,-1
82.85,39.9976,-11.276,0.000926443,-1
82.9,39.9976,-11.276,0.000920271,-1
82.95,39.9976,-11.276,0.000912357,-1
83,39.9976,-11.276,0.000906655,-1
83.05,39.9977,-11.276,0.000898768,-1
83.1,39.9977,-11.276,0.000888839,-1
83.15,39.9977,-11.276,0.000881249,-1
83.2,39.9977,-11.276,0.000875852,-1
83.25,39.9977,-11.276,0.000868258,-1
83.3,39.9977,-11.276,0.000858596,-1
83.35,39.9978,-11.276,0.000851257,-1
83.4,39.9978,-11.276,0.000841837,-1
83.45,39.9978,-11.276,0.000834725,-1
83.5,39.9978,-11.276,0.000829777,-1
83.55,39.9978,-11.276,0.000822595,-1
83.6,39.9979,-11.276,0.000813327,-1
83.65,39.9979,-11.276,0.000806357,-1
83.7,39.9979,-11.276,0.000801542,-1
83.75,39.9979,-11.276,0.000794493,-1
83.8,39.9979,-11.276,0.000785341,-1
83.85,39.998,-11.276,0.000778481,-1
83.9,39.998,-11.276,0.000773768,-1
83.95,39.998,-11.276,0.000766811,-1
84,39.998,-11.276,0.000762008,-1
84.05,39.998,-11.276,0.000754963,-1
84.1,39.998,-11.276,0.000748443,-1
84.15,39.9981,-11.276,0.000742003,-1
84.2,39.9981,-11.276,0.000735638,-1
84.25,39.9981,-11.276,0.000729342,-1
84.3,39.9981,-11.276,0.000723116,-1
84.35,39.9981,-11.276,0.000716947,-1
84.4,39.9981,-11.276,0.000710832,-1
84.45,39.9982,-11.276,0.000704776,-1
84.5,39.9982,-11.276,0.000698769,-1
84.55,39.9982,-11.276,0.00069281,-1
84.6,39.9982,-11.276,0.000686896,-1
84.65,39.9982,-11.276,0.000681023,-1
84.7,39.9982,-11.276,0.000675189,-1
84.75,39.9982,-11.276,0.000669389,-1
84.8,39.9983,-11.276,0.000663627,-1
84.85,39.9983,-11.276,0.0006579,-1
84.9,39.9983,-11.276,0.000652199,-1
84.95,39.9983,-11.276,0.000646528,-1
85,39.9983,-11.276,0.000640882,-1
85.05,39.9983,-11.276,0.000635262,-1
85.1,39.9984,-11.276,0.000629665,-1
85.15,39.9984,-11.276,0.000624089,-1
85.2,39.9984,-11.276,0.000618537,-1
85.25,39.9984,-11.276,0.000613002,-1
85.3,39.9984,-11.276,0.000607481,-1
85.35,39.9984,-11.276,0.000601981,-1
85.4,39.9984,-11.276,0.000596496,-1
85.45,39.9985,-11.276,0.000591026,-1
85.5,39.9985,-11.276,0.00058557,-1
85.55,39.9985,-11.276,0.00057849,-1
85.6,39.9985,-11.276,0.000573736,-1
85.65,39.9985,-11.276,0.000566904,-1
85.7,39.9985,-11.276,0.000562379,-1
85.75,39.9985,-11.276,0.000555765,-1
85.8,39.9985,-11.276,0.000551447,-1
85.85,39.9986,-11.276,0.000549281,-1
85.9,39.9986,-11.276,0.000544877,-1
85.95,39.9986,-11.276,0.00054263,-1
86,39.9986,-11.276,0.000538149,-1
86.05,39.9986,-11.276,0.000533702,-1
86.1,39.9986,-11.276,0.000529287,-1
86.15,39.9986,-11.276,0.000522774,-1
86.2,39.9986,-11.276,0.00051855,-1
86.25,39.9986,-11.276,0.000512215,-1
86.3,39.9987,-11.276,0.000508162,-1
86.35,39.9987,-11.276,0.000506242,-1
86.4,39.9987,-11.276,0.00050207,-1
86.45,39.9987,-11.276,0.000500039,-1
86.5,39.9987,-11.276,0.000495761,-1
86.55,39.9987,-11.276,0.000493632,-1
86.6,39.9987,-11.276,0.000489262,-1
86.65,39.9987,-11.276,0.000487048,-1
86.7,39.9987,-11.276,0.000482597,-1
86.75,39.9988,-11.276,0.00047605,-1
86.8,39.9988,-11.276,0.000471795,-1
86.85,39.9988,-11.276,0.000465431,-1
86.9,39.9988,-11.276,0.000461346,-1
86.95,39.9988,-11.276,0.000455143,-1
87,39.9988,-11.276,0.000451209,-1
87.05,39.9988,-11.276,0.000449405,-1
87.1,39.9988,-11.276,0.00044534,-1
87.15,39.9988,-11.276,0.000443411,-1
87.2,39.9989,-11.276,0.000439228,-1
87.25,39.9989,-11.276,0.00043719,-1
87.3,39.9989,-11.276,0.000432904,-1
87.35,39.9989,-11.276,0.000426511,-1
87.4,39.9989,-11.276,0.000422401,-1
87.45,39.9989,-11.276,0.000416172,-1
87.5,39.9989,-11.276,0.000410579,-1
87.55,39.9989,-11.276,0.000409429,-1
87.6,39.9989,-11.276,0.000403928,-1
87.65,39.9989,-11.276,0.000398608,-1
87.7,39.999,-11.276,0.000397715,-1
87.75,39.999,-11.276,0.000396713,-1
87.8,39.999,-11.276,0.000391352,-1
87.85,39.999,-11.276,0.000388291,-1
87.9,39.999,-11.276,0.000387387,-1
87.95,39.999,-11.276,0.000382117,-1
88,39.999,-11.276,0.000377013,-1
88.05,39.999,-11.276,0.000376321,-1
88.1,39.999,-11.276,0.000375509,-1
88.15,39.999,-11.276,0.000370325,-1
88.2,39.999,-11.276,0.000365302,-1
88.25,39.999,-11.276,0.000364686,-1
88.3,39.999,-11.276,0.000363945,-1
88.35,39.9991,-11.276,0.000358829,-1
88.4,39.9991,-11.276,0.000355997,-1
88.45,39.9991,-11.276,0.000355307,-1
88.5,39.9991,-11.276,0.000350238,-1
88.55,39.9991,-11.276,0.000345323,-1
88.6,39.9991,-11.276,0.000344808,-1
88.65,39.9991,-11.276,0.000344163,-1
88.7,39.9991,-11.276,0.000339135,-1
88.75,39.9991,-11.276,0.000338515,-1
88.8,39.9991,-11.276,0.00033777,-1
88.85,39.9991,-11.276,0.000336907,-1
88.9,39.9991,-11.276,0.000331677,-1
88.95,39.9991,-11.276,0.000330867,-1
89,39.9991,-11.276,0.000329944,-1
89.05,39.9992,-11.276,0.000324657,-1
89.1,39.9992,-11.276,0.000319536,-1
89.15,39.9992,-11.276,0.000318829,-1
89.2,39.9992,-11.276,0.000313745,-1
89.25,39.9992,-11.276,0.000308815,-1
89.3,39.9992,-11.276,0.000308286,-1
89.35,39.9992,-11.276,0.000307626,-1
89.4,39.9992,-11.276,0.000302586,-1
89.45,39.9992,-11.276,0.000297697,-1
89.5,39.9992,-11.276,0.000297208,-1
89.55,39.9992,-11.276,0.000296585,-1
89.6,39.9992,-11.276,0.000291579,-1
89.65,39.9992,-11.276,0.000290979,-1
89.7,39.9993,-11.276,0.000290254,-1
89.75,39.9993,-11.276,0.000285152,-1
89.8,39.9993,-11.276,0.000280205,-1
89.85,39.9993,-11.276,0.00027966,-1
89.9,39.9993,-11.276,0.000274728,-1
89.95,39.9993,-11.276,0.000269941,-1
90,39.9993,-11.276,0.000265289,-1
90.05,39.9993,-11.276,0.000265021,-1
90.1,39.9993,-11.276,0.000260347,-1
90.15,39.9993,-11.276,0.000255802,-1
90.2,39.9993,-11.276,0.000255635,-1
90.25,39.9993,-11.276,0.000255315,-1
90.3,39.9993,-11.276,0.000250593,-1
90.35,39.9993,-11.276,0.000248623,-1
90.4,39.9994,-11.276,0.000246694,-1
90.45,39.9994,-11.276,0.000244802,-1
90.5,39.9994,-11.276,0.000245077,-1
90.55,39.9994,-11.276,0.000243123,-1
90.6,39.9994,-11.276,0.000239081,-1
90.65,39.9994,-11.276,0.000237339,-1
90.7,39.9994,-11.276,0.000233494,-1
90.75,39.9994,-11.276,0.000231936,-1
90.8,39.9994,-11.276,0.000232522,-1
90.85,39.9994,-11.276,0.000230862,-1
90.9,39.9994,-11.276,0.000231352,-1
90.95,39.9994,-11.276,0.0002296,-1
91,39.9994,-11.276,0.000225748,-1
91.05,39.9994,-11.276,0.000224182,-1
91.1,39.9994,-11.276,0.000220504,-1
91.15,39.9994,-11.276,0.000219104,-1
91.2,39.9994,-11.276,0.000219837,-1
91.25,39.9994,-11.276,0.000218313,-1
91.3,39.9994,-11.276,0.000218931,-1
91.35,39.9994,-11.276,0.0002173,-1
91.4,39.9994,-11.276,0.00021356,-1
91.45,39.9994,-11.276,0.000212102,-1
91.5,39.9994,-11.276,0.000210652,-1
91.55,39.9994,-11.276,0.00020921,-1
91.6,39.9994,-11.276,0.000209906,-1
91.65,39.9994,-11.276,0.000208347,-1
91.7,39.9995,-11.276,0.000204674,-1
91.75,39.9995,-11.276,0.000203279,-1
91.8,39.9995,-11.276,0.000199759,-1
91.85,39.9995,-11.276,0.000198506,-1
91.9,39.9995,-11.276,0.000199378,-1
91.95,39.9995,-11.276,0.000197985,-1
92,39.9995,-11.276,0.000198727,-1
92.05,39.9995,-11.276,0.000197211,-1
92.1,39.9995,-11.276,0.000193579,-1
92.15,39.9995,-11.276,0.00019222,-1
92.2,39.9995,-11.276,0.000192994,-1
92.25,39.9995,-11.276,0.000191508,-1
92.3,39.9995,-11.276,0.000192162,-1
92.35,39.9995,-11.276,0.000190564,-1
92.4,39.9995,-11.276,0.000191113,-1
92.45,39.9995,-11.276,0.000189417,-1
92.5,39.9995,-11.276,0.000185616,-1
92.55,39.9995,-11.276,0.0001841,-1
92.6,39.9995,-11.276,0.000184725,-1
92.65,39.9995,-11.276,0.0001831,-1
92.7,39.9995,-11.276,0.000183624,-1
92.75,39.9995,-11.276,0.000181904,-1
92.8,39.9995,-11.276,0.000178081,-1
92.85,39.9995,-11.276,0.000176543,-1
92.9,39.9995,-11.276,0.000172891,-1
92.95,39.9995,-11.276,0.000171513,-1
93,39.9995,-11.276,0.000172269,-1
93.05,39.9996,-11.276,0.000170766,-1
93.1,39.9996,-11.276,0.000167147,-1
93.15,39.9996,-11.276,0.000165801,-1
93.2,39.9996,-11.276,0.000162329,-1
93.25,39.9996,-11.276,0.000161119,-1
93.3,39.9996,-11.276,0.000162032,-1
93.35,39.9996,-11.276,0.000160678,-1
93.4,39.9996,-11.276,0.000161455,-1
93.45,39.9996,-11.276,0.000159973,-1
93.5,39.9996,-11.276,0.000156372,-1
93.55,39.9996,-11.276,0.000155044,-1
93.6,39.9996,-11.276,0.000151587,-1
93.65,39.9996,-11.276,0.000150394,-1
93.7,39.9996,-11.276,0.000151322,-1
93.75,39.9996,-11.276,0.000149981,-1
93.8,39.9996,-11.276,0.000150771,-1
93.85,39.9996,-11.276,0.0001493,-1
93.9,39.9996,-11.276,0.000145711,-1
93.95,39.9996,-11.276,0.000144394,-1
94,39.9996,-11.276,0.000145205,-1
94.05,39.9996,-11.276,0.000143754,-1
94.1,39.9996,-11.276,0.000144441,-1
94.15,39.9996,-11.276,0.000142874,-1
94.2,39.9996,-11.276,0.000139195,-1
94.25,39.9996,-11.276,0.000137792,-1
94.3,39.9996,-11.276,0.000134266,-1
94.35,39.9997,-11.276,0.000133007,-1
94.4,39.9997,-11.276,0.000133873,-1
94.45,39.9997,-11.276,0.000132475,-1
94.5,39.9997,-11.276,0.000128954,-1
94.55,39.9997,-11.276,0.000127699,-1
94.6,39.9997,-11.276,0.000124312,-1
94.65,39.9997,-11.276,0.000123184,-1
94.7,39.9997,-11.276,0.000119915,-1
94.75,39.9997,-11.276,0.000118897,-1
94.8,39.9997,-11.276,0.00011999,-1
94.85,39.9997,-11.276,0.000118804,-1
94.9,39.9997,-11.276,0.00011548,-1
94.95,39.9997,-11.276,0.000114412,-1
95,39.9997,-11.276,0.000111199,-1
95.05,39.9997,-11.276,0.000110235,-1
95.1,39.9997,-11.276,0.000111377,-1
95.15,39.9997,-11.276,0.000110237,-1
95.2,39.9997,-11.276,0.000111215,-1
95.25,39.9997,-11.276,0.000109921,-1
95.3,39.9997,-11.276,0.000106498,-1
95.35,39.9997,-11.276,0.000105335,-1
95.4,39.9997,-11.276,0.000104162,-1
95.45,39.9997,-11.276,0.000102981,-1
95.5,39.9997,-11.276,0.000103921,-1
95.55,39.9997,-11.276,0.000102591,-1
95.6,39.9997,-11.276,9.91333e-05,-1
95.65,39.9998,-11.276,9.79387e-05,-1
95.7,39.9998,-11.276,9.4608e-05,-1
95.75,39.9998,-11.276,9.35319e-05,-1
95.8,39.9998,-11.276,9.45701e-05,-1
95.85,39.9998,-11.276,9.33328e-05,-1
95.9,39.9998,-11.276,9.42195e-05,-1
95.95,39.9998,-11.276,9.28401e-05,-1
96,39.9998,-11.276,8.93362e-05,-1
96.05,39.9998,-11.276,8.8098e-05,-1
96.1,39.9998,-11.276,8.47265e-05,-1
96.15,39.9998,-11.276,8.36128e-05,-1
96.2,39.9998,-11.276,8.46151e-05,-1
96.25,39.9998,-11.276,8.3344e-05,-1
96.3,39.9998,-11.276,8.41992e-05,-1
96.35,39.9998,-11.276,8.27901e-05,-1
96.4,39.9998,-11.276,7.92584e-05,-1
96.45,39.9998,-11.276,7.63574e-05,-1
96.5,39.9998,-11.276,7.36377e-05,-1
96.55,39.9998,-11.276,7.10879e-05,-1
96.6,39.9998,-11.276,6.86975e-05,-1
96.65,39.9998,-11.276,6.64565e-05,-1
96.7,39.9998,-11.276,6.43556e-05,-1
96.75,39.9998,-11.276,6.2386e-05,-1
96.8,39.9998,-11.276,6.05395e-05,-1
96.85,39.9998,-11.276,5.88084e-05,-1
96.9,39.9998,-11.276,5.71854e-05,-1
96.95,39.9998,-11.276,5.5664e-05,-1
97,39.9998,-11.276,5.42376e-05,-1
97.05,39.9998,-11.276,5.29003e-05,-1
97.1,39.9998,-11.276,5.16467e-05,-1
97.15,39.9998,-11.276,5.04714e-05,-1
97.2,39.9998,-11.276,4.93695e-05,-1
97.25,39.9998,-11.276,4.83365e-05,-1
97.3,39.9998,-11.276,4.73681e-05,-1
97.35,39.9998,-11.276,4.64602e-05,-1
97.4,39.9998,-11.276,4.5609e-05,-1
97.45,39.9998,-11.276,4.48111e-05,-1
97.5,39.9998,-11.276,4.4063e-05,-1
97.55,39.9998,-11.276,4.33617e-05,-1
97.6,39.9998,-11.276,4.27042e-05,-1
97.65,39.9998,-11.276,4.20878e-05,-1
97.7,39.9998,-11.276,4.15099e-05,-1
97.75,39.9998,-11.276,4.09681e-05,-1
97.8,39.9998,-11.276,4.04602e-05,-1
97.85,39.9998,-11.276,3.99841e-05,-1
97.9,39.9998,-11.276,3.95377e-05,-1
97.95,39.9998,-11.276,3.91192e-05,-1
98,39.9998,-11.276,3.87268e-05,-1
98.05,39.9998,-11.276,3.8359e-05,-1
98.1,39.9998,-11.276,3.80142e-05,-1
98.15,39.9998,-11.276,3.76909e-05,-1
98.2,39.9998,-11.276,3.73878e-05,-1
98.25,39.9998,-11.276,3.71037e-05,-1
98.3,39.9998,-11.276,3.68373e-05,-1
98.35,39.9998,-11.276,3.65876e-05,-1
98.4,39.9998,-11.276,3.63535e-05,-1
98.45,39.9998,-11.276,3.6134e-05,-1
98.5,39.9998,-11.276,3.59282e-05,-1
98.55,39.9998,-11.276,3.57353e-05,-1
98.6,39.9998,-11.276,3.55545e-05,-1
98.65,39.9998,-11.276,3.53849e-05,-1
98.7,39.9998,-11.276,3.5226e-05,-1
98.75,39.9998,-11.276,3.5077e-05,-1
98.8,39.9998,-11.276,3.49373e-05,-1
98.85,39.9998,-11.276,3.48063e-05,-1
98.9,39.9998,-11.276,3.46835e-05,-1
98.95,39.9998,-11.276,3.45684e-05,-1
99,39.9998,-11.276,3.44605e-05,-1
99.05,39.9998,-11.276,3.43593e-05,-1
99.1,39.9998,-11.276,3.42645e-05,-1
99.15,39.9998,-11.276,3.41755e-05,-1
99.2,39.9998,-11.276,3.40922e-05,-1
99.25,39.9998,-11.276,3.4014e-05,-1
99.3,39.9998,-11.276,3.39407e-05,-1
99.35,39.9998,-11.276,3.38721e-05,-1
99.4,39.9998,-11.276,3.38077e-05,-1
99.45,39.9998,-11.276,3.37473e-05,-1
99.5,39.9998,-11.276,3.36907e-05,-1
99.55,39.9998,-11.276,3.36376e-05,-1
99.6,39.9998,-11.276,3.35879e-05,-1
99.65,39.9998,-11.276,3.35413e-05,-1
99.7,39.9998,-11.276,3.34975e-05,-1
99.75,39.9998,-11.276,3.34565e-05,-1
99.8,39.9998,-11.276,3.34181e-05,-1
99.85,39.9998,-11.276,3.33821e-05,-1
99.9,39.9998,-11.276,3.33483e-05,-1
99.95,39.9998,-11.276,3.33167e-05,-1
100,39.9998,-11.276,3.3287e-05,-1
100.05,39.9998,-11.276,3.32591e-05,-1
100.1,39.9998,-11.276,3.32331e-05,-1
100.15,39.9998,-11.276,3.32086e-05,-1
100.2,39.9998,-11.276,3.31857e-05,-1
100.25,39.9998,-11.276,3.31642e-05,-1
100.3,39.9998,-11.276,3.3144e-05,-1
100.35,39.9998,-11.276,3.31251e-05,-1
100.4,39.9998,-11.276,3.31074e-05,-1
100.45,39.9998,-11.276,3.30908e-05,-1
100.5,39.9998,-11.276,3.30752e-05,-1
100.55,39.9998,-11.276,3.30606e-05,-1
100.6,39.9998,-11.276,3.3047e-05,-1
100.65,39.9998,-11.276,3.30341e-05,-1
100.7,39.9998,-11.276,3.30221e-05,-1
100.75,39.9998,-11.276,3.30108e-05,-1
100.8,39.9998,-11.276,3.30003e-05,-1
100.85,39.9998,-11.276,3.29904e-05,-1
100.9,39.9998,-11.276,3.29811e-05,-1
100.95,39.9998,-11.276,3.29724e-05,-1
101,39.9998,-11.276,3.29642e-05,-1
101.05,39.9998,-11.276,3.29565e-05,-1
101.1,39.9998,-11.276,3.29494e-05,-1
101.15,39.9998,-11.276,3.29426e-05,-1
101.2,39.9998,-11.276,3.29363e-05,-1
101.25,39.9998,-11.276,3.29304e-05,-1
101.3,39.9998,-11.276,3.29249e-05,-1
101.35,39.9998,-11.276,3.29197e-05,-1
101.4,39.9998,-11.276,3.29148e-05,-1
101.45,39.9998,-11.276,3.29102e-05,-1
101.5,39.9998,-11.276,3.2906e-05,-1
101.55,39.9998,-11.276,3.29019e-05,-1
101.6,39.9998,-11.276,3.28982e-05,-1
101.65,39.9998,-11.276,3.28946e-05,-1
101.7,39.9998,-11.276,3.28913e-05,-1
101.75,39.9998,-11.276,3.28882e-05,-1
101.8,39.9998,-11.276,3.28853e-05,-1
101.85,39.9998,-11.276,3.28826e-05,-1
101.9,39.9998,-11.276,3.28801e-05,-1
101.95,39.9998,-11.276,3.28777e-05,-1
102,39.9998,-11.276,3.28754e-05,-1
102.05,39.9998,-11.276,3.28733e-05,-1
102.1,39.9998,-11.276,3.28713e-05,-1
102.15,39.9998,-11.276,3.28695e-05,-1
102.2,39.9998,-11.276,3.28677e-05,-1
102.25,39.9998,-11.276,3.28661e-05,-1
102.3,39.9998,-11.276,3.28646e-05,-1
102.35,39.9998,-11.276,3.28632e-05,-1
102.4,39.9998,-11.276,3.28618e-05,-1
102.45,39.9998,-11.276,3.28606e-05,-1
102.5,39.9998,-11.276,3.28594e-05,-1
102.55,39.9998,-11.276,3.28583e-05,-1
102.6,39.9998,-11.276,3.28572e-05,-1
102.65,39.9998,-11.276,3.28563e-05,-1
102.7,39.9998,-11.276,3.28554e-05,-1
102.75,39.9998,-11.276,3.28545e-05,-1
102.8,39.9998,-11.276,3.28537e-05,-1
102.85,39.9998,-11.276,3.2853e-05,-1
102.9,39.9998,-11.276,3.28523e-05,-1
102.95,39.9998,-11.276,3.28516e-05,-1
103,39.9998,-11.276,3.2851e-05,-1
103.05,39.9998,-11.276,3.28504e-05,-1
103.1,39.9998,-11.276,3.28499e-05,-1
103.15,39.9998,-11.276,3.28494e-05,-1
103.2,39.9998,-11.276,3.28489e-05,-1
103.25,39.9998,-11.276,3.28484e-05,-1
103.3,39.9998,-11.276,3.2848e-05,-1
103.35,39.9998,-11.276,3.28476e-05,-1
103.4,39.9998,-11.276,3.28472e-05,-1
103.45,39.9998,-11.276,3.28469e-05,-1
103.5,39.9998,-11.276,3.28466e-05,-1
103.55,39.9998,-11.276,3.28463e-05,-1
103.6,39.9998,-11.276,3.2846e-05,-1
103.65,39.9998,-11.276,3.28457e-05,-1
103.7,39.9998,-11.276,3.28455e-05,-1
103.75,39.9998,-11.276,3.28452e-05,-1
103.8,39.9998,-11.276,3.2845e-05,-1
103.85,39.9998,-11.276,3.28448e-05,-1
103.9,39.9998,-11.276,3.28446e-05,-1
103.95,39.9998,-11.276,3.28444e-05,-1
104,39.9998,-11.276,3.28443e-05,-1
104.05,39.9998,-11.276,3.28441e-05,-1
104.1,39.9998,-11.276,3.2844e-05,-1
104.15,39.9998,-11.276,3.28438e-05,-1
104.2,39.9998,-11.276,3.28437e-05,-1
104.25,39.9998,-11.276,3.28436e-05,-1
104.3,39.9998,-11.276,3.28435e-05,-1
104.35,39.9998,-11.276,3.28433e-05,-1
104.4,39.9998,-11.276,3.28432e-05,-1
104.45,39.9998,-11.276,3.28431e-05,-1
104.5,39.9998,-11.276,3.28431e-05,-1
104.55,39.9998,-11.276,3.2843e-05,-1
104.6,39.9998,-11.276,3.28429e-05,-1
104.65,39.9998,-11.276,3.28428e-05,-1
104.7,39.9998,-11.276,3.28428e-05,-1
104.75,39.9998,-11.276,3.28427e-05,-1
104.8,39.9998,-11.276,3.28426e-05,-1
104.85,39.9998,-11.276,3.28426e-05,-1
104.9,39.9998,-11.276,3.28425e-05,-1
104.95,39.9998,-11.276,3.28425e-05,-1
105,39.9998,-11.276,3.28424e-05,-1
105.05,39.9998,-11.276,3.28424e-05,-1
105.1,39.9998,-11.276,3.28423e-05,-1
105.15,39.9998,-11.276,3.28423e-05,-1
105.2,39.9998,-11.276,3.28423e-05,-1
105.25,39.9998,-11.276,3.28422e-05,-1
105.3,39.9998,-11.276,3.28422e-05,-1
105.35,39.9998,-11.276,3.28422e-05,-1
105.4,39.9998,-11.276,3.28421e-05,-1
105.45,39.9998,-11.276,3.28421e-05,-1
105.5,39.9998,-11.276,3.28421e-05,-1
105.55,39.9998,-11.276,3.28421e-05,-1
105.6,39.9998,-11.276,3.2842e-05,-1
105.65,39.9998,-11.276,3.2842e-05,-1
105.7,39.9998,-11.276,3.2842e-05,-1
105.75,39.9998,-11.276,3.2842e-05,-1
105.8,39.9998,-11.276,3.2842e-05,-1
105.85,39.9998,-11.276,3.2842e-05,-1
105.9,39.9998,-11.276,3.28419e-05,-1
105.95,39.9998,-11.276,3.28419e-05,-1
106,39.9998,-11.276,3.28419e-05,-1
106.05,39.9998,-11.276,3.28419e-05,-1
106.1,39.9998,-11.276,3.28419e-05,-1
106.15,39.9998,-11.276,3.28419e-05,-1
106.2,39.9998,-11.276,3.28419e-05,-1
106.25,39.9998,-11.276,3.28419e-05,-1
106.3,39.9998,-11.276,3.28419e-05,-1
106.35,39.9998,-11.276,3.28418e-05,-1
106.4,39.9998,-11.276,3.28418e-05,-1
106.45,39.9998,-11.276,3.28418e-05,-1
106.5,39.9998,-11.276,3.28418e-05,-1
106.55,39.9998,-11.276,3.28418e-05,-1
106.6,39.9998,-11.276,3.28418e-05,-1
106.65,39.9998,-11.276,3.28418e-05,-1
106.7,39.9998,-11.276,3.28418e-05,-1
106.75,39.9998,-11.276,3.28418e-05,-1
106.8,39.9998,-11.276,3.28418e-05,-1
106.85,39.9998,-11.276,3.28418e-05,-1
106.9,39.9998,-11.276,3.28418e-05,-1
106.95,39.9998,-11.276,3.28418e-05,-1
107,39.9998,-11.276,3.28418e-05,-1
107.05,39.9998,-11.276,3.28418e-05,-1
107.1,39.9998,-11.276,3.28418e-05,-1
107.15,39.9998,-11.276,3.28418e-05,-1
107.2,39.9998,-11.276,3.28418e-05,-1
107.25,39.9998,-11.276,3.28418e-05,-1
107.3,39.9998,-11.276,3.28418e-05,-1
107.35,39.9998,-11.276,3.28418e-05,-1
107.4,39.9998,-11.276,3.28418e-05,-1
107.45,39.9998,-11.276,3.28418e-05,-1
107.5,39.9998,-11.276,3.28417e-05,-1
107.55,39.9998,-11.276,3.28417e-05,-1
107.6,39.9998,-11.276,3.28417e-05,-1
107.65,39.9998,-11.276,3.28417e-05,-1
107.7,39.9998,-11.276,3.28417e-05,-1
107.75,39.9998,-11.276,3.28417e-05,-1
107.8,39.9998,-11.276,3.28417e-05,-1
107.85,39.9998,-11.276,3.28417e-05,-1
107.9,39.9998,-11.276,3.28417e-05,-1
107.95,39.9998,-11.276,3.28417e-05,-1
108,39.9998,-11.276,3.28417e-05,-1
108.05,39.9998,-11.276,3.28417e-05,-1
108.1,39.9998,-11.276,3.28417e-05,-1
108.15,39.9998,-11.276,3.28417e-05,-1
108.2,39.9998,-11.276,3.28417e-05,-1
108.25,39.9998,-11.276,3.28417e-05,-1
108.3,39.9998,-11.276,3.28417e-05,-1
108.35,39.9998,-11.276,3.28417e-05,-1
108.4,39.9998,-11.276,3.28417e-05,-1
108.45,39.9998,-11.276,3.28417e-05,-1
108.5,39.9998,-11.276,3.28417e-05,-1
108.55,39.9998,-11.276,3.28417e-05,-1
108.6,39.9998,-11.276,3.28417e-05,-1
108.65,39.9998,-11.276,3.28417e-05,-1
108.7,39.9998,-11.276,3.28417e-05,-1
108.75,39.9998,-11.276,3.28417e-05,-1
108.8,39.9998,-11.276,3.28417e-05,-1
108.85,39.9998,-11.276,3.28417e-05,-1
108.9,39.9998,-11.276,3.28417e-05,-1
108.95,39.9998,-11.276,3.28417e-05,-1
109,39.9998,-11.276,3.28417e-05,-1
109.05,39.9998,-11.276,3.28417e-05,-1
109.1,39.9998,-11.276,3.28417e-05,-1
109.15,39.9998,-11.276,3.28417e-05,-1
109.2,39.9998,-11.276,3.28417e-05,-1
109.25,39.9998,-11.276,3.28417e-05,-1
109.3,39.9998,-11.276,3.28417e-05,-1
109.35,39.9998,-11.276,3.28417e-05,-1
109.4,39.9998,-11.276,3.28417e-05,-1
109.45,39.9998,-11.276,3.28417e-05,-1
109.5,39.9998,-11.276,3.28417e-05,-1
109.55,39.9998,-11.276,3.28417e-05,-1
109.6,39.9998,-11.276,3.28417e-05,-1
109.65,39.9998,-11.276,3.28417e-05,-1
109.7,39.9998,-11.276,3.28417e-05,-1
109.75,39.9998,-11.276,3.28417e-05,-1
109.8,39.9998,-11.276,3.28417e-05,-1
109.85,39.9998,-11.276,3.28417e-05,-1
109.9,39.9998,-11.276,3.28417e-05,-1
109.95,39.9998,-11.276,3.28417e-05,-1
110,39.9998,-11.276,3.28417e-05,-1
110.05,39.9998,-11.276,3.28417e-05,-1
110.1,39.9998,-11.276,3.28417e-05,-1
110.15,39.9998,-11.276,3.28417e-05,-1
110.2,39.9998,-11.276,3.28417e-05,-1
110.25,39.9998,-11.276,3.28417e-05,-1
110.3,39.9998,-11.276,3.28417e-05,-1
110.35,39.9998,-11.276,3.28417e-05,-1
110.4,39.9998,-11.276,3.28417e-05,-1
110.45,39.9998,-11.276,3.28417e-05,-1
110.5,39.9998,-11.276,3.28417e-05,-1
110.55,39.9998,-11.276,3.28417e-05,-1
110.6,39.9998,-11.276,3.28417e-05,-1
110.65,39.9998,-11.276,3.28417e-05,-1
110.7,39.9998,-11.276,3.28417e-05,-1
110.75,39.9998,-11.276,3.28417e-05,-1
110.8,39.9998,-11.276,3.28417e-05,-1
110.85,39.9998,-11.276,3.28417e-05,-1
110.9,39.9998,-11.276,3.28417e-05,-1
110.95,39.9998,-11.276,3.28417e-05,-1
111,39.9998,-11.276,3.28417e-05,-1
111.05,39.9998,-11.276,3.28417e-05,-1
111.1,39.9998,-11.276,3.28417e-05,-1
111.15,39.9998,-11.276,3.28417e-05,-1
111.2,39.9998,-11.276,3.28417e-05,-1
111.25,39.9998,-11.276,3.28417e-05,-1
111.3,39.9998,-11.276,3.28417e-05,-1
111.35,39.9998,-11.276,3.28417e-05,-1
111.4,39.9998,-11.276,3.28417e-05,-1
111.45,39.9998,-11.276,3.28417e-05,-1
111.5,39.9998,-11.276,3.28417e-05,-1
111.55,39.9998,-11.276,3.28417e-05,-1
111.6,39.9998,-11.276,3.28417e-05,-1
111.65,39.9998,-11.276,3.28417e-05,-1
111.7,39.9998,-11.276,3.28417e-05,-1
111.75,39.9998,-11.276,3.28417e-05,-1
111.8,39.9998,-11.276,3.28417e-05,-1
111.85,39.9998,-11.276,3.28417e-05,-1
111.9,39.9998,-11.276,3.28417e-05,-1
111.95,39.9998,-11.276,3.28417e-05,-1
112,39.9998,-11.276,3.28417e-05,-1
112.05,39.9998,-11.276,3.28417e-05,-1
112.1,39.9998,-11.276,3.28417e-05,-1
112.15,39.9998,-11.276,3.28417e-05,-1
112.2,39.9998,-11.276,3.28417e-05,-1
112.25,39.9998,-11.276,3.28417e-05,-1
112.3,39.9998,-11.276,3.28417e-05,-1
112.35,39.9998,-11.276,3.28417e-05,-1
112.4,39.9998,-11.276,3.28417e-05,-1
112.45,39.9998,-11.276,3.28417e-05,-1
112.5,39.9998,-11.276,3.28417e-05,-1
112.55,39.9998,-11.276,3.28417e-05,-1
112.6,39.9998,-11.276,3.28417e-05,-1
112.65,39.9998,-11.276,3.28417e-05,-1
112.7,39.9998,-11.276,3.28417e-05,-1
112.75,39.9998,-11.276,3.28417e-05,-1
112.8,39.9998,-11.276,3.28417e-05,-1
112.85,39.9998,-11.276,3.28417e-05,-1
112.9,39.9998,-11.276,3.28417e-05,-1
112.95,39.9998,-11.276,3.28417e-05,-1
113,39.9998,-11.276,3.28417e-05,-1
113.05,39.9998,-11.276,3.28417e-05,-1
113.1,39.9998,-11.276,3.28417e-05,-1
113.15,39.9998,-11.276,3.28417e-05,-1
113.2,39.9998,-11.276,3.28417e-05,-1
113.25,39.9998,-11.276,3.28417e-05,-1
113.3,39.9998,-11.276,3.28417e-05,-1
113.35,39.9998,-11.276,3.28417e-05,-1
113.4,39.9998,-11.276,3.28417e-05,-1
113.45,39.9998,-11.276,3.28417e-05,-1
113.5,39.9998,-11.276,3.28417e-05,-1
113.55,39.9998,-11.276,3.28417e-05,-1
113.6,39.9998,-11.276,3.28417e-05,-1
113.65,39.9998,-11.276,3.28417e-05,-1
113.7,39.9998,-11.276,3.28417e-05,-1
113.75,39.9998,-11.276,3.28417e-05,-1
113.8,39.9998,-11.276,3.28417e-05,-1
113.85,39.9998,-11.276,3.28417e-05,-1
113.9,39.9998,-11.276,3.28417e-05,-1
113.95,39.9998,-11.276,3.28417e-05,-1
114,39.9998,-11.276,3.28417e-05,-1
114.05,39.9998,-11.276,3.28417e-05,-1
114.1,39.9998,-11.276,3.28417e-05,-1
114.15,39.9998,-11.276,3.28417e-05,-1
114.2,39.9998,-11.276,3.28417e-05,-1
114.25,39.9998,-11.276,3.28417e-05,-1
114.3,39.9998,-11.276,3.28417e-05,-1
114.35,39.9998,-11.276,3.28417e-05,-1
114.4,39.9998,-11.276,3.28417e-05,-1
114.45,39.9998,-11.276,3.28417e-05,-1
114.5,39.9998,-11.276,3.28417e-05,-1
114.55,39.9998,-11.276,3.28417e-05,-1
114.6,39.9998,-11.276,3.28417e-05,-1
114.65,39.9998,-11.276,3.28417e-05,-1
114.7,39.9998,-11.276,3.28417e-05,-1
114.75,39.9998,-11.276,3.28417e-05,-1
114.8,39.9998,-11.276,3.28417e-05,-1
114.85,39.9998,-11.276,3.28417e-05,-1
114.9,39.9998,-11.276,3.28417e-05,-1
114.95,39.9998,-11.276,3.28417e-05,-1
115,39.9998,-11.276,3.28417e-05,-1
115.05,39.9998,-11.276,3.28417e-05,-1
115.1,39.9998,-11.276,3.28417e-05,-1
115.15,39.9998,-11.276,3.28417e-05,-1
115.2,39.9998,-11.276,3.28417e-05,-1
115.25,39.9998,-11.276,3.28417e-05,-1
115.3,39.9998,-11.276,3.28417e-05,-1
115.35,39.9998,-11.276,3.28417e-05,-1
115.4,39.9998,-11.276,3.28417e-05,-1
115.45,39.9998,-11.276,3.28417e-05,-1
115.5,39.9998,-11.276,3.28417e-05,-1
115.55,39.9998,-11.276,3.28417e-05,-1
115.6,39.9998,-11.276,3.28417e-05,-1
115.65,39.9998,-11.276,3.28417e-05,-1
115.7,39.9998,-11.276,3.28417e-05,-1
115.75,39.9998,-11.276,3.28417e-05,-1
115.8,39.9998,-11.276,3.28417e-05,-1
115.85,39.9998,-11.276,3.28417e-05,-1
115.9,39.9998,-11.276,3.28417e-05,-1
115.95,39.9998,-11.276,3.28417e-05,-1
116,39.9998,-11.276,3.28417e-05,-1
116.05,39.9998,-11.276,3.28417e-05,-1
116.1,39.9998,-11.276,3.28417e-05,-1
116.15,39.9998,-11.276,3.28417e-05,-1
116.2,39.9998,-11.276,3.28417e-05,-1
116.25,39.9998,-11.276,3.28417e-05,-1
116.3,39.9998,-11.276,3.28417e-05,-1
116.35,39.9998,-11.276,3.28417e-05,-1
116.4,39.9998,-11.276,3.28417e-05,-1
116.45,39.9998,-11.276,3.28417e-05,-1
116.5,39.9998,-11.276,3.28417e-05,-1
116.55,39.9998,-11.276,3.28417e-05,-1
116.6,39.9998,-11.276,3.28417e-05,-1
116.65,39.9998,-11.276,3.28417e-05,-1
116.7,39.9998,-11.276,3.28417e-05,-1
116.75,39.9998,-11.276,3.28417e-05,-1
116.8,39.9998,-11.276,3.28417e-05,-1
116.85,39.9998,-11.276,3.28417e-05,-1
116.9,39.9998,-11.276,3.28417e-05,-1
116.95,39.9998,-11.276,3.28417e-05,-1
117,39.9998,-11.276,3.28417e-05,-1
117.05,39.9998,-11.276,3.28417e-05,-1
117.1,39.9998,-11.276,3.28417e-05,-1
117.15,39.9998,-11.276,3.28417e-05,-1
117.2,39.9998,-11.276,3.28417e-05,-1
117.25,39.9998,-11.276,3.28417e-05,-1
117.3,39.9998,-11.276,3.28417e-05,-1
117.35,39.9998,-11.276,3.28417e-05,-1
117.4,39.9998,-11.276,3.28417e-05,-1
117.45,39.9998,-11.276,3.28417e-05,-1
117.5,39.9998,-11.276,3.28417e-05,-1
117.55,39.9998,-11.276,3.28417e-05,-1
117.6,39.9998,-11.276,3.28417e-05,-1
117.65,39.9998,-11.276,3.28417e-05,-1
117.7,39.9998,-11.276,3.28417e-05,-1
117.75,39.9998,-11.276,3.28417e-05,-1
117.8,39.9998,-11.276,3.28417e-05,-1
117.85,39.9998,-11.276,3.28417e-05,-1
117.9,39.9998,-11.276,3.28417e-05,-1
117.95,39.9998,-11.276,3.28417e-05,-1
118,39.9998,-11.276,3.28417e-05,-1
118.05,39.9998,-11.276,3.28417e-05,-1
118.1,39.9998,-11.276,3.28417e-05,-1
118.15,39.9998,-11.276,3.28417e-05,-1
118.2,39.9998,-11.276,3.28417e-05,-1
118.25,39.9998,-11.276,3.28417e-05,-1
118.3,39.9998,-11.276,3.28417e-05,-1
118.35,39.9998,-11.276,3.28417e-05,-1
118.4,39.9998,-11.276,3.28417e-05,-1
118.45,39.9998,-11.276,3.28417e-05,-1
118.5,39.9998,-11.276,3.28417e-05,-1
118.55,39.9998,-11.276,3.28417e-05,-1
118.6,39.9998,-11.276,3.28417e-05,-1
118.65,39.9998,-11.276,3.28417e-05,-1
118.7,39.9998,-11.276,3.28417e-05,-1
118.75,39.9998,-11.276,3.28417e-05,-1
118.8,39.9998,-11.276,3.28417e-05,-1
118.85,39.9998,-11.276,3.28417e-05,-1
118.9,39.9998,-11.276,3.28417e-05,-1
118.95,39.9998,-11.276,3.28417e-05,-1
119,39.9998,-11.276,3.28417e-05,-1
119.05,39.9998,-11.276,3.28417e-05,-1
119.1,39.9998,-11.276,3.28417e-05,-1
119.15,39.9998,-11.276,3.28417e-05,-1
119.2,39.9998,-11.276,3.28417e-05,-1
119.25,39.9998,-11.276,3.28417e-05,-1
119.3,39.9998,-11.276,3.28417e-05,-1
119.35,39.9998,-11.276,3.28417e-05,-1
119.4,39.9998,-11.276,3.28417e-05,-1
119.45,39.9998,-11.276,3.28417e-05,-1
119.5,39.9998,-11.276,3.28417e-05,-1
119.55,39.9998,-11.276,3.28417e-05,-1
119.6,39.9998,-11.276,3.28417e-05,-1
119.65,39.9998,-11.276,3.28417e-05,-1
119.7,39.9998,-11.276,3.28417e-05,-1
119.75,39.9998,-11.276,3.28417e-05,-1
119.8,39.9998,-11.276,3.28417e-05,-1
119.85,39.9998,-11.276,3.28417e-05,-1
119.9,39.9998,-11.276,3.28417e-05,-1
119.95,39.9998,-11.276,3.28417e-05,-1
120,39.9998,-11.276,3.28417e-05,-1
