0.05,0.007,0,1,0
0.1,0.0203,0,1,0
0.15,0.03927,0,1,0
0.2,0.063343,0,1,0
0.25,0.0920087,0,1,0
0.3,0.124808,0,1,0
0.35,0.161327,0,1,0
0.4,0.201194,0,1,0
0.45,0.244075,0,1,0
0.5,0.289667,0,1,0
0.55,0.337701,0,1,0
0.6,0.387931,0,1,0
0.65,0.440138,0,1,0
0.7,0.494124,0,1,0
0.75,0.549711,0,1,0
0.8,0.60674,0,1,0
0.85,0.665066,0,1,0
0.9,0.72456,0,1,0
0.95,0.785104,0,1,0
1,0.846593,0,1,0
1.05,0.908934,0,1,0
1.1,0.972041,0,1,0
1.15,1.03584,0,1,0
1.2,1.10025,0,1,0
1.25,1.16523,0,1,0
1.3,1.23071,0,1,0
1.35,1.29663,0,1,0
1.4,1.36297,0,1,0
1.45,1.42967,0,1,0
1.5,1.49671,0,1,0
1.55,1.56404,0,1,0
1.6,1.63163,0,1,0
1.65,1.69947,0,1,0
1.7,1.76752,0,1,0
1.75,1.83577,0,1,0
1.8,1.90419,0,1,0
1.85,1.97277,0,1,0
1.9,2.0415,0,1,0
1.95,2.11035,0,1,0
2,2.17931,0,1,0
2.05,2.24838,0,1,0
2.1,2.31754,0,1,0
2.15,2.38679,0,1,0
2.2,2.45611,0,1,0
2.25,2.5255,0,1,0
2.3,2.59495,0,1,0
2.35,2.66445,0,1,0
2.4,2.73401,0,1,0
2.45,2.80361,0,1,0
2.5,2.87325,0,1,0
2.55,2.94292,0,1,0
2.6,3.01263,0,1,0
2.65,3.08237,0,1,0
2.7,3.15213,0,1,0
2.75,3.22192,0,1,0
2.8,3.29173,0,1,0
2.85,3.36155,0,1,0
2.9,3.4314,0,1,0
2.95,3.50126,0,1,0
3,3.57113,0,1,0
3.05,3.64102,0,1,0
3.1,3.71092,0,1,0
3.15,3.78083,0,1,0
3.2,3.85074,0,1,0
3.25,3.92067,0,1,0
3.3,3.9906,0,1,0
3.35,4.06054,0,1,0
3.4,4.13049,0,1,0
3.45,4.20044,0,1,0
3.5,4.2704,0,1,0
3.55,4.34036,0,1,0
3.6,4.41032,0,1,0
3.65,4.48029,0,1,0
3.7,4.55026,0,1,0
3.75,4.62023,0,1,0
3.8,4.69021,0,1,0
3.85,4.76019,0,1,0
3.9,4.83017,0,1,0
3.95,4.90015,0,1,0
4,4.97014,0,1,0
4.05,5.04012,0,1,0
4.1,5.11011,0,1,0
4.15,5.1801,0,1,0
4.2,5.25009,0,1,0
4.25,5.32008,0,1,0
4.3,5.39007,0,1,0
4.35,5.46007,0,1,0
4.4,5.53006,0,1,0
4.45,5.60005,0,1,0
4.5,5.67005,0,1,0
4.55,5.74004,0,1,0
4.6,5.81004,0,1,0
4.65,5.88004,0,1,0
4.7,5.95003,0,1,0
4.75,6.02003,0,1,0
4.8,6.09003,0,1,0
4.85,6.16002,0,1,0
4.9,6.23002,0,1,0
4.95,6.30002,0,1,0
5,6.37002,0,1,0
5.05,6.44002,0,1,0
5.1,6.51001,0,1,0
5.15,6.58001,0,1,0
5.2,6.65001,0,1,0
5.25,6.72001,0,1,0
5.3,6.79001,0,1,0
5.35,6.86001,0,1,0
5.4,6.93001,0,1,0
5.45,7.00001,0,1,0
5.5,7.07001,0,1,0
5.55,7.14001,0,1,0
5.6,7.21001,0,1,0
5.65,7.28001,0,1,0
5.7,7.35001,0,1,0
5.75,7.42,0,1,0
5.8,7.49,0,1,0
5.85,7.56,0,1,0
5.9,7.63,0,1,0
5.95,7.7,0,1,0
6,7.77,0,1,0
6.05,7.84,0,1,0
6.1,7.91,0,1,0
6.15,7.98,0,1,0
6.2,8.05,0,1,0
6.25,8.12,0,1,0
6.3,8.19,0,1,0
6.35,8.26,0,1,0
6.4,8.33,0,1,0
6.45,8.4,0,1,0
6.5,8.47,0,1,0
6.55,8.54,0,1,0
6.6,8.61,0,1,0
6.65,8.68,0,1,0
6.7,8.75,0,1,0
6.75,8.82,0,1,0
6.8,8.89,0,1,0
6.85,8.96,0,1,0
6.9,9.03,0,1,0
6.95,9.1,0,1,0
7,9.17,0,1,0
7.05,9.24,0,1,0
7.1,9.31,0,1,0
7.15,9.38,0,1,0
7.2,9.45,0,1,0
7.25,9.52,0,1,0
7.3,9.59,0,1,0
7.35,9.66,0,1,0
7.4,9.72999,0,1,0
7.45,9.79999,0,1,0
7.5,9.86999,0,1,0
7.55,9.93999,0,1,0
7.6,10.01,0,1,0
7.65,10.08,0,1,0
7.7,10.15,0,1,0
7.75,10.22,0,1,0
7.8,10.29,0,1,0
7.85,10.36,0,1,0
7.9,10.43,0,1,0
7.95,10.5,0,1,0
8,10.57,0,1,0
8.05,10.64,0,1,0
8.1,10.71,0,1,0
8.15,10.78,0,1,0
8.2,10.85,0,1,0
8.25,10.92,0,1,0
8.3,10.99,0,1,0
8.35,11.06,0,1,0
8.4,11.13,0,1,0
8.45,11.2,0,1,0
8.5,11.27,0,1,0
8.55,11.34,0,1,0
8.6,11.41,0,1,0
8.65,11.48,0,1,0
8.7,11.55,0,1,0
8.75,11.62,0,1,0
8.8,11.69,0,1,0
8.85,11.76,0,1,0
8.9,11.83,0,1,0
8.95,11.9,0,1,0
9,11.97,0,1,0
9.05,12.04,0,1,0
9.1,12.11,0,1,0
9.15,12.18,0,1,0
9.2,12.25,0,1,0
9.25,12.32,0,1,0
9.3,12.39,0,1,0
9.35,12.46,0,1,0
9.4,12.53,0,1,0
9.45,12.6,0,1,0
9.5,12.67,0,1,0
9.55,12.74,0,1,0
9.6,12.81,0,1,0
9.65,12.88,0,1,0
9.7,12.95,0,1,0
9.75,13.02,0,1,0
9.8,13.09,0,1,0
9.85,13.16,0,1,0
9.9,13.23,0,1,0
9.95,13.3,0,1,0
10,13.37,0,1,0
10.05,13.44,0,1,0
10.1,13.51,0,1,0
10.15,13.58,0,1,0
10.2,13.65,0,1,0
10.25,13.72,0,1,0
10.3,13.79,0,1,0
10.35,13.86,0,1,0
10.4,13.93,0,1,0
10.45,14,0,1,0
10.5,14.07,0,1,0
10.55,14.14,0,1,0
10.6,14.21,0,1,0
10.65,14.28,0,1,0
10.7,14.35,0,1,0
10.75,14.42,0,1,0
10.8,14.49,0,1,0
10.85,14.56,0,1,0
10.9,14.63,0,1,0
10.95,14.7,0,1,0
11,14.77,0,1,0
11.05,14.84,0,1,0
11.1,14.91,0,1,0
11.15,14.98,0,1,0
11.2,15.05,0,1,0
11.25,15.12,0,1,0
11.3,15.19,0,1,0
11.35,15.26,0,1,0
11.4,15.33,0,1,0
11.45,15.4,0,1,0
11.5,15.47,0,1,0
11.55,15.54,0,1,0
11.6,15.61,0,1,0
11.65,15.68,0,1,0
11.7,15.75,0,1,0
11.75,15.82,0,1,0
11.8,15.89,0,1,0
11.85,15.96,0,1,0
11.9,16.03,0,1,0
11.95,16.1,0,1,0
12,16.17,0,1,0
12.05,16.24,0,1,0
12.1,16.31,0,1,0
12.15,16.38,0,1,0
12.2,16.45,0,1,0
12.25,16.52,0,1,0
12.3,16.59,0,1,0
12.35,16.66,0,1,0
12.4,16.73,0,1,0
12.45,16.8,0,1,0
12.5,16.87,0,1,0
12.55,16.94,0,1,0
12.6,17.01,0,1,0
12.65,17.08,0,1,0
12.7,17.15,0,1,0
12.75,17.22,0,1,0
12.8,17.29,0,1,0
12.85,17.36,0,1,0
12.9,17.43,0,1,0
12.95,17.5,0,1,0
13,17.57,0,1,0
13.05,17.64,0,1,0
13.1,17.71,0,1,0
13.15,17.78,0,1,0
13.2,17.85,0,1,0
13.25,17.92,0,1,0
13.3,17.99,0,1,0
13.35,18.06,0,1,0
13.4,18.13,0,1,0
13.45,18.2,0,1,0
13.5,18.27,0,1,0
13.55,18.34,0,1,0
13.6,18.41,0,1,0
13.65,18.48,0,1,0
13.7,18.55,0,1,0
13.75,18.62,0,1,0
13.8,18.69,0,1,0
13.85,18.76,0,1,0
13.9,18.83,0,1,0
13.95,18.9,0,1,0
14,18.97,0,1,0
14.05,19.04,0,1,0
14.1,19.11,0,1,0
14.15,19.18,0,1,0
14.2,19.25,0,1,0
14.25,19.32,0,1,0
14.3,19.39,0,1,0
14.35,19.46,0,1,0
14.4,19.53,0,1,0
14.45,19.6,0,1,0
14.5,19.67,0,1,0
14.55,19.74,0,1,0
14.6,19.81,0,1,0
14.65,19.88,0,1,0
14.7,19.95,0,1,0
14.75,20.02,0,1,0
14.8,20.09,0,1,0
14.85,20.16,0,1,0
14.9,20.2299,0,1,0
14.95,20.2999,0,1,0
15,20.3699,0,1,0
15.05,20.4399,0,1,0
15.1,20.5099,0,1,0
15.15,20.5799,0,1,0
15.2,20.6499,0,1,0
15.25,20.7199,0,1,0
15.3,20.7899,0,1,0
15.35,20.8599,0,1,0
15.4,20.9299,0,1,0
15.45,20.9999,0,1,0
15.5,21.0699,0,1,0
15.55,21.1399,0,1,0
15.6,21.2099,0,1,0
15.65,21.2799,0,1,0
15.7,21.3499,0,1,0
15.75,21.4199,0,1,0
15.8,21.4899,0,1,0
15.85,21.5599,0,1,0
15.9,21.6299,0,1,0
15.95,21.6999,0,1,0
16,21.7699,0,1,0
16.05,21.8399,0,1,0
16.1,21.9099,0,1,0
16.15,21.9799,0,1,0
16.2,22.0499,0,1,0
16.25,22.1199,0,1,0
16.3,22.1899,0,1,0
16.35,22.2599,0,1,0
16.4,22.3299,0,1,0
16.45,22.3999,0,1,0
16.5,22.4699,0,1,0
16.55,22.5399,0,1,0
16.6,22.6099,0,1,0
16.65,22.6799,0,1,0
16.7,22.7499,0,1,0
16.75,22.8199,0,1,0
16.8,22.8899,0,1,0
16.85,22.9599,0,1,0
16.9,23.0299,0,1,0
16.95,23.0999,0,1,0
17,23.1699,0,1,0
17.05,23.2399,0,1,0
17.1,23.3099,0,1,0
17.15,23.3799,0,1,0
17.2,23.4499,0,1,0
17.25,23.5199,0,1,0
17.3,23.5899,0,1,0
17.35,23.6599,0,1,0
17.4,23.7299,0,1,0
17.45,23.7999,0,1,0
17.5,23.8699,0,1,0
17.55,23.9399,0,1,0
17.6,24.0099,0,1,0
17.65,24.0799,0,1,0
17.7,24.1499,0,1,0
17.75,24.2199,0,1,0
17.8,24.2899,0,1,0
17.85,24.3599,0,1,0
17.9,24.4299,0,1,0
17.95,24.4999,0,1,0
18,24.5699,0,1,0
18.05,24.6399,0,1,0
18.1,24.7099,0,1,0
18.15,24.7799,0,1,0
18.2,24.8499,0,1,0
18.25,24.9199,0,1,0
18.3,24.9899,0,1,0
18.35,25.0599,0,1,0
18.4,25.1299,0,1,0
18.45,25.1999,0,1,0
18.5,25.2699,0,1,0
18.55,25.3399,0,1,0
18.6,25.4099,0,1,0
18.65,25.4799,0,1,0
18.7,25.5499,0,1,0
18.75,25.6199,0,1,0
18.8,25.6899,0,1,0
18.85,25.7599,0,1,0
18.9,25.8299,0,1,0
18.95,25.8999,0,1,0
19,25.9699,0,1,0
19.05,26.0399,0,1,0
19.1,26.1099,0,1,0
19.15,26.1799,0,1,0
19.2,26.2499,0,1,0
19.25,26.3199,0,1,0
19.3,26.3899,0,1,0
19.35,26.4599,0,1,0
19.4,26.5299,0,1,0
19.45,26.5999,0,1,0
19.5,26.6699,0,1,0
19.55,26.7399,0,1,0
19.6,26.8099,0,1,0
19.65,26.8799,0,1,0
19.7,26.9499,0,1,0
19.75,27.0199,0,1,0
19.8,27.0899,0,1,0
19.85,27.1599,0,1,0
19.9,27.2299,0,1,0
19.95,27.2999,0,1,0
20,27.3699,0,1,0
20.05,27.4399,0,1,0
20.1,27.5099,0,1,0
20.15,27.5799,0,1,0
20.2,27.6499,0,1,0
20.25,27.7199,0,1,0
20.3,27.7899,0,1,0
20.35,27.8599,0,1,0
20.4,27.9299,0,1,0
20.45,27.9999,0,1,0
20.5,28.0699,0,1,0
20.55,28.1399,0,1,0
20.6,28.2099,0,1,0
20.65,28.2799,0,1,0
20.7,28.3499,0,1,0
20.75,28.4199,0,1,0
20.8,28.4899,0,1,0
20.85,28.5599,0,1,0
20.9,28.6299,0,1,0
20.95,28.6999,0,1,0
21,28.7699,0,1,0
21.05,28.8399,0,1,0
21.1,28.9099,0,1,0
21.15,28.9799,0,1,0
21.2,29.0499,0,1,0
21.25,29.1199,0,1,0
21.3,29.1899,0,1,0
21.35,29.2599,0,1,0
21.4,29.3299,0,1,0
21.45,29.3999,0,1,0
21.5,29.4699,0,1,0
21.55,29.5399,0,1,0
21.6,29.6099,0,1,0
21.65,29.6799,0,1,0
21.7,29.7499,0,1,0
21.75,29.8199,0,1,0
21.8,29.8774,0,1,0
21.85,29.9224,0,1,0
21.9,29.9549,0,1,0
21.95,29.9749,0,1,0
22,29.9824,0,1,0
22.05,29.9824,0,1,0
22.1,29.9824,0,1,0
22.15,29.9824,0,1,0
22.2,29.9824,0,1,0
22.25,29.9824,0,1,0
22.3,29.9824,0,1,0
22.35,29.9824,0,1,0
22.4,29.9824,0,1,0
22.45,29.9824,0,1,0
22.5,29.9824,0,1,0
22.55,29.9824,0,1,0
22.6,29.9824,0,1,0
22.65,29.9824,0,1,0
22.7,29.9824,0,1,0
22.75,29.9824,0,1,0
22.8,29.9824,0,1,0
22.85,29.9824,0,1,0
22.9,29.9824,0,1,0
22.95,29.9824,0,1,0
23,29.9824,0,1,0
23.05,29.9824,0,1,0
23.1,29.9824,0,1,0
23.15,29.9824,0,1,0
23.2,29.9824,0,1,0
23.25,29.9824,0,1,0
23.3,29.9824,0,1,0
23.35,29.9824,0,1,0
23.4,29.9824,0,1,0
23.45,29.9824,0,1,0
23.5,29.9824,0,1,0
23.55,29.9824,0,1,0
23.6,29.9824,0,1,0
23.65,29.9824,0,1,0
23.7,29.9824,0,1,0
23.75,29.9824,0,1,0
23.8,29.9824,0,1,0
23.85,29.9824,0,1,0
23.9,29.9824,0,1,0
23.95,29.9824,0,1,0
24,29.9824,0,1,0
24.05,29.9824,0,1,0
24.1,29.9824,0,1,0
24.15,29.9824,0,1,0
24.2,29.9824,0,1,0
24.25,29.9824,0,1,0
24.3,29.9824,0,1,0
24.35,29.9824,0,1,0
24.4,29.9824,0,1,0
24.45,29.9824,0,1,0
24.5,29.9824,0,1,0
24.55,29.9824,0,1,0
24.6,29.9824,0,1,0
24.65,29.9824,0,1,0
24.7,29.9824,0,1,0
24.75,29.9824,0,1,0
24.8,29.9824,0,1,0
24.85,29.9824,0,1,0
24.9,29.9824,0,1,0
24.95,29.9824,0,1,0
25,29.9824,0,1,0
25.05,29.9824,0,1,0
25.1,29.9824,0,1,0
25.15,29.9824,0,1,0
25.2,29.9824,0,1,0
25.25,29.9824,0,1,0
25.3,29.9824,0,1,0
25.35,29.9824,0,1,0
25.4,29.9824,0,1,0
25.45,29.9824,0,1,0
25.5,29.9824,0,1,0
25.55,29.9824,0,1,0
25.6,29.9824,0,1,0
25.65,29.9824,0,1,0
25.7,29.9824,0,1,0
25.75,29.9824,0,1,0
25.8,29.9824,0,1,0
25.85,29.9824,0,1,0
25.9,29.9824,0,1,0
25.95,29.9824,0,1,0
26,29.9824,0,1,0
26.05,29.9824,0,1,0
26.1,29.9824,0,1,0
26.15,29.9824,0,1,0
26.2,29.9824,0,1,0
26.25,29.9824,0,1,0
26.3,29.9824,0,1,0
26.35,29.9824,0,1,0
26.4,29.9824,0,1,0
26.45,29.9824,0,1,0
26.5,29.9824,0,1,0
26.55,29.9824,0,1,0
26.6,29.9824,0,1,0
26.65,29.9824,0,1,0
26.7,29.9824,0,1,0
26.75,29.9824,0,1,0
26.8,29.9824,0,1,0
26.85,29.9824,0,1,0
26.9,29.9824,0,1,0
26.95,29.9824,0,1,0
27,29.9824,0,1,0
27.05,29.9824,0,1,0
27.1,29.9824,0,1,0
27.15,29.9824,0,1,0
27.2,29.9824,0,1,0
27.25,29.9824,0,1,0
27.3,29.9824,0,1,0
27.35,29.9824,0,1,0
27.4,29.9824,0,1,0
27.45,29.9824,0,1,0
27.5,29.9824,0,1,0
27.55,29.9824,0,1,0
27.6,29.9824,0,1,0
27.65,29.9824,0,1,0
27.7,29.9824,0,1,0
27.75,29.9824,0,1,0
27.8,29.9824,0,1,0
27.85,29.9824,0,1,0
27.9,29.9824,0,1,0
27.95,29.9824,0,1,0
28,29.9824,0,1,0
28.05,29.9824,0,1,0
28.1,29.9824,0,1,0
28.15,29.9824,0,1,0
28.2,29.9824,0,1,0
28.25,29.9824,0,1,0
28.3,29.9824,0,1,0
28.35,29.9824,0,1,0
28.4,29.9824,0,1,0
28.45,29.9824,0,1,0
28.5,29.9824,0,1,0
28.55,29.9824,0,1,0
28.6,29.9824,0,1,0
28.65,29.9824,0,1,0
28.7,29.9824,0,1,0
28.75,29.9824,0,1,0
28.8,29.9824,0,1,0
28.85,29.9824,0,1,0
28.9,29.9824,0,1,0
28.95,29.9824,0,1,0
29,29.9824,0,1,0
29.05,29.9824,0,1,0
29.1,29.9824,0,1,0
29.15,29.9824,0,1,0
29.2,29.9824,0,1,0
29.25,29.9824,0,1,0
29.3,29.9824,0,1,0
29.35,29.9824,0,1,0
29.4,29.9824,0,1,0
29.45,29.9824,0,1,0
29.5,29.9824,0,1,0
29.55,29.9824,0,1,0
29.6,29.9824,0,1,0
29.65,29.9824,0,1,0
29.7,29.9824,0,1,0
29.75,29.9824,0,1,0
29.8,29.9824,0,1,0
29.85,29.9824,0,1,0
29.9,29.9824,0,1,0
29.95,29.9824,0,1,0
30,29.9824,0,1,0
30.05,29.9824,0,1,0
30.1,29.9824,0,1,0
30.15,29.9824,0,1,0
30.2,29.9824,0,1,0
30.25,29.9824,0,1,0
30.3,29.9824,0,1,0
30.35,29.9824,0,1,0
30.4,29.9824,0,1,0
30.45,29.9824,0,1,0
30.5,29.9824,0,1,0
30.55,29.9824,0,1,0
30.6,29.9824,0,1,0
30.65,29.9824,0,1,0
30.7,29.9824,0,1,0
30.75,29.9824,0,1,0
30.8,29.9824,0,1,0
30.85,29.9824,0,1,0
30.9,29.9824,0,1,0
30.95,29.9824,0,1,0
31,29.9824,0,1,0
31.05,29.9824,0,1,0
31.1,29.9824,0,1,0
31.15,29.9824,0,1,0
31.2,29.9824,0,1,0
31.25,29.9824,0,1,0
31.3,29.9824,0,1,0
31.35,29.9824,0,1,0
31.4,29.9824,0,1,0
31.45,29.9824,0,1,0
31.5,29.9824,0,1,0
31.55,29.9824,0,1,0
31.6,29.9824,0,1,0
31.65,29.9824,0,1,0
31.7,29.9824,0,1,0
31.75,29.9824,0,1,0
31.8,29.9824,0,1,0
31.85,29.9824,0,1,0
31.9,29.9824,0,1,0
31.95,29.9824,0,1,0
32,29.9824,0,1,0
32.05,29.9824,0,1,0
32.1,29.9824,0,1,0
32.15,29.9824,0,1,0
32.2,29.9824,0,1,0
32.25,29.9824,0,1,0
32.3,29.9824,0,1,0
32.35,29.9824,0,1,0
32.4,29.9824,0,1,0
32.45,29.9824,0,1,0
32.5,29.9824,0,1,0
32.55,29.9824,0,1,0
32.6,29.9824,0,1,0
32.65,29.9824,0,1,0
32.7,29.9824,0,1,0
32.75,29.9824,0,1,0
32.8,29.9824,0,1,0
32.85,29.9824,0,1,0
32.9,29.9824,0,1,0
32.95,29.9824,0,1,0
33,29.9824,0,1,0
33.05,29.9824,0,1,0
33.1,29.9824,0,1,0
33.15,29.9824,0,1,0
33.2,29.9824,0,1,0
33.25,29.9824,0,1,0
33.3,29.9824,0,1,0
33.35,29.9824,0,1,0
33.4,29.9824,0,1,0
33.45,29.9824,0,1,0
33.5,29.9824,0,1,0
33.55,29.9824,0,1,0
33.6,29.9824,0,1,0
33.65,29.9824,0,1,0
33.7,29.9824,0,1,0
33.75,29.9824,0,1,0
33.8,29.9824,0,1,0
33.85,29.9824,0,1,0
33.9,29.9824,0,1,0
33.95,29.9824,0,1,0
34,29.9824,0,1,0
34.05,29.9824,0,1,0
34.1,29.9824,0,1,0
34.15,29.9824,0,1,0
34.2,29.9824,0,1,0
34.25,29.9824,0,1,0
34.3,29.9824,0,1,0
34.35,29.9824,0,1,0
34.4,29.9824,0,1,0
34.45,29.9824,0,1,0
34.5,29.9824,0,1,0
34.55,29.9824,0,1,0
34.6,29.9824,0,1,0
34.65,29.9824,0,1,0
34.7,29.9824,0,1,0
34.75,29.9824,0,1,0
34.8,29.9824,0,1,0
34.85,29.9824,0,1,0
34.9,29.9824,0,1,0
34.95,29.9824,0,1,0
35,29.9824,0,1,0
35.05,29.9824,0,1,0
35.1,29.9824,0,1,0
35.15,29.9824,0,1,0
35.2,29.9824,0,1,0
35.25,29.9824,0,1,0
35.3,29.9824,0,1,0
35.35,29.9824,0,1,0
35.4,29.9824,0,1,0
35.45,29.9824,0,1,0
35.5,29.9824,0,1,0
35.55,29.9824,0,1,0
35.6,29.9824,0,1,0
35.65,29.9824,0,1,0
35.7,29.9824,0,1,0
35.75,29.9824,0,1,0
35.8,29.9824,0,1,0
35.85,29.9824,0,1,0
35.9,29.9824,0,1,0
35.95,29.9824,0,1,0
36,29.9824,0,1,0
36.05,29.9824,0,1,0
36.1,29.9824,0,1,0
36.15,29.9824,0,1,0
36.2,29.9824,0,1,0
36.25,29.9824,0,1,0
36.3,29.9824,0,1,0
36.35,29.9824,0,1,0
36.4,29.9824,0,1,0
36.45,29.9824,0,1,0
36.5,29.9824,0,1,0
36.55,29.9824,0,1,0
36.6,29.9824,0,1,0
36.65,29.9824,0,1,0
36.7,29.9824,0,1,0
36.75,29.9824,0,1,0
36.8,29.9824,0,1,0
36.85,29.9824,0,1,0
36.9,29.9824,0,1,0
36.95,29.9824,0,1,0
37,29.9824,0,1,0
37.05,29.9824,0,1,0
37.1,29.9824,0,1,0
37.15,29.9824,0,1,0
37.2,29.9824,0,1,0
37.25,29.9824,0,1,0
37.3,29.9824,0,1,0
37.35,29.9824,0,1,0
37.4,29.9824,0,1,0
37.45,29.9824,0,1,0
37.5,29.9824,0,1,0
37.55,29.9824,0,1,0
37.6,29.9824,0,1,0
37.65,29.9824,0,1,0
37.7,29.9824,0,1,0
37.75,29.9824,0,1,0
37.8,29.9824,0,1,0
37.85,29.9824,0,1,0
37.9,29.9824,0,1,0
37.95,29.9824,0,1,0
38,29.9824,0,1,0
38.05,29.9824,0,1,0
38.1,29.9824,0,1,0
38.15,29.9824,0,1,0
38.2,29.9824,0,1,0
38.25,29.9824,0,1,0
38.3,29.9824,0,1,0
38.35,29.9824,0,1,0
38.4,29.9824,0,1,0
38.45,29.9824,0,1,0
38.5,29.9824,0,1,0
38.55,29.9824,0,1,0
38.6,29.9824,0,1,0
38.65,29.9824,0,1,0
38.7,29.9824,0,1,0
38.75,29.9824,0,1,0
38.8,29.9824,0,1,0
38.85,29.9824,0,1,0
38.9,29.9824,0,1,0
38.95,29.9824,0,1,0
39,29.9824,0,1,0
39.05,29.9824,0,1,0
39.1,29.9824,0,1,0
39.15,29.9824,0,1,0
39.2,29.9824,0,1,0
39.25,29.9824,0,1,0
39.3,29.9824,0,1,0
39.35,29.9824,0,1,0
39.4,29.9824,0,1,0
39.45,29.9824,0,1,0
39.5,29.9824,0,1,0
39.55,29.9824,0,1,0
39.6,29.9824,0,1,0
39.65,29.9824,0,1,0
39.7,29.9824,0,1,0
39.75,29.9824,0,1,0
39.8,29.9824,0,1,0
39.85,29.9824,0,1,0
39.9,29.9824,0,1,0
39.95,29.9824,0,1,0
40,29.9824,0,1,0
40.05,29.9824,0,1,0
40.1,29.9824,0,1,0
40.15,29.9824,0,1,0
40.2,29.9824,0,1,0
40.25,29.9824,0,1,0
40.3,29.9824,0,1,0
40.35,29.9824,0,1,0
40.4,29.9824,0,1,0
40.45,29.9824,0,1,0
40.5,29.9824,0,1,0
40.55,29.9824,0,1,0
40.6,29.9824,0,1,0
40.65,29.9824,0,1,0
40.7,29.9824,0,1,0
40.75,29.9824,0,1,0
40.8,29.9824,0,1,0
40.85,29.9824,0,1,0
40.9,29.9824,0,1,0
40.95,29.9824,0,1,0
41,29.9824,0,1,0
41.05,29.9824,0,1,0
41.1,29.9824,0,1,0
41.15,29.9824,0,1,0
41.2,29.9824,0,1,0
41.25,29.9824,0,1,0
41.3,29.9824,0,1,0
41.35,29.9824,0,1,0
41.4,29.9824,0,1,0
41.45,29.9824,0,1,0
41.5,29.9824,0,1,0
41.55,29.9824,0,1,0
41.6,29.9824,0,1,0
41.65,29.9824,0,1,0
41.7,29.9824,0,1,0
41.75,29.9824,0,1,0
41.8,29.9824,0,1,0
41.85,29.9824,0,1,0
41.9,29.9824,0,1,0
41.95,29.9824,0,1,0
42,29.9824,0,1,0
42.05,29.9824,0,1,0
42.1,29.9824,0,1,0
42.15,29.9824,0,1,0
42.2,29.9824,0,1,0
42.25,29.9824,0,1,0
42.3,29.9824,0,1,0
42.35,29.9824,0,1,0
42.4,29.9824,0,1,0
42.45,29.9824,0,1,0
42.5,29.9824,0,1,0
42.55,29.9824,0,1,0
42.6,29.9824,0,1,0
42.65,29.9824,0,1,0
42.7,29.9824,0,1,0
42.75,29.9824,0,1,0
42.8,29.9824,0,1,0
42.85,29.9824,0,1,0
42.9,29.9824,0,1,0
42.95,29.9824,0,1,0
43,29.9824,0,1,0
43.05,29.9824,0,1,0
43.1,29.9824,0,1,0
43.15,29.9824,0,1,0
43.2,29.9824,0,1,0
43.25,29.9824,0,1,0
43.3,29.9824,0,1,0
43.35,29.9824,0,1,0
43.4,29.9824,0,1,0
43.45,29.9824,0,1,0
43.5,29.9824,0,1,0
43.55,29.9824,0,1,0
43.6,29.9824,0,1,0
43.65,29.9824,0,1,0
43.7,29.9824,0,1,0
43.75,29.9824,0,1,0
43.8,29.9824,0,1,0
43.85,29.9824,0,1,0
43.9,29.9824,0,1,0
43.95,29.9824,0,1,0
44,29.9824,0,1,0
44.05,29.9824,0,1,0
44.1,29.9824,0,1,0
44.15,29.9824,0,1,0
44.2,29.9824,0,1,0
44.25,29.9824,0,1,0
44.3,29.9824,0,1,0
44.35,29.9824,0,1,0
44.4,29.9824,0,1,0
44.45,29.9824,0,1,0
44.5,29.9824,0,1,0
44.55,29.9824,0,1,0
44.6,29.9824,0,1,0
44.65,29.9824,0,1,0
44.7,29.9824,0,1,0
44.75,29.9824,0,1,0
44.8,29.9824,0,1,0
44.85,29.9824,0,1,0
44.9,29.9824,0,1,0
44.95,29.9824,0,1,0
45,29.9824,0,1,0
45.05,29.9824,0,1,0
45.1,29.9824,0,1,0
45.15,29.9824,0,1,0
45.2,29.9824,0,1,0
45.25,29.9824,0,1,0
45.3,29.9824,0,1,0
45.35,29.9824,0,1,0
45.4,29.9824,0,1,0
45.45,29.9824,0,1,0
45.5,29.9824,0,1,0
45.55,29.9824,0,1,0
45.6,29.9824,0,1,0
45.65,29.9824,0,1,0
45.7,29.9824,0,1,0
45.75,29.9824,0,1,0
45.8,29.9824,0,1,0
45.85,29.9824,0,1,0
45.9,29.9824,0,1,0
45.95,29.9824,0,1,0
46,29.9824,0,1,0
46.05,29.9824,0,1,0
46.1,29.9824,0,1,0
46.15,29.9824,0,1,0
46.2,29.9824,0,1,0
46.25,29.9824,0,1,0
46.3,29.9824,0,1,0
46.35,29.9824,0,1,0
46.4,29.9824,0,1,0
46.45,29.9824,0,1,0
46.5,29.9824,0,1,0
46.55,29.9824,0,1,0
46.6,29.9824,0,1,0
46.65,29.9824,0,1,0
46.7,29.9824,0,1,0
46.75,29.9824,0,1,0
46.8,29.9824,0,1,0
46.85,29.9824,0,1,0
46.9,29.9824,0,1,0
46.95,29.9824,0,1,0
47,29.9824,0,1,0
47.05,29.9824,0,1,0
47.1,29.9824,0,1,0
47.15,29.9824,0,1,0
47.2,29.9824,0,1,0
47.25,29.9824,0,1,0
47.3,29.9824,0,1,0
47.35,29.9824,0,1,0
47.4,29.9824,0,1,0
47.45,29.9824,0,1,0
47.5,29.9824,0,1,0
47.55,29.9824,0,1,0
47.6,29.9824,0,1,0
47.65,29.9824,0,1,0
47.7,29.9824,0,1,0
47.75,29.9824,0,1,0
47.8,29.9824,0,1,0
47.85,29.9824,0,1,0
47.9,29.9824,0,1,0
47.95,29.9824,0,1,0
48,29.9824,0,1,0
48.05,29.9824,0,1,0
48.1,29.9824,0,1,0
48.15,29.9824,0,1,0
48.2,29.9824,0,1,0
48.25,29.9824,0,1,0
48.3,29.9824,0,1,0
48.35,29.9824,0,1,0
48.4,29.9824,0,1,0
48.45,29.9824,0,1,0
48.5,29.9824,0,1,0
48.55,29.9824,0,1,0
48.6,29.9824,0,1,0
48.65,29.9824,0,1,0
48.7,29.9824,0,1,0
48.75,29.9824,0,1,0
48.8,29.9824,0,1,0
48.85,29.9824,0,1,0
48.9,29.9824,0,1,0
48.95,29.9824,0,1,0
49,29.9824,0,1,0
49.05,29.9824,0,1,0
49.1,29.9824,0,1,0
49.15,29.9824,0,1,0
49.2,29.9824,0,1,0
49.25,29.9824,0,1,0
49.3,29.9824,0,1,0
49.35,29.9824,0,1,0
49.4,29.9824,0,1,0
49.45,29.9824,0,1,0
49.5,29.9824,0,1,0
49.55,29.9824,0,1,0
49.6,29.9824,0,1,0
49.65,29.9824,0,1,0
49.7,29.9824,0,1,0
49.75,29.9824,0,1,0
49.8,29.9824,0,1,0
49.85,29.9824,0,1,0
49.9,29.9824,0,1,0
49.95,29.9824,0,1,0
50,29.9824,0,1,0
50.05,29.9824,0,1,0
50.1,29.9824,0,1,0
50.15,29.9824,0,1,0
50.2,29.9824,0,1,0
50.25,29.9824,0,1,0
50.3,29.9824,0,1,0
50.35,29.9824,0,1,0
50.4,29.9824,0,1,0
50.45,29.9824,0,1,0
50.5,29.9824,0,1,0
50.55,29.9824,0,1,0
50.6,29.9824,0,1,0
50.65,29.9824,0,1,0
50.7,29.9824,0,1,0
50.75,29.9824,0,1,0
50.8,29.9824,0,1,0
50.85,29.9824,0,1,0
50.9,29.9824,0,1,0
50.95,29.9824,0,1,0
51,29.9824,0,1,0
51.05,29.9824,0,1,0
51.1,29.9824,0,1,0
51.15,29.9824,0,1,0
51.2,29.9824,0,1,0
51.25,29.9824,0,1,0
51.3,29.9824,0,1,0
51.35,29.9824,0,1,0
51.4,29.9824,0,1,0
51.45,29.9824,0,1,0
51.5,29.9824,0,1,0
51.55,29.9824,0,1,0
51.6,29.9824,0,1,0
51.65,29.9824,0,1,0
51.7,29.9824,0,1,0
51.75,29.9824,0,1,0
51.8,29.9824,0,1,0
51.85,29.9824,0,1,0
51.9,29.9824,0,1,0
51.95,29.9824,0,1,0
52,29.9824,0,1,0
52.05,29.9824,0,1,0
52.1,29.9824,0,1,0
52.15,29.9824,0,1,0
52.2,29.9824,0,1,0
52.25,29.9824,0,1,0
52.3,29.9824,0,1,0
52.35,29.9824,0,1,0
52.4,29.9824,0,1,0
52.45,29.9824,0,1,0
52.5,29.9824,0,1,0
52.55,29.9824,0,1,0
52.6,29.9824,0,1,0
52.65,29.9824,0,1,0
52.7,29.9824,0,1,0
52.75,29.9824,0,1,0
52.8,29.9824,0,1,0
52.85,29.9824,0,1,0
52.9,29.9824,0,1,0
52.95,29.9824,0,1,0
53,29.9824,0,1,0
53.05,29.9824,0,1,0
53.1,29.9824,0,1,0
53.15,29.9824,0,1,0
53.2,29.9824,0,1,0
53.25,29.9824,0,1,0
53.3,29.9824,0,1,0
53.35,29.9824,0,1,0
53.4,29.9824,0,1,0
53.45,29.9824,0,1,0
53.5,29.9824,0,1,0
53.55,29.9824,0,1,0
53.6,29.9824,0,1,0
53.65,29.9824,0,1,0
53.7,29.9824,0,1,0
53.75,29.9824,0,1,0
53.8,29.9824,0,1,0
53.85,29.9824,0,1,0
53.9,29.9824,0,1,0
53.95,29.9824,0,1,0
54,29.9824,0,1,0
54.05,29.9824,0,1,0
54.1,29.9824,0,1,0
54.15,29.9824,0,1,0
54.2,29.9824,0,1,0
54.25,29.9824,0,1,0
54.3,29.9824,0,1,0
54.35,29.9824,0,1,0
54.4,29.9824,0,1,0
54.45,29.9824,0,1,0
54.5,29.9824,0,1,0
54.55,29.9824,0,1,0
54.6,29.9824,0,1,0
54.65,29.9824,0,1,0
54.7,29.9824,0,1,0
54.75,29.9824,0,1,0
54.8,29.9824,0,1,0
54.85,29.9824,0,1,0
54.9,29.9824,0,1,0
54.95,29.9824,0,1,0
55,29.9824,0,1,0
55.05,29.9824,0,1,0
55.1,29.9824,0,1,0
55.15,29.9824,0,1,0
55.2,29.9824,0,1,0
55.25,29.9824,0,1,0
55.3,29.9824,0,1,0
55.35,29.9824,0,1,0
55.4,29.9824,0,1,0
55.45,29.9824,0,1,0
55.5,29.9824,0,1,0
55.55,29.9824,0,1,0
55.6,29.9824,0,1,0
55.65,29.9824,0,1,0
55.7,29.9824,0,1,0
55.75,29.9824,0,1,0
55.8,29.9824,0,1,0
55.85,29.9824,0,1,0
55.9,29.9824,0,1,0
55.95,29.9824,0,1,0
56,29.9824,0,1,0
56.05,29.9824,0,1,0
56.1,29.9824,0,1,0
56.15,29.9824,0,1,0
56.2,29.9824,0,1,0
56.25,29.9824,0,1,0
56.3,29.9824,0,1,0
56.35,29.9824,0,1,0
56.4,29.9824,0,1,0
56.45,29.9824,0,1,0
56.5,29.9824,0,1,0
56.55,29.9824,0,1,0
56.6,29.9824,0,1,0
56.65,29.9824,0,1,0
56.7,29.9824,0,1,0
56.75,29.9824,0,1,0
56.8,29.9824,0,1,0
56.85,29.9824,0,1,0
56.9,29.9824,0,1,0
56.95,29.9824,0,1,0
57,29.9824,0,1,0
57.05,29.9824,0,1,0
57.1,29.9824,0,1,0
57.15,29.9824,0,1,0
57.2,29.9824,0,1,0
57.25,29.9824,0,1,0
57.3,29.9824,0,1,0
57.35,29.9824,0,1,0
57.4,29.9824,0,1,0
57.45,29.9824,0,1,0
57.5,29.9824,0,1,0
57.55,29.9824,0,1,0
57.6,29.9824,0,1,0
57.65,29.9824,0,1,0
57.7,29.9824,0,1,0
57.75,29.9824,0,1,0
57.8,29.9824,0,1,0
57.85,29.9824,0,1,0
57.9,29.9824,0,1,0
57.95,29.9824,0,1,0
58,29.9824,0,1,0
58.05,29.9824,0,1,0
58.1,29.9824,0,1,0
58.15,29.9824,0,1,0
58.2,29.9824,0,1,0
58.25,29.9824,0,1,0
58.3,29.9824,0,1,0
58.35,29.9824,0,1,0
58.4,29.9824,0,1,0
58.45,29.9824,0,1,0
58.5,29.9824,0,1,0
58.55,29.9824,0,1,0
58.6,29.9824,0,1,0
58.65,29.9824,0,1,0
58.7,29.9824,0,1,0
58.75,29.9824,0,1,0
58.8,29.9824,0,1,0
58.85,29.9824,0,1,0
58.9,29.9824,0,1,0
58.95,29.9824,0,1,0
59,29.9824,0,1,0
59.05,29.9824,0,1,0
59.1,29.9824,0,1,0
59.15,29.9824,0,1,0
59.2,29.9824,0,1,0
59.25,29.9824,0,1,0
59.3,29.9824,0,1,0
59.35,29.9824,0,1,0
59.4,29.9824,0,1,0
59.45,29.9824,0,1,0
59.5,29.9824,0,1,0
59.55,29.9824,0,1,0
59.6,29.9824,0,1,0
59.65,29.9824,0,1,0
59.7,29.9824,0,1,0
59.75,29.9824,0,1,0
59.8,29.9824,0,1,0
59.85,29.9824,0,1,0
59.9,29.9824,0,1,0
59.95,29.9824,0,1,0
60,29.9824,0,1,0
60.05,29.9824,0,1,0
60.1,29.9824,0,1,0
60.15,29.9824,0,1,0
60.2,29.9824,0,1,0
60.25,29.9824,0,1,0
60.3,29.9824,0,1,0
60.35,29.9824,0,1,0
60.4,29.9824,0,1,0
60.45,29.9824,0,1,0
60.5,29.9824,0,1,0
60.55,29.9824,0,1,0
60.6,29.9824,0,1,0
60.65,29.9824,0,1,0
60.7,29.9824,0,1,0
60.75,29.9824,0,1,0
60.8,29.9824,0,1,0
60.85,29.9824,0,1,0
60.9,29.9824,0,1,0
60.95,29.9824,0,1,0
61,29.9824,0,1,0
61.05,29.9824,0,1,0
61.1,29.9824,0,1,0
61.15,29.9824,0,1,0
61.2,29.9824,0,1,0
61.25,29.9824,0,1,0
61.3,29.9824,0,1,0
61.35,29.9824,0,1,0
61.4,29.9824,0,1,0
61.45,29.9824,0,1,0
61.5,29.9824,0,1,0
61.55,29.9824,0,1,0
61.6,29.9824,0,1,0
61.65,29.9824,0,1,0
61.7,29.9824,0,1,0
61.75,29.9824,0,1,0
61.8,29.9824,0,1,0
61.85,29.9824,0,1,0
61.9,29.9824,0,1,0
61.95,29.9824,0,1,0
62,29.9824,0,1,0
62.05,29.9824,0,1,0
62.1,29.9824,0,1,0
62.15,29.9824,0,1,0
62.2,29.9824,0,1,0
62.25,29.9824,0,1,0
62.3,29.9824,0,1,0
62.35,29.9824,0,1,0
62.4,29.9824,0,1,0
62.45,29.9824,0,1,0
62.5,29.9824,0,1,0
62.55,29.9824,0,1,0
62.6,29.9824,0,1,0
62.65,29.9824,0,1,0
62.7,29.9824,0,1,0
62.75,29.9824,0,1,0
62.8,29.9824,0,1,0
62.85,29.9824,0,1,0
62.9,29.9824,0,1,0
62.95,29.9824,0,1,0
63,29.9824,0,1,0
63.05,29.9824,0,1,0
63.1,29.9824,0,1,0
63.15,29.9824,0,1,0
63.2,29.9824,0,1,0
63.25,29.9824,0,1,0
63.3,29.9824,0,1,0
63.35,29.9824,0,1,0
63.4,29.9824,0,1,0
63.45,29.9824,0,1,0
63.5,29.9824,0,1,0
63.55,29.9824,0,1,0
63.6,29.9824,0,1,0
63.65,29.9824,0,1,0
63.7,29.9824,0,1,0
63.75,29.9824,0,1,0
63.8,29.9824,0,1,0
63.85,29.9824,0,1,0
63.9,29.9824,0,1,0
63.95,29.9824,0,1,0
64,29.9824,0,1,0
64.05,29.9824,0,1,0
64.1,29.9824,0,1,0
64.15,29.9824,0,1,0
64.2,29.9824,0,1,0
64.25,29.9824,0,1,0
64.3,29.9824,0,1,0
64.35,29.9824,0,1,0
64.4,29.9824,0,1,0
64.45,29.9824,0,1,0
64.5,29.9824,0,1,0
64.55,29.9824,0,1,0
64.6,29.9824,0,1,0
64.65,29.9824,0,1,0
64.7,29.9824,0,1,0
64.75,29.9824,0,1,0
64.8,29.9824,0,1,0
64.85,29.9824,0,1,0
64.9,29.9824,0,1,0
64.95,29.9824,0,1,0
65,29.9824,0,1,0
65.05,29.9824,0,1,0
65.1,29.9824,0,1,0
65.15,29.9824,0,1,0
65.2,29.9824,0,1,0
65.25,29.9824,0,1,0
65.3,29.9824,0,1,0
65.35,29.9824,0,1,0
65.4,29.9824,0,1,0
65.45,29.9824,0,1,0
65.5,29.9824,0,1,0
65.55,29.9824,0,1,0
65.6,29.9824,0,1,0
65.65,29.9824,0,1,0
65.7,29.9824,0,1,0
65.75,29.9824,0,1,0
65.8,29.9824,0,1,0
65.85,29.9824,0,1,0
65.9,29.9824,0,1,0
65.95,29.9824,0,1,0
66,29.9824,0,1,0
66.05,29.9824,0,1,0
66.1,29.9824,0,1,0
66.15,29.9824,0,1,0
66.2,29.9824,0,1,0
66.25,29.9824,0,1,0
66.3,29.9824,0,1,0
66.35,29.9824,0,1,0
66.4,29.9824,0,1,0
66.45,29.9824,0,1,0
66.5,29.9824,0,1,0
66.55,29.9824,0,1,0
66.6,29.9824,0,1,0
66.65,29.9824,0,1,0
66.7,29.9824,0,1,0
66.75,29.9824,0,1,0
66.8,29.9824,0,1,0
66.85,29.9824,0,1,0
66.9,29.9824,0,1,0
66.95,29.9824,0,1,0
67,29.9824,0,1,0
67.05,29.9824,0,1,0
67.1,29.9824,0,1,0
67.15,29.9824,0,1,0
67.2,29.9824,0,1,0
67.25,29.9824,0,1,0
67.3,29.9824,0,1,0
67.35,29.9824,0,1,0
67.4,29.9824,0,1,0
67.45,29.9824,0,1,0
67.5,29.9824,0,1,0
67.55,29.9824,0,1,0
67.6,29.9824,0,1,0
67.65,29.9824,0,1,0
67.7,29.9824,0,1,0
67.75,29.9824,0,1,0
67.8,29.9824,0,1,0
67.85,29.9824,0,1,0
67.9,29.9824,0,1,0
67.95,29.9824,0,1,0
68,29.9824,0,1,0
68.05,29.9824,0,1,0
68.1,29.9824,0,1,0
68.15,29.9824,0,1,0
68.2,29.9824,0,1,0
68.25,29.9824,0,1,0
68.3,29.9824,0,1,0
68.35,29.9824,0,1,0
68.4,29.9824,0,1,0
68.45,29.9824,0,1,0
68.5,29.9824,0,1,0
68.55,29.9824,0,1,0
68.6,29.9824,0,1,0
68.65,29.9824,0,1,0
68.7,29.9824,0,1,0
68.75,29.9824,0,1,0
68.8,29.9824,0,1,0
68.85,29.9824,0,1,0
68.9,29.9824,0,1,0
68.95,29.9824,0,1,0
69,29.9824,0,1,0
69.05,29.9824,0,1,0
69.1,29.9824,0,1,0
69.15,29.9824,0,1,0
69.2,29.9824,0,1,0
69.25,29.9824,0,1,0
69.3,29.9824,0,1,0
69.35,29.9824,0,1,0
69.4,29.9824,0,1,0
69.45,29.9824,0,1,0
69.5,29.9824,0,1,0
69.55,29.9824,0,1,0
69.6,29.9824,0,1,0
69.65,29.9824,0,1,0
69.7,29.9824,0,1,0
69.75,29.9824,0,1,0
69.8,29.9824,0,1,0
69.85,29.9824,0,1,0
69.9,29.9824,0,1,0
69.95,29.9824,0,1,0
70,29.9824,0,1,0
70.05,29.9824,0,1,0
70.1,29.9824,0,1,0
70.15,29.9824,0,1,0
70.2,29.9824,0,1,0
70.25,29.9824,0,1,0
70.3,29.9824,0,1,0
70.35,29.9824,0,1,0
70.4,29.9824,0,1,0
70.45,29.9824,0,1,0
70.5,29.9824,0,1,0
70.55,29.9824,0,1,0
70.6,29.9824,0,1,0
70.65,29.9824,0,1,0
70.7,29.9824,0,1,0
70.75,29.9824,0,1,0
70.8,29.9824,0,1,0
70.85,29.9824,0,1,0
70.9,29.9824,0,1,0
70.95,29.9824,0,1,0
71,29.9824,0,1,0
71.05,29.9824,0,1,0
71.1,29.9824,0,1,0
71.15,29.9824,0,1,0
71.2,29.9824,0,1,0
71.25,29.9824,0,1,0
71.3,29.9824,0,1,0
71.35,29.9824,0,1,0
71.4,29.9824,0,1,0
71.45,29.9824,0,1,0
71.5,29.9824,0,1,0
71.55,29.9824,0,1,0
71.6,29.9824,0,1,0
71.65,29.9824,0,1,0
71.7,29.9824,0,1,0
71.75,29.9824,0,1,0
71.8,29.9824,0,1,0
71.85,29.9824,0,1,0
71.9,29.9824,0,1,0
71.95,29.9824,0,1,0
72,29.9824,0,1,0
72.05,29.9824,0,1,0
72.1,29.9824,0,1,0
72.15,29.9824,0,1,0
72.2,29.9824,0,1,0
72.25,29.9824,0,1,0
72.3,29.9824,0,1,0
72.35,29.9824,0,1,0
72.4,29.9824,0,1,0
72.45,29.9824,0,1,0
72.5,29.9824,0,1,0
72.55,29.9824,0,1,0
72.6,29.9824,0,1,0
72.65,29.9824,0,1,0
72.7,29.9824,0,1,0
72.75,29.9824,0,1,0
72.8,29.9824,0,1,0
72.85,29.9824,0,1,0
72.9,29.9824,0,1,0
72.95,29.9824,0,1,0
73,29.9824,0,1,0
73.05,29.9824,0,1,0
73.1,29.9824,0,1,0
73.15,29.9824,0,1,0
73.2,29.9824,0,1,0
73.25,29.9824,0,1,0
73.3,29.9824,0,1,0
73.35,29.9824,0,1,0
73.4,29.9824,0,1,0
73.45,29.9824,0,1,0
73.5,29.9824,0,1,0
73.55,29.9824,0,1,0
73.6,29.9824,0,1,0
73.65,29.9824,0,1,0
73.7,29.9824,0,1,0
73.75,29.9824,0,1,0
73.8,29.9824,0,1,0
73.85,29.9824,0,1,0
73.9,29.9824,0,1,0
73.95,29.9824,0,1,0
74,29.9824,0,1,0
74.05,29.9824,0,1,0
74.1,29.9824,0,1,0
74.15,29.9824,0,1,0
74.2,29.9824,0,1,0
74.25,29.9824,0,1,0
74.3,29.9824,0,1,0
74.35,29.9824,0,1,0
74.4,29.9824,0,1,0
74.45,29.9824,0,1,0
74.5,29.9824,0,1,0
74.55,29.9824,0,1,0
74.6,29.9824,0,1,0
74.65,29.9824,0,1,0
74.7,29.9824,0,1,0
74.75,29.9824,0,1,0
74.8,29.9824,0,1,0
74.85,29.9824,0,1,0
74.9,29.9824,0,1,0
74.95,29.9824,0,1,0
75,29.9824,0,1,0
75.05,29.9824,0,1,0
75.1,29.9824,0,1,0
75.15,29.9824,0,1,0
75.2,29.9824,0,1,0
75.25,29.9824,0,1,0
75.3,29.9824,0,1,0
75.35,29.9824,0,1,0
75.4,29.9824,0,1,0
75.45,29.9824,0,1,0
75.5,29.9824,0,1,0
75.55,29.9824,0,1,0
75.6,29.9824,0,1,0
75.65,29.9824,0,1,0
75.7,29.9824,0,1,0
75.75,29.9824,0,1,0
75.8,29.9824,0,1,0
75.85,29.9824,0,1,0
75.9,29.9824,0,1,0
75.95,29.9824,0,1,0
76,29.9824,0,1,0
76.05,29.9824,0,1,0
76.1,29.9824,0,1,0
76.15,29.9824,0,1,0
76.2,29.9824,0,1,0
76.25,29.9824,0,1,0
76.3,29.9824,0,1,0
76.35,29.9824,0,1,0
76.4,29.9824,0,1,0
76.45,29.9824,0,1,0
76.5,29.9824,0,1,0
76.55,29.9824,0,1,0
76.6,29.9824,0,1,0
76.65,29.9824,0,1,0
76.7,29.9824,0,1,0
76.75,29.9824,0,1,0
76.8,29.9824,0,1,0
76.85,29.9824,0,1,0
76.9,29.9824,0,1,0
76.95,29.9824,0,1,0
77,29.9824,0,1,0
77.05,29.9824,0,1,0
77.1,29.9824,0,1,0
77.15,29.9824,0,1,0
77.2,29.9824,0,1,0
77.25,29.9824,0,1,0
77.3,29.9824,0,1,0
77.35,29.9824,0,1,0
77.4,29.9824,0,1,0
77.45,29.9824,0,1,0
77.5,29.9824,0,1,0
77.55,29.9824,0,1,0
77.6,29.9824,0,1,0
77.65,29.9824,0,1,0
77.7,29.9824,0,1,0
77.75,29.9824,0,1,0
77.8,29.9824,0,1,0
77.85,29.9824,0,1,0
77.9,29.9824,0,1,0
77.95,29.9824,0,1,0
78,29.9824,0,1,0
78.05,29.9824,0,1,0
78.1,29.9824,0,1,0
78.15,29.9824,0,1,0
78.2,29.9824,0,1,0
78.25,29.9824,0,1,0
78.3,29.9824,0,1,0
78.35,29.9824,0,1,0
78.4,29.9824,0,1,0
78.45,29.9824,0,1,0
78.5,29.9824,0,1,0
78.55,29.9824,0,1,0
78.6,29.9824,0,1,0
78.65,29.9824,0,1,0
78.7,29.9824,0,1,0
78.75,29.9824,0,1,0
78.8,29.9824,0,1,0
78.85,29.9824,0,1,0
78.9,29.9824,0,1,0
78.95,29.9824,0,1,0
79,29.9824,0,1,0
79.05,29.9824,0,1,0
79.1,29.9824,0,1,0
79.15,29.9824,0,1,0
79.2,29.9824,0,1,0
79.25,29.9824,0,1,0
79.3,29.9824,0,1,0
79.35,29.9824,0,1,0
79.4,29.9824,0,1,0
79.45,29.9824,0,1,0
79.5,29.9824,0,1,0
79.55,29.9824,0,1,0
79.6,29.9824,0,1,0
79.65,29.9824,0,1,0
79.7,29.9824,0,1,0
79.75,29.9824,0,1,0
79.8,29.9824,0,1,0
79.85,29.9824,0,1,0
79.9,29.9824,0,1,0
79.95,29.9824,0,1,0
80,29.9824,0,1,0
80.05,29.9824,0,1,0
80.1,29.9824,0,1,0
80.15,29.9824,0,1,0
80.2,29.9824,0,1,0
80.25,29.9824,0,1,0
80.3,29.9824,0,1,0
80.35,29.9824,0,1,0
80.4,29.9824,0,1,0
80.45,29.9824,0,1,0
80.5,29.9824,0,1,0
80.55,29.9824,0,1,0
80.6,29.9824,0,1,0
80.65,29.9824,0,1,0
80.7,29.9824,0,1,0
80.75,29.9824,0,1,0
80.8,29.9824,0,1,0
80.85,29.9824,0,1,0
80.9,29.9824,0,1,0
80.95,29.9824,0,1,0
81,29.9824,0,1,0
81.05,29.9824,0,1,0
81.1,29.9824,0,1,0
81.15,29.9824,0,1,0
81.2,29.9824,0,1,0
81.25,29.9824,0,1,0
81.3,29.9824,0,1,0
81.35,29.9824,0,1,0
81.4,29.9824,0,1,0
81.45,29.9824,0,1,0
81.5,29.9824,0,1,0
81.55,29.9824,0,1,0
81.6,29.9824,0,1,0
81.65,29.9824,0,1,0
81.7,29.9824,0,1,0
81.75,29.9824,0,1,0
81.8,29.9824,0,1,0
81.85,29.9824,0,1,0
81.9,29.9824,0,1,0
81.95,29.9824,0,1,0
82,29.9824,0,1,0
82.05,29.9824,0,1,0
82.1,29.9824,0,1,0
82.15,29.9824,0,1,0
82.2,29.9824,0,1,0
82.25,29.9824,0,1,0
82.3,29.9824,0,1,0
82.35,29.9824,0,1,0
82.4,29.9824,0,1,0
82.45,29.9824,0,1,0
82.5,29.9824,0,1,0
82.55,29.9824,0,1,0
82.6,29.9824,0,1,0
82.65,29.9824,0,1,0
82.7,29.9824,0,1,0
82.75,29.9824,0,1,0
82.8,29.9824,0,1,0
82.85,29.9824,0,1,0
82.9,29.9824,0,1,0
82.95,29.9824,0,1,0
83,29.9824,0,1,0
83.05,29.9824,0,1,0
83.1,29.9824,0,1,0
83.15,29.9824,0,1,0
83.2,29.9824,0,1,0
83.25,29.9824,0,1,0
83.3,29.9824,0,1,0
83.35,29.9824,0,1,0
83.4,29.9824,0,1,0
83.45,29.9824,0,1,0
83.5,29.9824,0,1,0
83.55,29.9824,0,1,0
83.6,29.9824,0,1,0
83.65,29.9824,0,1,0
83.7,29.9824,0,1,0
83.75,29.9824,0,1,0
83.8,29.9824,0,1,0
83.85,29.9824,0,1,0
83.9,29.9824,0,1,0
83.95,29.9824,0,1,0
84,29.9824,0,1,0
84.05,29.9824,0,1,0
84.1,29.9824,0,1,0
84.15,29.9824,0,1,0
84.2,29.9824,0,1,0
84.25,29.9824,0,1,0
84.3,29.9824,0,1,0
84.35,29.9824,0,1,0
84.4,29.9824,0,1,0
84.45,29.9824,0,1,0
84.5,29.9824,0,1,0
84.55,29.9824,0,1,0
84.6,29.9824,0,1,0
84.65,29.9824,0,1,0
84.7,29.9824,0,1,0
84.75,29.9824,0,1,0
84.8,29.9824,0,1,0
84.85,29.9824,0,1,0
84.9,29.9824,0,1,0
84.95,29.9824,0,1,0
85,29.9824,0,1,0
85.05,29.9824,0,1,0
85.1,29.9824,0,1,0
85.15,29.9824,0,1,0
85.2,29.9824,0,1,0
85.25,29.9824,0,1,0
85.3,29.9824,0,1,0
85.35,29.9824,0,1,0
85.4,29.9824,0,1,0
85.45,29.9824,0,1,0
85.5,29.9824,0,1,0
85.55,29.9824,0,1,0
85.6,29.9824,0,1,0
85.65,29.9824,0,1,0
85.7,29.9824,0,1,0
85.75,29.9824,0,1,0
85.8,29.9824,0,1,0
85.85,29.9824,0,1,0
85.9,29.9824,0,1,0
85.95,29.9824,0,1,0
86,29.9824,0,1,0
86.05,29.9824,0,1,0
86.1,29.9824,0,1,0
86.15,29.9824,0,1,0
86.2,29.9824,0,1,0
86.25,29.9824,0,1,0
86.3,29.9824,0,1,0
86.35,29.9824,0,1,0
86.4,29.9824,0,1,0
86.45,29.9824,0,1,0
86.5,29.9824,0,1,0
86.55,29.9824,0,1,0
86.6,29.9824,0,1,0
86.65,29.9824,0,1,0
86.7,29.9824,0,1,0
86.75,29.9824,0,1,0
86.8,29.9824,0,1,0
86.85,29.9824,0,1,0
86.9,29.9824,0,1,0
86.95,29.9824,0,1,0
87,29.9824,0,1,0
87.05,29.9824,0,1,0
87.1,29.9824,0,1,0
87.15,29.9824,0,1,0
87.2,29.9824,0,1,0
87.25,29.9824,0,1,0
87.3,29.9824,0,1,0
87.35,29.9824,0,1,0
87.4,29.9824,0,1,0
87.45,29.9824,0,1,0
87.5,29.9824,0,1,0
87.55,29.9824,0,1,0
87.6,29.9824,0,1,0
87.65,29.9824,0,1,0
87.7,29.9824,0,1,0
87.75,29.9824,0,1,0
87.8,29.9824,0,1,0
87.85,29.9824,0,1,0
87.9,29.9824,0,1,0
87.95,29.9824,0,1,0
88,29.9824,0,1,0
88.05,29.9824,0,1,0
88.1,29.9824,0,1,0
88.15,29.9824,0,1,0
88.2,29.9824,0,1,0
88.25,29.9824,0,1,0
88.3,29.9824,0,1,0
88.35,29.9824,0,1,0
88.4,29.9824,0,1,0
88.45,29.9824,0,1,0
88.5,29.9824,0,1,0
88.55,29.9824,0,1,0
88.6,29.9824,0,1,0
88.65,29.9824,0,1,0
88.7,29.9824,0,1,0
88.75,29.9824,0,1,0
88.8,29.9824,0,1,0
88.85,29.9824,0,1,0
88.9,29.9824,0,1,0
88.95,29.9824,0,1,0
89,29.9824,0,1,0
89.05,29.9824,0,1,0
89.1,29.9824,0,1,0
89.15,29.9824,0,1,0
89.2,29.9824,0,1,0
89.25,29.9824,0,1,0
89.3,29.9824,0,1,0
89.35,29.9824,0,1,0
89.4,29.9824,0,1,0
89.45,29.9824,0,1,0
89.5,29.9824,0,1,0
89.55,29.9824,0,1,0
89.6,29.9824,0,1,0
89.65,29.9824,0,1,0
89.7,29.9824,0,1,0
89.75,29.9824,0,1,0
89.8,29.9824,0,1,0
89.85,29.9824,0,1,0
89.9,29.9824,0,1,0
89.95,29.9824,0,1,0
90,29.9824,0,1,0
90.05,29.9824,0,1,0
90.1,29.9824,0,1,0
90.15,29.9824,0,1,0
90.2,29.9824,0,1,0
90.25,29.9824,0,1,0
90.3,29.9824,0,1,0
90.35,29.9824,0,1,0
90.4,29.9824,0,1,0
90.45,29.9824,0,1,0
90.5,29.9824,0,1,0
90.55,29.9824,0,1,0
90.6,29.9824,0,1,0
90.65,29.9824,0,1,0
90.7,29.9824,0,1,0
90.75,29.9824,0,1,0
90.8,29.9824,0,1,0
90.85,29.9824,0,1,0
90.9,29.9824,0,1,0
90.95,29.9824,0,1,0
91,29.9824,0,1,0
91.05,29.9824,0,1,0
91.1,29.9824,0,1,0
91.15,29.9824,0,1,0
91.2,29.9824,0,1,0
91.25,29.9824,0,1,0
91.3,29.9824,0,1,0
91.35,29.9824,0,1,0
91.4,29.9824,0,1,0
91.45,29.9824,0,1,0
91.5,29.9824,0,1,0
91.55,29.9824,0,1,0
91.6,29.9824,0,1,0
91.65,29.9824,0,1,0
91.7,29.9824,0,1,0
91.75,29.9824,0,1,0
91.8,29.9824,0,1,0
91.85,29.9824,0,1,0
91.9,29.9824,0,1,0
91.95,29.9824,0,1,0
92,29.9824,0,1,0
92.05,29.9824,0,1,0
92.1,29.9824,0,1,0
92.15,29.9824,0,1,0
92.2,29.9824,0,1,0
92.25,29.9824,0,1,0
92.3,29.9824,0,1,0
92.35,29.9824,0,1,0
92.4,29.9824,0,1,0
92.45,29.9824,0,1,0
92.5,29.9824,0,1,0
92.55,29.9824,0,1,0
92.6,29.9824,0,1,0
92.65,29.9824,0,1,0
92.7,29.9824,0,1,0
92.75,29.9824,0,1,0
92.8,29.9824,0,1,0
92.85,29.9824,0,1,0
92.9,29.9824,0,1,0
92.95,29.9824,0,1,0
93,29.9824,0,1,0
93.05,29.9824,0,1,0
93.1,29.9824,0,1,0
93.15,29.9824,0,1,0
93.2,29.9824,0,1,0
93.25,29.9824,0,1,0
93.3,29.9824,0,1,0
93.35,29.9824,0,1,0
93.4,29.9824,0,1,0
93.45,29.9824,0,1,0
93.5,29.9824,0,1,0
93.55,29.9824,0,1,0
93.6,29.9824,0,1,0
93.65,29.9824,0,1,0
93.7,29.9824,0,1,0
93.75,29.9824,0,1,0
93.8,29.9824,0,1,0
93.85,29.9824,0,1,0
93.9,29.9824,0,1,0
93.95,29.9824,0,1,0
94,29.9824,0,1,0
94.05,29.9824,0,1,0
94.1,29.9824,0,1,0
94.15,29.9824,0,1,0
94.2,29.9824,0,1,0
94.25,29.9824,0,1,0
94.3,29.9824,0,1,0
94.35,29.9824,0,1,0
94.4,29.9824,0,1,0
94.45,29.9824,0,1,0
94.5,29.9824,0,1,0
94.55,29.9824,0,1,0
94.6,29.9824,0,1,0
94.65,29.9824,0,1,0
94.7,29.9824,0,1,0
94.75,29.9824,0,1,0
94.8,29.9824,0,1,0
94.85,29.9824,0,1,0
94.9,29.9824,0,1,0
94.95,29.9824,0,1,0
95,29.9824,0,1,0
95.05,29.9824,0,1,0
95.1,29.9824,0,1,0
95.15,29.9824,0,1,0
95.2,29.9824,0,1,0
95.25,29.9824,0,1,0
95.3,29.9824,0,1,0
95.35,29.9824,0,1,0
95.4,29.9824,0,1,0
95.45,29.9824,0,1,0
95.5,29.9824,0,1,0
95.55,29.9824,0,1,0
95.6,29.9824,0,1,0
95.65,29.9824,0,1,0
95.7,29.9824,0,1,0
95.75,29.9824,0,1,0
95.8,29.9824,0,1,0
95.85,29.9824,0,1,0
95.9,29.9824,0,1,0
95.95,29.9824,0,1,0
96,29.9824,0,1,0
96.05,29.9824,0,1,0
96.1,29.9824,0,1,0
96.15,29.9824,0,1,0
96.2,29.9824,0,1,0
96.25,29.9824,0,1,0
96.3,29.9824,0,1,0
96.35,29.9824,0,1,0
96.4,29.9824,0,1,0
96.45,29.9824,0,1,0
96.5,29.9824,0,1,0
96.55,29.9824,0,1,0
96.6,29.9824,0,1,0
96.65,29.9824,0,1,0
96.7,29.9824,0,1,0
96.75,29.9824,0,1,0
96.8,29.9824,0,1,0
96.85,29.9824,0,1,0
96.9,29.9824,0,1,0
96.95,29.9824,0,1,0
97,29.9824,0,1,0
97.05,29.9824,0,1,0
97.1,29.9824,0,1,0
97.15,29.9824,0,1,0
97.2,29.9824,0,1,0
97.25,29.9824,0,1,0
97.3,29.9824,0,1,0
97.35,29.9824,0,1,0
97.4,29.9824,0,1,0
97.45,29.9824,0,1,0
97.5,29.9824,0,1,0
97.55,29.9824,0,1,0
97.6,29.9824,0,1,0
97.65,29.9824,0,1,0
97.7,29.9824,0,1,0
97.75,29.9824,0,1,0
97.8,29.9824,0,1,0
97.85,29.9824,0,1,0
97.9,29.9824,0,1,0
97.95,29.9824,0,1,0
98,29.9824,0,1,0
98.05,29.9824,0,1,0
98.1,29.9824,0,1,0
98.15,29.9824,0,1,0
98.2,29.9824,0,1,0
98.25,29.9824,0,1,0
98.3,29.9824,0,1,0
98.35,29.9824,0,1,0
98.4,29.9824,0,1,0
98.45,29.9824,0,1,0
98.5,29.9824,0,1,0
98.55,29.9824,0,1,0
98.6,29.9824,0,1,0
98.65,29.9824,0,1,0
98.7,29.9824,0,1,0
98.75,29.9824,0,1,0
98.8,29.9824,0,1,0
98.85,29.9824,0,1,0
98.9,29.9824,0,1,0
98.95,29.9824,0,1,0
99,29.9824,0,1,0
99.05,29.9824,0,1,0
99.1,29.9824,0,1,0
99.15,29.9824,0,1,0
99.2,29.9824,0,1,0
99.25,29.9824,0,1,0
99.3,29.9824,0,1,0
99.35,29.9824,0,1,0
99.4,29.9824,0,1,0
99.45,29.9824,0,1,0
99.5,29.9824,0,1,0
99.55,29.9824,0,1,0
99.6,29.9824,0,1,0
99.65,29.9824,0,1,0
99.7,29.9824,0,1,0
99.75,29.9824,0,1,0
99.8,29.9824,0,1,0
99.85,29.9824,0,1,0
99.9,29.9824,0,1,0
99.95,29.9824,0,1,0
100,29.9824,0,1,0
100.05,29.9824,0,1,0
100.1,29.9824,0,1,0
100.15,29.9824,0,1,0
100.2,29.9824,0,1,0
100.25,29.9824,0,1,0
100.3,29.9824,0,1,0
100.35,29.9824,0,1,0
100.4,29.9824,0,1,0
100.45,29.9824,0,1,0
100.5,29.9824,0,1,0
100.55,29.9824,0,1,0
100.6,29.9824,0,1,0
100.65,29.9824,0,1,0
100.7,29.9824,0,1,0
100.75,29.9824,0,1,0
100.8,29.9824,0,1,0
100.85,29.9824,0,1,0
100.9,29.9824,0,1,0
100.95,29.9824,0,1,0
101,29.9824,0,1,0
101.05,29.9824,0,1,0
101.1,29.9824,0,1,0
101.15,29.9824,0,1,0
101.2,29.9824,0,1,0
101.25,29.9824,0,1,0
101.3,29.9824,0,1,0
101.35,29.9824,0,1,0
101.4,29.9824,0,1,0
101.45,29.9824,0,1,0
101.5,29.9824,0,1,0
101.55,29.9824,0,1,0
101.6,29.9824,0,1,0
101.65,29.9824,0,1,0
101.7,29.9824,0,1,0
101.75,29.9824,0,1,0
101.8,29.9824,0,1,0
101.85,29.9824,0,1,0
101.9,29.9824,0,1,0
101.95,29.9824,0,1,0
102,29.9824,0,1,0
102.05,29.9824,0,1,0
102.1,29.9824,0,1,0
102.15,29.9824,0,1,0
102.2,29.9824,0,1,0
102.25,29.9824,0,1,0
102.3,29.9824,0,1,0
102.35,29.9824,0,1,0
102.4,29.9824,0,1,0
102.45,29.9824,0,1,0
102.5,29.9824,0,1,0
102.55,29.9824,0,1,0
102.6,29.9824,0,1,0
102.65,29.9824,0,1,0
102.7,29.9824,0,1,0
102.75,29.9824,0,1,0
102.8,29.9824,0,1,0
102.85,29.9824,0,1,0
102.9,29.9824,0,1,0
102.95,29.9824,0,1,0
103,29.9824,0,1,0
103.05,29.9824,0,1,0
103.1,29.9824,0,1,0
103.15,29.9824,0,1,0
103.2,29.9824,0,1,0
103.25,29.9824,0,1,0
103.3,29.9824,0,1,0
103.35,29.9824,0,1,0
103.4,29.9824,0,1,0
103.45,29.9824,0,1,0
103.5,29.9824,0,1,0
103.55,29.9824,0,1,0
103.6,29.9824,0,1,0
103.65,29.9824,0,1,0
103.7,29.9824,0,1,0
103.75,29.9824,0,1,0
103.8,29.9824,0,1,0
103.85,29.9824,0,1,0
103.9,29.9824,0,1,0
103.95,29.9824,0,1,0
104,29.9824,0,1,0
104.05,29.9824,0,1,0
104.1,29.9824,0,1,0
104.15,29.9824,0,1,0
104.2,29.9824,0,1,0
104.25,29.9824,0,1,0
104.3,29.9824,0,1,0
104.35,29.9824,0,1,0
104.4,29.9824,0,1,0
104.45,29.9824,0,1,0
104.5,29.9824,0,1,0
104.55,29.9824,0,1,0
104.6,29.9824,0,1,0
104.65,29.9824,0,1,0
104.7,29.9824,0,1,0
104.75,29.9824,0,1,0
104.8,29.9824,0,1,0
104.85,29.9824,0,1,0
104.9,29.9824,0,1,0
104.95,29.9824,0,1,0
105,29.9824,0,1,0
105.05,29.9824,0,1,0
105.1,29.9824,0,1,0
105.15,29.9824,0,1,0
105.2,29.9824,0,1,0
105.25,29.9824,0,1,0
105.3,29.9824,0,1,0
105.35,29.9824,0,1,0
105.4,29.9824,0,1,0
105.45,29.9824,0,1,0
105.5,29.9824,0,1,0
105.55,29.9824,0,1,0
105.6,29.9824,0,1,0
105.65,29.9824,0,1,0
105.7,29.9824,0,1,0
105.75,29.9824,0,1,0
105.8,29.9824,0,1,0
105.85,29.9824,0,1,0
105.9,29.9824,0,1,0
105.95,29.9824,0,1,0
106,29.9824,0,1,0
106.05,29.9824,0,1,0
106.1,29.9824,0,1,0
106.15,29.9824,0,1,0
106.2,29.9824,0,1,0
106.25,29.9824,0,1,0
106.3,29.9824,0,1,0
106.35,29.9824,0,1,0
106.4,29.9824,0,1,0
106.45,29.9824,0,1,0
106.5,29.9824,0,1,0
106.55,29.9824,0,1,0
106.6,29.9824,0,1,0
106.65,29.9824,0,1,0
106.7,29.9824,0,1,0
106.75,29.9824,0,1,0
106.8,29.9824,0,1,0
106.85,29.9824,0,1,0
106.9,29.9824,0,1,0
106.95,29.9824,0,1,0
107,29.9824,0,1,0
107.05,29.9824,0,1,0
107.1,29.9824,0,1,0
107.15,29.9824,0,1,0
107.2,29.9824,0,1,0
107.25,29.9824,0,1,0
107.3,29.9824,0,1,0
107.35,29.9824,0,1,0
107.4,29.9824,0,1,0
107.45,29.9824,0,1,0
107.5,29.9824,0,1,0
107.55,29.9824,0,1,0
107.6,29.9824,0,1,0
107.65,29.9824,0,1,0
107.7,29.9824,0,1,0
107.75,29.9824,0,1,0
107.8,29.9824,0,1,0
107.85,29.9824,0,1,0
107.9,29.9824,0,1,0
107.95,29.9824,0,1,0
108,29.9824,0,1,0
108.05,29.9824,0,1,0
108.1,29.9824,0,1,0
108.15,29.9824,0,1,0
108.2,29.9824,0,1,0
108.25,29.9824,0,1,0
108.3,29.9824,0,1,0
108.35,29.9824,0,1,0
108.4,29.9824,0,1,0
108.45,29.9824,0,1,0
108.5,29.9824,0,1,0
108.55,29.9824,0,1,0
108.6,29.9824,0,1,0
108.65,29.9824,0,1,0
108.7,29.9824,0,1,0
108.75,29.9824,0,1,0
108.8,29.9824,0,1,0
108.85,29.9824,0,1,0
108.9,29.9824,0,1,0
108.95,29.9824,0,1,0
109,29.9824,0,1,0
109.05,29.9824,0,1,0
109.1,29.9824,0,1,0
109.15,29.9824,0,1,0
109.2,29.9824,0,1,0
109.25,29.9824,0,1,0
109.3,29.9824,0,1,0
109.35,29.9824,0,1,0
109.4,29.9824,0,1,0
109.45,29.9824,0,1,0
109.5,29.9824,0,1,0
109.55,29.9824,0,1,0
109.6,29.9824,0,1,0
109.65,29.9824,0,1,0
109.7,29.9824,0,1,0
109.75,29.9824,0,1,0
109.8,29.9824,0,1,0
109.85,29.9824,0,1,0
109.9,29.9824,0,1,0
109.95,29.9824,0,1,0
110,29.9824,0,1,0
110.05,29.9824,0,1,0
110.1,29.9824,0,1,0
110.15,29.9824,0,1,0
110.2,29.9824,0,1,0
110.25,29.9824,0,1,0
110.3,29.9824,0,1,0
110.35,29.9824,0,1,0
110.4,29.9824,0,1,0
110.45,29.9824,0,1,0
110.5,29.9824,0,1,0
110.55,29.9824,0,1,0
110.6,29.9824,0,1,0
110.65,29.9824,0,1,0
110.7,29.9824,0,1,0
110.75,29.9824,0,1,0
110.8,29.9824,0,1,0
110.85,29.9824,0,1,0
110.9,29.9824,0,1,0
110.95,29.9824,0,1,0
111,29.9824,0,1,0
111.05,29.9824,0,1,0
111.1,29.9824,0,1,0
111.15,29.9824,0,1,0
111.2,29.9824,0,1,0
111.25,29.9824,0,1,0
111.3,29.9824,0,1,0
111.35,29.9824,0,1,0
111.4,29.9824,0,1,0
111.45,29.9824,0,1,0
111.5,29.9824,0,1,0
111.55,29.9824,0,1,0
111.6,29.9824,0,1,0
111.65,29.9824,0,1,0
111.7,29.9824,0,1,0
111.75,29.9824,0,1,0
111.8,29.9824,0,1,0
111.85,29.9824,0,1,0
111.9,29.9824,0,1,0
111.95,29.9824,0,1,0
112,29.9824,0,1,0
112.05,29.9824,0,1,0
112.1,29.9824,0,1,0
112.15,29.9824,0,1,0
112.2,29.9824,0,1,0
112.25,29.9824,0,1,0
112.3,29.9824,0,1,0
112.35,29.9824,0,1,0
112.4,29.9824,0,1,0
112.45,29.9824,0,1,0
112.5,29.9824,0,1,0
112.55,29.9824,0,1,0
112.6,29.9824,0,1,0
112.65,29.9824,0,1,0
112.7,29.9824,0,1,0
112.75,29.9824,0,1,0
112.8,29.9824,0,1,0
112.85,29.9824,0,1,0
112.9,29.9824,0,1,0
112.95,29.9824,0,1,0
113,29.9824,0,1,0
113.05,29.9824,0,1,0
113.1,29.9824,0,1,0
113.15,29.9824,0,1,0
113.2,29.9824,0,1,0
113.25,29.9824,0,1,0
113.3,29.9824,0,1,0
113.35,29.9824,0,1,0
113.4,29.9824,0,1,0
113.45,29.9824,0,1,0
113.5,29.9824,0,1,0
113.55,29.9824,0,1,0
113.6,29.9824,0,1,0
113.65,29.9824,0,1,0
113.7,29.9824,0,1,0
113.75,29.9824,0,1,0
113.8,29.9824,0,1,0
113.85,29.9824,0,1,0
113.9,29.9824,0,1,0
113.95,29.9824,0,1,0
114,29.9824,0,1,0
114.05,29.9824,0,1,0
114.1,29.9824,0,1,0
114.15,29.9824,0,1,0
114.2,29.9824,0,1,0
114.25,29.9824,0,1,0
114.3,29.9824,0,1,0
114.35,29.9824,0,1,0
114.4,29.9824,0,1,0
114.45,29.9824,0,1,0
114.5,29.9824,0,1,0
114.55,29.9824,0,1,0
114.6,29.9824,0,1,0
114.65,29.9824,0,1,0
114.7,29.9824,0,1,0
114.75,29.9824,0,1,0
114.8,29.9824,0,1,0
114.85,29.9824,0,1,0
114.9,29.9824,0,1,0
114.95,29.9824,0,1,0
115,29.9824,0,1,0
115.05,29.9824,0,1,0
115.1,29.9824,0,1,0
115.15,29.9824,0,1,0
115.2,29.9824,0,1,0
115.25,29.9824,0,1,0
115.3,29.9824,0,1,0
115.35,29.9824,0,1,0
115.4,29.9824,0,1,0
115.45,29.9824,0,1,0
115.5,29.9824,0,1,0
115.55,29.9824,0,1,0
115.6,29.9824,0,1,0
115.65,29.9824,0,1,0
115.7,29.9824,0,1,0
115.75,29.9824,0,1,0
115.8,29.9824,0,1,0
115.85,29.9824,0,1,0
115.9,29.9824,0,1,0
115.95,29.9824,0,1,0
116,29.9824,0,1,0
116.05,29.9824,0,1,0
116.1,29.9824,0,1,0
116.15,29.9824,0,1,0
116.2,29.9824,0,1,0
116.25,29.9824,0,1,0
116.3,29.9824,0,1,0
116.35,29.9824,0,1,0
116.4,29.9824,0,1,0
116.45,29.9824,0,1,0
116.5,29.9824,0,1,0
116.55,29.9824,0,1,0
116.6,29.9824,0,1,0
116.65,29.9824,0,1,0
116.7,29.9824,0,1,0
116.75,29.9824,0,1,0
116.8,29.9824,0,1,0
116.85,29.9824,0,1,0
116.9,29.9824,0,1,0
116.95,29.9824,0,1,0
117,29.9824,0,1,0
117.05,29.9824,0,1,0
117.1,29.9824,0,1,0
117.15,29.9824,0,1,0
117.2,29.9824,0,1,0
117.25,29.9824,0,1,0
117.3,29.9824,0,1,0
117.35,29.9824,0,1,0
117.4,29.9824,0,1,0
117.45,29.9824,0,1,0
117.5,29.9824,0,1,0
117.55,29.9824,0,1,0
117.6,29.9824,0,1,0
117.65,29.9824,0,1,0
117.7,29.9824,0,1,0
117.75,29.9824,0,1,0
117.8,29.9824,0,1,0
117.85,29.9824,0,1,0
117.9,29.9824,0,1,0
117.95,29.9824,0,1,0
118,29.9824,0,1,0
118.05,29.9824,0,1,0
118.1,29.9824,0,1,0
118.15,29.9824,0,1,0
118.2,29.9824,0,1,0
118.25,29.9824,0,1,0
118.3,29.9824,0,1,0
118.35,29.9824,0,1,0
118.4,29.9824,0,1,0
118.45,29.9824,0,1,0
118.5,29.9824,0,1,0
118.55,29.9824,0,1,0
118.6,29.9824,0,1,0
118.65,29.9824,0,1,0
118.7,29.9824,0,1,0
118.75,29.9824,0,1,0
118.8,29.9824,0,1,0
118.85,29.9824,0,1,0
118.9,29.9824,0,1,0
118.95,29.9824,0,1,0
119,29.9824,0,1,0
119.05,29.9824,0,1,0
119.1,29.9824,0,1,0
119.15,29.9824,0,1,0
119.2,29.9824,0,1,0
119.25,29.9824,0,1,0
119.3,29.9824,0,1,0
119.35,29.9824,0,1,0
119.4,29.9824,0,1,0
119.45,29.9824,0,1,0
119.5,29.9824,0,1,0
119.55,29.9824,0,1,0
119.6,29.9824,0,1,0
119.65,29.9824,0,1,0
119.7,29.9824,0,1,0
119.75,29.9824,0,1,0
119.8,29.9824,0,1,0
119.85,29.9824,0,1,0
119.9,29.9824,0,1,0
119.95,29.9824,0,1,0
120,29.9824,0,1,0
120.05,29.9824,0,1,0
120.1,29.9824,0,1,0
120.15,29.9824,0,1,0
120.2,29.9824,0,1,0
120.25,29.9824,0,1,0
120.3,29.9824,0,1,0
120.35,29.9824,0,1,0
120.4,29.9824,0,1,0
120.45,29.9824,0,1,0
120.5,29.9824,0,1,0
120.55,29.9824,0,1,0
120.6,29.9824,0,1,0
120.65,29.9824,0,1,0
120.7,29.9824,0,1,0
120.75,29.9824,0,1,0
120.8,29.9824,0,1,0
120.85,29.9824,0,1,0
120.9,29.9824,0,1,0
120.95,29.9824,0,1,0
121,29.9824,0,1,0
121.05,29.9824,0,1,0
121.1,29.9824,0,1,0
121.15,29.9824,0,1,0
121.2,29.9824,0,1,0
121.25,29.9824,0,1,0
121.3,29.9824,0,1,0
121.35,29.9824,0,1,0
121.4,29.9824,0,1,0
121.45,29.9824,0,1,0
121.5,29.9824,0,1,0
121.55,29.9824,0,1,0
121.6,29.9824,0,1,0
121.65,29.9824,0,1,0
121.7,29.9824,0,1,0
121.75,29.9824,0,1,0
121.8,29.9824,0,1,0
121.85,29.9824,0,1,0
121.9,29.9824,0,1,0
121.95,29.9824,0,1,0
122,29.9824,0,1,0
122.05,29.9824,0,1,0
122.1,29.9824,0,1,0
122.15,29.9824,0,1,0
122.2,29.9824,0,1,0
122.25,29.9824,0,1,0
122.3,29.9824,0,1,0
122.35,29.9824,0,1,0
122.4,29.9824,0,1,0
122.45,29.9824,0,1,0
122.5,29.9824,0,1,0
122.55,29.9824,0,1,0
122.6,29.9824,0,1,0
122.65,29.9824,0,1,0
122.7,29.9824,0,1,0
122.75,29.9824,0,1,0
122.8,29.9824,0,1,0
122.85,29.9824,0,1,0
122.9,29.9824,0,1,0
122.95,29.9824,0,1,0
123,29.9824,0,1,0
123.05,29.9824,0,1,0
123.1,29.9824,0,1,0
123.15,29.9824,0,1,0
123.2,29.9824,0,1,0
123.25,29.9824,0,1,0
123.3,29.9824,0,1,0
123.35,29.9824,0,1,0
123.4,29.9824,0,1,0
123.45,29.9824,0,1,0
123.5,29.9824,0,1,0
123.55,29.9824,0,1,0
123.6,29.9824,0,1,0
123.65,29.9824,0,1,0
123.7,29.9824,0,1,0
123.75,29.9824,0,1,0
123.8,29.9824,0,1,0
123.85,29.9824,0,1,0
123.9,29.9824,0,1,0
123.95,29.9824,0,1,0
124,29.9824,0,1,0
124.05,29.9824,0,1,0
124.1,29.9824,0,1,0
124.15,29.9824,0,1,0
124.2,29.9824,0,1,0
124.25,29.9824,0,1,0
124.3,29.9824,0,1,0
124.35,29.9824,0,1,0
124.4,29.9824,0,1,0
124.45,29.9824,0,1,0
124.5,29.9824,0,1,0
124.55,29.9824,0,1,0
124.6,29.9824,0,1,0
124.65,29.9824,0,1,0
124.7,29.9824,0,1,0
124.75,29.9824,0,1,0
124.8,29.9824,0,1,0
124.85,29.9824,0,1,0
124.9,29.9824,0,1,0
124.95,29.9824,0,1,0
125,29.9824,0,1,0
125.05,29.9824,0,1,0
125.1,29.9824,0,1,0
125.15,29.9824,0,1,0
125.2,29.9824,0,1,0
125.25,29.9824,0,1,0
125.3,29.9824,0,1,0
125.35,29.9824,0,1,0
125.4,29.9824,0,1,0
125.45,29.9824,0,1,0
125.5,29.9824,0,1,0
125.55,29.9824,0,1,0
125.6,29.9824,0,1,0
125.65,29.9824,0,1,0
125.7,29.9824,0,1,0
125.75,29.9824,0,1,0
125.8,29.9824,0,1,0
125.85,29.9824,0,1,0
125.9,29.9824,0,1,0
125.95,29.9824,0,1,0
126,29.9824,0,1,0
126.05,29.9824,0,1,0
126.1,29.9824,0,1,0
126.15,29.9824,0,1,0
126.2,29.9824,0,1,0
126.25,29.9824,0,1,0
126.3,29.9824,0,1,0
126.35,29.9824,0,1,0
126.4,29.9824,0,1,0
126.45,29.9824,0,1,0
126.5,29.9824,0,1,0
126.55,29.9824,0,1,0
126.6,29.9824,0,1,0
126.65,29.9824,0,1,0
126.7,29.9824,0,1,0
126.75,29.9824,0,1,0
126.8,29.9824,0,1,0
126.85,29.9824,0,1,0
126.9,29.9824,0,1,0
126.95,29.9824,0,1,0
127,29.9824,0,1,0
127.05,29.9824,0,1,0
127.1,29.9824,0,1,0
127.15,29.9824,0,1,0
127.2,29.9824,0,1,0
127.25,29.9824,0,1,0
127.3,29.9824,0,1,0
127.35,29.9824,0,1,0
127.4,29.9824,0,1,0
127.45,29.9824,0,1,0
127.5,29.9824,0,1,0
127.55,29.9824,0,1,0
127.6,29.9824,0,1,0
127.65,29.9824,0,1,0
127.7,29.9824,0,1,0
127.75,29.9824,0,1,0
127.8,29.9824,0,1,0
127.85,29.9824,0,1,0
127.9,29.9824,0,1,0
127.95,29.9824,0,1,0
128,29.9824,0,1,0
128.05,29.9824,0,1,0
128.1,29.9824,0,1,0
128.15,29.9824,0,1,0
128.2,29.9824,0,1,0
128.25,29.9824,0,1,0
128.3,29.9824,0,1,0
128.35,29.9824,0,1,0
128.4,29.9824,0,1,0
128.45,29.9824,0,1,0
128.5,29.9824,0,1,0
128.55,29.9824,0,1,0
128.6,29.9824,0,1,0
128.65,29.9824,0,1,0
128.7,29.9824,0,1,0
128.75,29.9824,0,1,0
128.8,29.9824,0,1,0
128.85,29.9824,0,1,0
128.9,29.9824,0,1,0
128.95,29.9824,0,1,0
129,29.9824,0,1,0
129.05,29.9824,0,1,0
129.1,29.9824,0,1,0
129.15,29.9824,0,1,0
129.2,29.9824,0,1,0
129.25,29.9824,0,1,0
129.3,29.9824,0,1,0
129.35,29.9824,0,1,0
129.4,29.9824,0,1,0
129.45,29.9824,0,1,0
129.5,29.9824,0,1,0
129.55,29.9824,0,1,0
129.6,29.9824,0,1,0
129.65,29.9824,0,1,0
129.7,29.9824,0,1,0
129.75,29.9824,0,1,0
129.8,29.9824,0,1,0
129.85,29.9824,0,1,0
129.9,29.9824,0,1,0
129.95,29.9824,0,1,0
130,29.9824,0,1,0
130.05,29.9824,0,1,0
130.1,29.9824,0,1,0
130.15,29.9824,0,1,0
130.2,29.9824,0,1,0
130.25,29.9824,0,1,0
130.3,29.9824,0,1,0
130.35,29.9824,0,1,0
130.4,29.9824,0,1,0
130.45,29.9824,0,1,0
130.5,29.9824,0,1,0
130.55,29.9824,0,1,0
130.6,29.9824,0,1,0
130.65,29.9824,0,1,0
130.7,29.9824,0,1,0
130.75,29.9824,0,1,0
130.8,29.9824,0,1,0
130.85,29.9824,0,1,0
130.9,29.9824,0,1,0
130.95,29.9824,0,1,0
131,29.9824,0,1,0
131.05,29.9824,0,1,0
131.1,29.9824,0,1,0
131.15,29.9824,0,1,0
131.2,29.9824,0,1,0
131.25,29.9824,0,1,0
131.3,29.9824,0,1,0
131.35,29.9824,0,1,0
131.4,29.9824,0,1,0
131.45,29.9824,0,1,0
131.5,29.9824,0,1,0
131.55,29.9824,0,1,0
131.6,29.9824,0,1,0
131.65,29.9824,0,1,0
131.7,29.9824,0,1,0
131.75,29.9824,0,1,0
131.8,29.9824,0,1,0
131.85,29.9824,0,1,0
131.9,29.9824,0,1,0
131.95,29.9824,0,1,0
132,29.9824,0,1,0
132.05,29.9824,0,1,0
132.1,29.9824,0,1,0
132.15,29.9824,0,1,0
132.2,29.9824,0,1,0
132.25,29.9824,0,1,0
132.3,29.9824,0,1,0
132.35,29.9824,0,1,0
132.4,29.9824,0,1,0
132.45,29.9824,0,1,0
132.5,29.9824,0,1,0
132.55,29.9824,0,1,0
132.6,29.9824,0,1,0
132.65,29.9824,0,1,0
132.7,29.9824,0,1,0
132.75,29.9824,0,1,0
132.8,29.9824,0,1,0
132.85,29.9824,0,1,0
132.9,29.9824,0,1,0
132.95,29.9824,0,1,0
133,29.9824,0,1,0
133.05,29.9824,0,1,0
133.1,29.9824,0,1,0
133.15,29.9824,0,1,0
133.2,29.9824,0,1,0
133.25,29.9824,0,1,0
133.3,29.9824,0,1,0
133.35,29.9824,0,1,0
133.4,29.9824,0,1,0
133.45,29.9824,0,1,0
133.5,29.9824,0,1,0
133.55,29.9824,0,1,0
133.6,29.9824,0,1,0
133.65,29.9824,0,1,0
133.7,29.9824,0,1,0
133.75,29.9824,0,1,0
133.8,29.9824,0,1,0
133.85,29.9824,0,1,0
133.9,29.9824,0,1,0
133.95,29.9824,0,1,0
134,29.9824,0,1,0
134.05,29.9824,0,1,0
134.1,29.9824,0,1,0
134.15,29.9824,0,1,0
134.2,29.9824,0,1,0
134.25,29.9824,0,1,0
134.3,29.9824,0,1,0
134.35,29.9824,0,1,0
134.4,29.9824,0,1,0
134.45,29.9824,0,1,0
134.5,29.9824,0,1,0
134.55,29.9824,0,1,0
134.6,29.9824,0,1,0
134.65,29.9824,0,1,0
134.7,29.9824,0,1,0
134.75,29.9824,0,1,0
134.8,29.9824,0,1,0
134.85,29.9824,0,1,0
134.9,29.9824,0,1,0
134.95,29.9824,0,1,0
135,29.9824,0,1,0
135.05,29.9824,0,1,0
135.1,29.9824,0,1,0
135.15,29.9824,0,1,0
135.2,29.9824,0,1,0
135.25,29.9824,0,1,0
135.3,29.9824,0,1,0
135.35,29.9824,0,1,0
135.4,29.9824,0,1,0
135.45,29.9824,0,1,0
135.5,29.9824,0,1,0
135.55,29.9824,0,1,0
135.6,29.9824,0,1,0
135.65,29.9824,0,1,0
135.7,29.9824,0,1,0
135.75,29.9824,0,1,0
135.8,29.9824,0,1,0
135.85,29.9824,0,1,0
135.9,29.9824,0,1,0
135.95,29.9824,0,1,0
136,29.9824,0,1,0
136.05,29.9824,0,1,0
136.1,29.9824,0,1,0
136.15,29.9824,0,1,0
136.2,29.9824,0,1,0
136.25,29.9824,0,1,0
136.3,29.9824,0,1,0
136.35,29.9824,0,1,0
136.4,29.9824,0,1,0
136.45,29.9824,0,1,0
136.5,29.9824,0,1,0
136.55,29.9824,0,1,0
136.6,29.9824,0,1,0
136.65,29.9824,0,1,0
136.7,29.9824,0,1,0
136.75,29.9824,0,1,0
136.8,29.9824,0,1,0
136.85,29.9824,0,1,0
136.9,29.9824,0,1,0
136.95,29.9824,0,1,0
137,29.9824,0,1,0
137.05,29.9824,0,1,0
137.1,29.9824,0,1,0
137.15,29.9824,0,1,0
137.2,29.9824,0,1,0
137.25,29.9824,0,1,0
137.3,29.9824,0,1,0
137.35,29.9824,0,1,0
137.4,29.9824,0,1,0
137.45,29.9824,0,1,0
137.5,29.9824,0,1,0
137.55,29.9824,0,1,0
137.6,29.9824,0,1,0
137.65,29.9824,0,1,0
137.7,29.9824,0,1,0
137.75,29.9824,0,1,0
137.8,29.9824,0,1,0
137.85,29.9824,0,1,0
137.9,29.9824,0,1,0
137.95,29.9824,0,1,0
138,29.9824,0,1,0
138.05,29.9824,0,1,0
138.1,29.9824,0,1,0
138.15,29.9824,0,1,0
138.2,29.9824,0,1,0
138.25,29.9824,0,1,0
138.3,29.9824,0,1,0
138.35,29.9824,0,1,0
138.4,29.9824,0,1,0
138.45,29.9824,0,1,0
138.5,29.9824,0,1,0
138.55,29.9824,0,1,0
138.6,29.9824,0,1,0
138.65,29.9824,0,1,0
138.7,29.9824,0,1,0
138.75,29.9824,0,1,0
138.8,29.9824,0,1,0
138.85,29.9824,0,1,0
138.9,29.9824,0,1,0
138.95,29.9824,0,1,0
139,29.9824,0,1,0
139.05,29.9824,0,1,0
139.1,29.9824,0,1,0
139.15,29.9824,0,1,0
139.2,29.9824,0,1,0
139.25,29.9824,0,1,0
139.3,29.9824,0,1,0
139.35,29.9824,0,1,0
139.4,29.9824,0,1,0
139.45,29.9824,0,1,0
139.5,29.9824,0,1,0
139.55,29.9824,0,1,0
139.6,29.9824,0,1,0
139.65,29.9824,0,1,0
139.7,29.9824,0,1,0
139.75,29.9824,0,1,0
139.8,29.9824,0,1,0
139.85,29.9824,0,1,0
139.9,29.9824,0,1,0
139.95,29.9824,0,1,0
140,29.9824,0,1,0
140.05,29.9824,0,1,0
140.1,29.9824,0,1,0
140.15,29.9824,0,1,0
140.2,29.9824,0,1,0
140.25,29.9824,0,1,0
140.3,29.9824,0,1,0
140.35,29.9824,0,1,0
140.4,29.9824,0,1,0
140.45,29.9824,0,1,0
140.5,29.9824,0,1,0
140.55,29.9824,0,1,0
140.6,29.9824,0,1,0
140.65,29.9824,0,1,0
140.7,29.9824,0,1,0
140.75,29.9824,0,1,0
140.8,29.9824,0,1,0
140.85,29.9824,0,1,0
140.9,29.9824,0,1,0
140.95,29.9824,0,1,0
141,29.9824,0,1,0
141.05,29.9824,0,1,0
141.1,29.9824,0,1,0
141.15,29.9824,0,1,0
141.2,29.9824,0,1,0
141.25,29.9824,0,1,0
141.3,29.9824,0,1,0
141.35,29.9824,0,1,0
141.4,29.9824,0,1,0
141.45,29.9824,0,1,0
141.5,29.9824,0,1,0
141.55,29.9824,0,1,0
141.6,29.9824,0,1,0
141.65,29.9824,0,1,0
141.7,29.9824,0,1,0
141.75,29.9824,0,1,0
141.8,29.9824,0,1,0
141.85,29.9824,0,1,0
141.9,29.9824,0,1,0
141.95,29.9824,0,1,0
142,29.9824,0,1,0
142.05,29.9824,0,1,0
142.1,29.9824,0,1,0
142.15,29.9824,0,1,0
142.2,29.9824,0,1,0
142.25,29.9824,0,1,0
142.3,29.9824,0,1,0
142.35,29.9824,0,1,0
142.4,29.9824,0,1,0
142.45,29.9824,0,1,0
142.5,29.9824,0,1,0
142.55,29.9824,0,1,0
142.6,29.9824,0,1,0
142.65,29.9824,0,1,0
142.7,29.9824,0,1,0
142.75,29.9824,0,1,0
142.8,29.9824,0,1,0
142.85,29.9824,0,1,0
142.9,29.9824,0,1,0
142.95,29.9824,0,1,0
143,29.9824,0,1,0
143.05,29.9824,0,1,0
143.1,29.9824,0,1,0
143.15,29.9824,0,1,0
143.2,29.9824,0,1,0
143.25,29.9824,0,1,0
143.3,29.9824,0,1,0
143.35,29.9824,0,1,0
143.4,29.9824,0,1,0
143.45,29.9824,0,1,0
143.5,29.9824,0,1,0
143.55,29.9824,0,1,0
143.6,29.9824,0,1,0
143.65,29.9824,0,1,0
143.7,29.9824,0,1,0
143.75,29.9824,0,1,0
143.8,29.9824,0,1,0
143.85,29.9824,0,1,0
143.9,29.9824,0,1,0
143.95,29.9824,0,1,0
144,29.9824,0,1,0
144.05,29.9824,0,1,0
144.1,29.9824,0,1,0
144.15,29.9824,0,1,0
144.2,29.9824,0,1,0
144.25,29.9824,0,1,0
144.3,29.9824,0,1,0
144.35,29.9824,0,1,0
144.4,29.9824,0,1,0
144.45,29.9824,0,1,0
144.5,29.9824,0,1,0
144.55,29.9824,0,1,0
144.6,29.9824,0,1,0
144.65,29.9824,0,1,0
144.7,29.9824,0,1,0
144.75,29.9824,0,1,0
144.8,29.9824,0,1,0
144.85,29.9824,0,1,0
144.9,29.9824,0,1,0
144.95,29.9824,0,1,0
145,29.9824,0,1,0
145.05,29.9824,0,1,0
145.1,29.9824,0,1,0
145.15,29.9824,0,1,0
145.2,29.9824,0,1,0
145.25,29.9824,0,1,0
145.3,29.9824,0,1,0
145.35,29.9824,0,1,0
145.4,29.9824,0,1,0
145.45,29.9824,0,1,0
145.5,29.9824,0,1,0
145.55,29.9824,0,1,0
145.6,29.9824,0,1,0
145.65,29.9824,0,1,0
145.7,29.9824,0,1,0
145.75,29.9824,0,1,0
145.8,29.9824,0,1,0
145.85,29.9824,0,1,0
145.9,29.9824,0,1,0
145.95,29.9824,0,1,0
146,29.9824,0,1,0
146.05,29.9824,0,1,0
146.1,29.9824,0,1,0
146.15,29.9824,0,1,0
146.2,29.9824,0,1,0
146.25,29.9824,0,1,0
146.3,29.9824,0,1,0
146.35,29.9824,0,1,0
146.4,29.9824,0,1,0
146.45,29.9824,0,1,0
146.5,29.9824,0,1,0
146.55,29.9824,0,1,0
146.6,29.9824,0,1,0
146.65,29.9824,0,1,0
146.7,29.9824,0,1,0
146.75,29.9824,0,1,0
146.8,29.9824,0,1,0
146.85,29.9824,0,1,0
146.9,29.9824,0,1,0
146.95,29.9824,0,1,0
147,29.9824,0,1,0
147.05,29.9824,0,1,0
147.1,29.9824,0,1,0
147.15,29.9824,0,1,0
147.2,29.9824,0,1,0
147.25,29.9824,0,1,0
147.3,29.9824,0,1,0
147.35,29.9824,0,1,0
147.4,29.9824,0,1,0
147.45,29.9824,0,1,0
147.5,29.9824,0,1,0
147.55,29.9824,0,1,0
147.6,29.9824,0,1,0
147.65,29.9824,0,1,0
147.7,29.9824,0,1,0
147.75,29.9824,0,1,0
147.8,29.9824,0,1,0
147.85,29.9824,0,1,0
147.9,29.9824,0,1,0
147.95,29.9824,0,1,0
148,29.9824,0,1,0
148.05,29.9824,0,1,0
148.1,29.9824,0,1,0
148.15,29.9824,0,1,0
148.2,29.9824,0,1,0
148.25,29.9824,0,1,0
148.3,29.9824,0,1,0
148.35,29.9824,0,1,0
148.4,29.9824,0,1,0
148.45,29.9824,0,1,0
148.5,29.9824,0,1,0
148.55,29.9824,0,1,0
148.6,29.9824,0,1,0
148.65,29.9824,0,1,0
148.7,29.9824,0,1,0
148.75,29.9824,0,1,0
148.8,29.9824,0,1,0
148.85,29.9824,0,1,0
148.9,29.9824,0,1,0
148.95,29.9824,0,1,0
149,29.9824,0,1,0
149.05,29.9824,0,1,0
149.1,29.9824,0,1,0
149.15,29.9824,0,1,0
149.2,29.9824,0,1,0
149.25,29.9824,0,1,0
149.3,29.9824,0,1,0
149.35,29.9824,0,1,0
149.4,29.9824,0,1,0
149.45,29.9824,0,1,0
149.5,29.9824,0,1,0
149.55,29.9824,0,1,0
149.6,29.9824,0,1,0
149.65,29.9824,0,1,0
149.7,29.9824,0,1,0
149.75,29.9824,0,1,0
149.8,29.9824,0,1,0
149.85,29.9824,0,1,0
149.9,29.9824,0,1,0
149.95,29.9824,0,1,0
150,29.9824,0,1,0
150.05,29.9824,0,1,0
150.1,29.9824,0,1,0
150.15,29.9824,0,1,0
150.2,29.9824,0,1,0
150.25,29.9824,0,1,0
150.3,29.9824,0,1,0
150.35,29.9824,0,1,0
150.4,29.9824,0,1,0
150.45,29.9824,0,1,0
150.5,29.9824,0,1,0
150.55,29.9824,0,1,0
150.6,29.9824,0,1,0
150.65,29.9824,0,1,0
150.7,29.9824,0,1,0
150.75,29.9824,0,1,0
150.8,29.9824,0,1,0
150.85,29.9824,0,1,0
150.9,29.9824,0,1,0
150.95,29.9824,0,1,0
151,29.9824,0,1,0
151.05,29.9824,0,1,0
151.1,29.9824,0,1,0
151.15,29.9824,0,1,0
151.2,29.9824,0,1,0
151.25,29.9824,0,1,0
151.3,29.9824,0,1,0
151.35,29.9824,0,1,0
151.4,29.9824,0,1,0
151.45,29.9824,0,1,0
151.5,29.9824,0,1,0
151.55,29.9824,0,1,0
151.6,29.9824,0,1,0
151.65,29.9824,0,1,0
151.7,29.9824,0,1,0
151.75,29.9824,0,1,0
151.8,29.9824,0,1,0
151.85,29.9824,0,1,0
151.9,29.9824,0,1,0
151.95,29.9824,0,1,0
152,29.9824,0,1,0
152.05,29.9824,0,1,0
152.1,29.9824,0,1,0
152.15,29.9824,0,1,0
152.2,29.9824,0,1,0
152.25,29.9824,0,1,0
152.3,29.9824,0,1,0
152.35,29.9824,0,1,0
152.4,29.9824,0,1,0
152.45,29.9824,0,1,0
152.5,29.9824,0,1,0
152.55,29.9824,0,1,0
152.6,29.9824,0,1,0
152.65,29.9824,0,1,0
152.7,29.9824,0,1,0
152.75,29.9824,0,1,0
152.8,29.9824,0,1,0
152.85,29.9824,0,1,0
152.9,29.9824,0,1,0
152.95,29.9824,0,1,0
153,29.9824,0,1,0
153.05,29.9824,0,1,0
153.1,29.9824,0,1,0
153.15,29.9824,0,1,0
153.2,29.9824,0,1,0
153.25,29.9824,0,1,0
153.3,29.9824,0,1,0
153.35,29.9824,0,1,0
153.4,29.9824,0,1,0
153.45,29.9824,0,1,0
153.5,29.9824,0,1,0
153.55,29.9824,0,1,0
153.6,29.9824,0,1,0
153.65,29.9824,0,1,0
153.7,29.9824,0,1,0
153.75,29.9824,0,1,0
153.8,29.9824,0,1,0
153.85,29.9824,0,1,0
153.9,29.9824,0,1,0
153.95,29.9824,0,1,0
154,29.9824,0,1,0
154.05,29.9824,0,1,0
154.1,29.9824,0,1,0
154.15,29.9824,0,1,0
154.2,29.9824,0,1,0
154.25,29.9824,0,1,0
154.3,29.9824,0,1,0
154.35,29.9824,0,1,0
154.4,29.9824,0,1,0
154.45,29.9824,0,1,0
154.5,29.9824,0,1,0
154.55,29.9824,0,1,0
154.6,29.9824,0,1,0
154.65,29.9824,0,1,0
154.7,29.9824,0,1,0
154.75,29.9824,0,1,0
154.8,29.9824,0,1,0
154.85,29.9824,0,1,0
154.9,29.9824,0,1,0
154.95,29.9824,0,1,0
155,29.9824,0,1,0
155.05,29.9824,0,1,0
155.1,29.9824,0,1,0
155.15,29.9824,0,1,0
155.2,29.9824,0,1,0
155.25,29.9824,0,1,0
155.3,29.9824,0,1,0
155.35,29.9824,0,1,0
155.4,29.9824,0,1,0
155.45,29.9824,0,1,0
155.5,29.9824,0,1,0
155.55,29.9824,0,1,0
155.6,29.9824,0,1,0
155.65,29.9824,0,1,0
155.7,29.9824,0,1,0
155.75,29.9824,0,1,0
155.8,29.9824,0,1,0
155.85,29.9824,0,1,0
155.9,29.9824,0,1,0
155.95,29.9824,0,1,0
156,29.9824,0,1,0
156.05,29.9824,0,1,0
156.1,29.9824,0,1,0
156.15,29.9824,0,1,0
156.2,29.9824,0,1,0
156.25,29.9824,0,1,0
156.3,29.9824,0,1,0
156.35,29.9824,0,1,0
156.4,29.9824,0,1,0
156.45,29.9824,0,1,0
156.5,29.9824,0,1,0
156.55,29.9824,0,1,0
156.6,29.9824,0,1,0
156.65,29.9824,0,1,0
156.7,29.9824,0,1,0
156.75,29.9824,0,1,0
156.8,29.9824,0,1,0
156.85,29.9824,0,1,0
156.9,29.9824,0,1,0
156.95,29.9824,0,1,0
157,29.9824,0,1,0
157.05,29.9824,0,1,0
157.1,29.9824,0,1,0
157.15,29.9824,0,1,0
157.2,29.9824,0,1,0
157.25,29.9824,0,1,0
157.3,29.9824,0,1,0
157.35,29.9824,0,1,0
157.4,29.9824,0,1,0
157.45,29.9824,0,1,0
157.5,29.9824,0,1,0
157.55,29.9824,0,1,0
157.6,29.9824,0,1,0
157.65,29.9824,0,1,0
157.7,29.9824,0,1,0
157.75,29.9824,0,1,0
157.8,29.9824,0,1,0
157.85,29.9824,0,1,0
157.9,29.9824,0,1,0
157.95,29.9824,0,1,0
158,29.9824,0,1,0
158.05,29.9824,0,1,0
158.1,29.9824,0,1,0
158.15,29.9824,0,1,0
158.2,29.9824,0,1,0
158.25,29.9824,0,1,0
158.3,29.9824,0,1,0
158.35,29.9824,0,1,0
158.4,29.9824,0,1,0
158.45,29.9824,0,1,0
158.5,29.9824,0,1,0
158.55,29.9824,0,1,0
158.6,29.9824,0,1,0
158.65,29.9824,0,1,0
158.7,29.9824,0,1,0
158.75,29.9824,0,1,0
158.8,29.9824,0,1,0
158.85,29.9824,0,1,0
158.9,29.9824,0,1,0
158.95,29.9824,0,1,0
159,29.9824,0,1,0
159.05,29.9824,0,1,0
159.1,29.9824,0,1,0
159.15,29.9824,0,1,0
159.2,29.9824,0,1,0
159.25,29.9824,0,1,0
159.3,29.9824,0,1,0
159.35,29.9824,0,1,0
159.4,29.9824,0,1,0
159.45,29.9824,0,1,0
159.5,29.9824,0,1,0
159.55,29.9824,0,1,0
159.6,29.9824,0,1,0
159.65,29.9824,0,1,0
159.7,29.9824,0,1,0
159.75,29.9824,0,1,0
159.8,29.9824,0,1,0
159.85,29.9824,0,1,0
159.9,29.9824,0,1,0
159.95,29.9824,0,1,0
160,29.9824,0,1,0
160.05,29.9824,0,1,0
160.1,29.9824,0,1,0
160.15,29.9824,0,1,0
160.2,29.9824,0,1,0
160.25,29.9824,0,1,0
160.3,29.9824,0,1,0
160.35,29.9824,0,1,0
160.4,29.9824,0,1,0
160.45,29.9824,0,1,0
160.5,29.9824,0,1,0
160.55,29.9824,0,1,0
160.6,29.9824,0,1,0
160.65,29.9824,0,1,0
160.7,29.9824,0,1,0
160.75,29.9824,0,1,0
160.8,29.9824,0,1,0
160.85,29.9824,0,1,0
160.9,29.9824,0,1,0
160.95,29.9824,0,1,0
161,29.9824,0,1,0
161.05,29.9824,0,1,0
161.1,29.9824,0,1,0
161.15,29.9824,0,1,0
161.2,29.9824,0,1,0
161.25,29.9824,0,1,0
161.3,29.9824,0,1,0
161.35,29.9824,0,1,0
161.4,29.9824,0,1,0
161.45,29.9824,0,1,0
161.5,29.9824,0,1,0
161.55,29.9824,0,1,0
161.6,29.9824,0,1,0
161.65,29.9824,0,1,0
161.7,29.9824,0,1,0
161.75,29.9824,0,1,0
161.8,29.9824,0,1,0
161.85,29.9824,0,1,0
161.9,29.9824,0,1,0
161.95,29.9824,0,1,0
162,29.9824,0,1,0
162.05,29.9824,0,1,0
162.1,29.9824,0,1,0
162.15,29.9824,0,1,0
162.2,29.9824,0,1,0
162.25,29.9824,0,1,0
162.3,29.9824,0,1,0
162.35,29.9824,0,1,0
162.4,29.9824,0,1,0
162.45,29.9824,0,1,0
162.5,29.9824,0,1,0
162.55,29.9824,0,1,0
162.6,29.9824,0,1,0
162.65,29.9824,0,1,0
162.7,29.9824,0,1,0
162.75,29.9824,0,1,0
162.8,29.9824,0,1,0
162.85,29.9824,0,1,0
162.9,29.9824,0,1,0
162.95,29.9824,0,1,0
163,29.9824,0,1,0
163.05,29.9824,0,1,0
163.1,29.9824,0,1,0
163.15,29.9824,0,1,0
163.2,29.9824,0,1,0
163.25,29.9824,0,1,0
163.3,29.9824,0,1,0
163.35,29.9824,0,1,0
163.4,29.9824,0,1,0
163.45,29.9824,0,1,0
163.5,29.9824,0,1,0
163.55,29.9824,0,1,0
163.6,29.9824,0,1,0
163.65,29.9824,0,1,0
163.7,29.9824,0,1,0
163.75,29.9824,0,1,0
163.8,29.9824,0,1,0
163.85,29.9824,0,1,0
163.9,29.9824,0,1,0
163.95,29.9824,0,1,0
164,29.9824,0,1,0
164.05,29.9824,0,1,0
164.1,29.9824,0,1,0
164.15,29.9824,0,1,0
164.2,29.9824,0,1,0
164.25,29.9824,0,1,0
164.3,29.9824,0,1,0
164.35,29.9824,0,1,0
164.4,29.9824,0,1,0
164.45,29.9824,0,1,0
164.5,29.9824,0,1,0
164.55,29.9824,0,1,0
164.6,29.9824,0,1,0
164.65,29.9824,0,1,0
164.7,29.9824,0,1,0
164.75,29.9824,0,1,0
164.8,29.9824,0,1,0
164.85,29.9824,0,1,0
164.9,29.9824,0,1,0
164.95,29.9824,0,1,0
165,29.9824,0,1,0
165.05,29.9824,0,1,0
165.1,29.9824,0,1,0
165.15,29.9824,0,1,0
165.2,29.9824,0,1,0
165.25,29.9824,0,1,0
165.3,29.9824,0,1,0
165.35,29.9824,0,1,0
165.4,29.9824,0,1,0
165.45,29.9824,0,1,0
165.5,29.9824,0,1,0
165.55,29.9824,0,1,0
165.6,29.9824,0,1,0
165.65,29.9824,0,1,0
165.7,29.9824,0,1,0
165.75,29.9824,0,1,0
165.8,29.9824,0,1,0
165.85,29.9824,0,1,0
165.9,29.9824,0,1,0
165.95,29.9824,0,1,0
166,29.9824,0,1,0
166.05,29.9824,0,1,0
166.1,29.9824,0,1,0
166.15,29.9824,0,1,0
166.2,29.9824,0,1,0
166.25,29.9824,0,1,0
166.3,29.9824,0,1,0
166.35,29.9824,0,1,0
166.4,29.9824,0,1,0
166.45,29.9824,0,1,0
166.5,29.9824,0,1,0
166.55,29.9824,0,1,0
166.6,29.9824,0,1,0
166.65,29.9824,0,1,0
166.7,29.9824,0,1,0
166.75,29.9824,0,1,0
166.8,29.9824,0,1,0
166.85,29.9824,0,1,0
166.9,29.9824,0,1,0
166.95,29.9824,0,1,0
167,29.9824,0,1,0
167.05,29.9824,0,1,0
167.1,29.9824,0,1,0
167.15,29.9824,0,1,0
167.2,29.9824,0,1,0
167.25,29.9824,0,1,0
167.3,29.9824,0,1,0
167.35,29.9824,0,1,0
167.4,29.9824,0,1,0
167.45,29.9824,0,1,0
167.5,29.9824,0,1,0
167.55,29.9824,0,1,0
167.6,29.9824,0,1,0
167.65,29.9824,0,1,0
167.7,29.9824,0,1,0
167.75,29.9824,0,1,0
167.8,29.9824,0,1,0
167.85,29.9824,0,1,0
167.9,29.9824,0,1,0
167.95,29.9824,0,1,0
168,29.9824,0,1,0
168.05,29.9824,0,1,0
168.1,29.9824,0,1,0
168.15,29.9824,0,1,0
168.2,29.9824,0,1,0
168.25,29.9824,0,1,0
168.3,29.9824,0,1,0
168.35,29.9824,0,1,0
168.4,29.9824,0,1,0
168.45,29.9824,0,1,0
168.5,29.9824,0,1,0
168.55,29.9824,0,1,0
168.6,29.9824,0,1,0
168.65,29.9824,0,1,0
168.7,29.9824,0,1,0
168.75,29.9824,0,1,0
168.8,29.9824,0,1,0
168.85,29.9824,0,1,0
168.9,29.9824,0,1,0
168.95,29.9824,0,1,0
169,29.9824,0,1,0
169.05,29.9824,0,1,0
169.1,29.9824,0,1,0
169.15,29.9824,0,1,0
169.2,29.9824,0,1,0
169.25,29.9824,0,1,0
169.3,29.9824,0,1,0
169.35,29.9824,0,1,0
169.4,29.9824,0,1,0
169.45,29.9824,0,1,0
169.5,29.9824,0,1,0
169.55,29.9824,0,1,0
169.6,29.9824,0,1,0
169.65,29.9824,0,1,0
169.7,29.9824,0,1,0
169.75,29.9824,0,1,0
169.8,29.9824,0,1,0
169.85,29.9824,0,1,0
169.9,29.9824,0,1,0
169.95,29.9824,0,1,0
170,29.9824,0,1,0
170.05,29.9824,0,1,0
170.1,29.9824,0,1,0
170.15,29.9824,0,1,0
170.2,29.9824,0,1,0
170.25,29.9824,0,1,0
170.3,29.9824,0,1,0
170.35,29.9824,0,1,0
170.4,29.9824,0,1,0
170.45,29.9824,0,1,0
170.5,29.9824,0,1,0
170.55,29.9824,0,1,0
170.6,29.9824,0,1,0
170.65,29.9824,0,1,0
170.7,29.9824,0,1,0
170.75,29.9824,0,1,0
170.8,29.9824,0,1,0
170.85,29.9824,0,1,0
170.9,29.9824,0,1,0
170.95,29.9824,0,1,0
171,29.9824,0,1,0
171.05,29.9824,0,1,0
171.1,29.9824,0,1,0
171.15,29.9824,0,1,0
171.2,29.9824,0,1,0
171.25,29.9824,0,1,0
171.3,29.9824,0,1,0
171.35,29.9824,0,1,0
171.4,29.9824,0,1,0
171.45,29.9824,0,1,0
171.5,29.9824,0,1,0
171.55,29.9824,0,1,0
171.6,29.9824,0,1,0
171.65,29.9824,0,1,0
171.7,29.9824,0,1,0
171.75,29.9824,0,1,0
171.8,29.9824,0,1,0
171.85,29.9824,0,1,0
171.9,29.9824,0,1,0
171.95,29.9824,0,1,0
172,29.9824,0,1,0
172.05,29.9824,0,1,0
172.1,29.9824,0,1,0
172.15,29.9824,0,1,0
172.2,29.9824,0,1,0
172.25,29.9824,0,1,0
172.3,29.9824,0,1,0
172.35,29.9824,0,1,0
172.4,29.9824,0,1,0
172.45,29.9824,0,1,0
172.5,29.9824,0,1,0
172.55,29.9824,0,1,0
172.6,29.9824,0,1,0
172.65,29.9824,0,1,0
172.7,29.9824,0,1,0
172.75,29.9824,0,1,0
172.8,29.9824,0,1,0
172.85,29.9824,0,1,0
172.9,29.9824,0,1,0
172.95,29.9824,0,1,0
173,29.9824,0,1,0
173.05,29.9824,0,1,0
173.1,29.9824,0,1,0
173.15,29.9824,0,1,0
173.2,29.9824,0,1,0
173.25,29.9824,0,1,0
173.3,29.9824,0,1,0
173.35,29.9824,0,1,0
173.4,29.9824,0,1,0
173.45,29.9824,0,1,0
173.5,29.9824,0,1,0
173.55,29.9824,0,1,0
173.6,29.9824,0,1,0
173.65,29.9824,0,1,0
173.7,29.9824,0,1,0
173.75,29.9824,0,1,0
173.8,29.9824,0,1,0
173.85,29.9824,0,1,0
173.9,29.9824,0,1,0
173.95,29.9824,0,1,0
174,29.9824,0,1,0
174.05,29.9824,0,1,0
174.1,29.9824,0,1,0
174.15,29.9824,0,1,0
174.2,29.9824,0,1,0
174.25,29.9824,0,1,0
174.3,29.9824,0,1,0
174.35,29.9824,0,1,0
174.4,29.9824,0,1,0
174.45,29.9824,0,1,0
174.5,29.9824,0,1,0
174.55,29.9824,0,1,0
174.6,29.9824,0,1,0
174.65,29.9824,0,1,0
174.7,29.9824,0,1,0
174.75,29.9824,0,1,0
174.8,29.9824,0,1,0
174.85,29.9824,0,1,0
174.9,29.9824,0,1,0
174.95,29.9824,0,1,0
175,29.9824,0,1,0
175.05,29.9824,0,1,0
175.1,29.9824,0,1,0
175.15,29.9824,0,1,0
175.2,29.9824,0,1,0
175.25,29.9824,0,1,0
175.3,29.9824,0,1,0
175.35,29.9824,0,1,0
175.4,29.9824,0,1,0
175.45,29.9824,0,1,0
175.5,29.9824,0,1,0
175.55,29.9824,0,1,0
175.6,29.9824,0,1,0
175.65,29.9824,0,1,0
175.7,29.9824,0,1,0
175.75,29.9824,0,1,0
175.8,29.9824,0,1,0
175.85,29.9824,0,1,0
175.9,29.9824,0,1,0
175.95,29.9824,0,1,0
176,29.9824,0,1,0
176.05,29.9824,0,1,0
176.1,29.9824,0,1,0
176.15,29.9824,0,1,0
176.2,29.9824,0,1,0
176.25,29.9824,0,1,0
176.3,29.9824,0,1,0
176.35,29.9824,0,1,0
176.4,29.9824,0,1,0
176.45,29.9824,0,1,0
176.5,29.9824,0,1,0
176.55,29.9824,0,1,0
176.6,29.9824,0,1,0
176.65,29.9824,0,1,0
176.7,29.9824,0,1,0
176.75,29.9824,0,1,0
176.8,29.9824,0,1,0
176.85,29.9824,0,1,0
176.9,29.9824,0,1,0
176.95,29.9824,0,1,0
177,29.9824,0,1,0
177.05,29.9824,0,1,0
177.1,29.9824,0,1,0
177.15,29.9824,0,1,0
177.2,29.9824,0,1,0
177.25,29.9824,0,1,0
177.3,29.9824,0,1,0
177.35,29.9824,0,1,0
177.4,29.9824,0,1,0
177.45,29.9824,0,1,0
177.5,29.9824,0,1,0
177.55,29.9824,0,1,0
177.6,29.9824,0,1,0
177.65,29.9824,0,1,0
177.7,29.9824,0,1,0
177.75,29.9824,0,1,0
177.8,29.9824,0,1,0
177.85,29.9824,0,1,0
177.9,29.9824,0,1,0
177.95,29.9824,0,1,0
178,29.9824,0,1,0
178.05,29.9824,0,1,0
178.1,29.9824,0,1,0
178.15,29.9824,0,1,0
178.2,29.9824,0,1,0
178.25,29.9824,0,1,0
178.3,29.9824,0,1,0
178.35,29.9824,0,1,0
178.4,29.9824,0,1,0
178.45,29.9824,0,1,0
178.5,29.9824,0,1,0
178.55,29.9824,0,1,0
178.6,29.9824,0,1,0
178.65,29.9824,0,1,0
178.7,29.9824,0,1,0
178.75,29.9824,0,1,0
178.8,29.9824,0,1,0
178.85,29.9824,0,1,0
178.9,29.9824,0,1,0
178.95,29.9824,0,1,0
179,29.9824,0,1,0
179.05,29.9824,0,1,0
179.1,29.9824,0,1,0
179.15,29.9824,0,1,0
179.2,29.9824,0,1,0
179.25,29.9824,0,1,0
179.3,29.9824,0,1,0
179.35,29.9824,0,1,0
179.4,29.9824,0,1,0
179.45,29.9824,0,1,0
179.5,29.9824,0,1,0
179.55,29.9824,0,1,0
179.6,29.9824,0,1,0
179.65,29.9824,0,1,0
179.7,29.9824,0,1,0
179.75,29.9824,0,1,0
179.8,29.9824,0,1,0
179.85,29.9824,0,1,0
179.9,29.9824,0,1,0
179.95,29.9824,0,1,0
180,29.9824,0,1,0
