0.05,0,4.99594,0,-1
0.1,5.96046e-09,4.91166,5.104e-08,-1
0.15,1.15474e-08,4.77198,3.24039e-08,-1
0.2,1.48439e-08,4.67389,2.51269e-08,-1
0.25,1.75774e-08,4.58889,2.30979e-08,-1
0.3,2.01372e-08,4.50514,2.18199e-08,-1
0.35,2.25337e-08,4.42256,2.05927e-08,-1
0.4,2.47766e-08,4.34108,1.94154e-08,-1
0.45,2.68753e-08,4.26063,1.82873e-08,-1
0.5,2.88382e-08,4.18115,1.72075e-08,-1
0.55,3.06737e-08,4.10257,1.61748e-08,-1
0.6,3.23892e-08,4.02484,1.51881e-08,-1
0.65,3.39921e-08,3.94791,1.42463e-08,-1
0.7,3.5489e-08,3.87172,1.3348e-08,-1
0.75,3.68863e-08,3.79623,1.24919e-08,-1
0.8,3.819e-08,3.7214,1.16767e-08,-1
0.85,3.94056e-08,3.64718,1.09009e-08,-1
0.9,4.05385e-08,3.57353,1.01632e-08,-1
0.95,4.15936e-08,3.50043,9.46216e-09,-1
1,4.25756e-08,3.42784,8.79633e-09,-1
1.05,4.34889e-08,3.35571,8.16432e-09,-1
1.1,4.43374e-08,3.28404,7.56476e-09,-1
1.15,4.51253e-08,3.21278,6.99626e-09,-1
1.2,4.58559e-08,3.14191,6.45749e-09,-1
1.25,4.65329e-08,3.07141,5.94712e-09,-1
1.3,4.71593e-08,3.00125,5.46387e-09,-1
1.35,4.77383e-08,2.93142,5.00649e-09,-1
1.4,4.82726e-08,2.86188,4.57374e-09,-1
1.45,4.8765e-08,2.79263,4.16447e-09,-1
1.5,4.92179e-08,2.72365,3.77753e-09,-1
1.55,5.05397e-08,2.65903,1.28855e-08,-1
1.6,5.62868e-08,2.6086,6.84283e-08,-1
1.65,7.31148e-08,2.57936,2.71225e-07,-1
1.7,1.13443e-07,2.57454,1.07784e-06,-1
1.75,1.92953e-07,2.59338,5.80705e-06,-1
1.8,3.18027e-07,2.63145,5.80705e-06,-1
1.85,4.46447e-07,2.6816,7.24963e-06,1
1.9,5.79004e-07,2.73524,6.23958e-06,1
1.95,7.06511e-07,2.78377,7.90109e-06,1
2,8.25924e-07,2.82521,1.32482e-05,1
2.05,9.37726e-07,2.85999,1.32482e-05,1
2.1,1.04237e-06,2.88854,1.32482e-05,1
2.15,1.1403e-06,2.91124,9.84281e-06,-1
2.2,1.2319e-06,2.92847,5.88906e-06,-1
2.25,1.31755e-06,2.94055,4.10957e-06,-1
2.3,1.39762e-06,2.94781,3.09888e-06,-1
2.35,1.47244e-06,2.95056,2.44816e-06,-1
2.4,1.54232e-06,2.94907,1.99479e-06,-1
2.45,1.60756e-06,2.94362,1.6613e-06,-1
2.5,1.66844e-06,2.93444,1.40606e-06,-1
2.55,1.72522e-06,2.92177,1.20473e-06,-1
2.6,1.77815e-06,2.90583,1.04212e-06,-1
2.65,1.82745e-06,2.88683,9.08237e-07,-1
2.7,1.87334e-06,2.86495,7.96268e-07,-1
2.75,1.91603e-06,2.84038,7.0139e-07,-1
2.8,1.95572e-06,2.81328,6.201e-07,-1
2.85,1.99257e-06,2.78381,5.49788e-07,-1
2.9,2.02677e-06,2.75212,4.88472e-07,-1
2.95,2.05847e-06,2.71835,4.34618e-07,-1
3,2.09124e-06,2.68757,4.71371e-07,-1
3.05,2.13116e-06,2.66441,6.63246e-07,-1
3.1,2.1864e-06,2.652,1.16221e-06,-1
3.15,2.21787e-06,2.65163,8.61876e-07,-1
3.2,2.23012e-06,2.66258,4.20812e-07,-1
3.25,2.22826e-06,2.68245,-4.00393e-07,-1
3.3,2.2171e-06,2.70756,-4.00393e-07,-1
3.35,2.2009e-06,2.73368,-4.00393e-07,-1
3.4,2.18331e-06,2.75665,-2.17526e-06,-1
3.45,2.16644e-06,2.77412,-1.3303e-06,-1
3.5,2.15024e-06,2.78644,-9.56119e-07,-1
3.55,2.13466e-06,2.79393,-7.45256e-07,-1
3.6,2.11968e-06,2.79688,-6.10122e-07,-1
3.65,2.10526e-06,2.79559,-5.16261e-07,-1
3.7,2.09136e-06,2.79032,-4.47369e-07,-1
3.75,2.07796e-06,2.78131,-3.94729e-07,-1
3.8,2.06502e-06,2.7688,-3.5326e-07,-1
3.85,2.05253e-06,2.75302,-3.19797e-07,-1
3.9,2.04045e-06,2.73416,-2.9227e-07,-1
3.95,2.03017e-06,2.71488,-2.54958e-07,-1
4,2.0233e-06,2.69824,-1.98843e-07,-1
4.05,2.02123e-06,2.68667,-1.12682e-07,-1
4.1,2.02496e-06,2.68165,2.23749e-08,-1
4.15,2.03502e-06,2.68356,2.33845e-07,-1
4.2,2.0513e-06,2.69167,5.48071e-07,-1
4.25,2.07304e-06,2.70432,9.47645e-07,-1
4.3,2.09885e-06,2.71926,1.30025e-06,-1
4.35,2.12685e-06,2.73401,1.40838e-06,-1
4.4,2.15507e-06,2.74627,1.24407e-06,-1
4.45,2.1806e-06,2.75428,9.16865e-07,-1
4.5,2.20415e-06,2.75773,7.03286e-07,-1
4.55,2.22583e-06,2.75691,5.56052e-07,-1
4.6,2.24575e-06,2.75207,4.48558e-07,-1
4.65,2.26403e-06,2.74347,3.66749e-07,-1
4.7,2.28026e-06,2.73237,2.98029e-07,-1
4.75,2.29384e-06,2.72065,2.3331e-07,-1
4.8,2.30428e-06,2.71019,1.66634e-07,-1
4.85,2.31129e-06,2.70254,9.24774e-08,-1
4.9,2.31478e-06,2.69872,4.98737e-09,-1
4.95,2.31484e-06,2.69909,-1.01312e-07,-1
5,2.31171e-06,2.70333,-2.28007e-07,-1
5.05,2.30576e-06,2.71053,-3.65896e-07,-1
5.1,2.29748e-06,2.71939,-4.89965e-07,-1
5.15,2.28741e-06,2.72842,-5.68839e-07,-1
5.2,2.27613e-06,2.73618,-5.88233e-07,-1
5.25,2.26417e-06,2.74157,-5.61192e-07,-1
5.3,2.25189e-06,2.74386,-5.13662e-07,-1
5.35,2.23946e-06,2.74292,-4.67887e-07,-1
5.4,2.22675e-06,2.73907,-4.37885e-07,-1
5.45,2.2133e-06,2.73311,-4.32268e-07,-1
5.5,2.19837e-06,2.7261,-4.58002e-07,-1
5.55,2.18091e-06,2.7192,-5.22932e-07,-1
5.6,2.15969e-06,2.71348,-6.36879e-07,-1
5.65,2.13341e-06,2.70976,-8.10967e-07,-1
5.7,2.11516e-06,2.7085,-6.30849e-07,-1
5.75,2.10414e-06,2.70974,-4.49369e-07,-1
5.8,2.09934e-06,2.71313,-2.68531e-07,-1
5.85,2.09964e-06,2.71801,-9.75698e-08,-1
5.9,2.10397e-06,2.72351,4.88974e-08,-1
5.95,2.11129e-06,2.72875,1.58054e-07,-1
6,2.12073e-06,2.73292,2.26742e-07,-1
6.05,2.13165e-06,2.73544,2.62995e-07,-1
6.1,2.14367e-06,2.73601,2.81089e-07,-1
6.15,2.15675e-06,2.73467,2.95866e-07,-1
6.2,2.1663e-06,2.73174,1.82614e-07,-1
6.25,2.17218e-06,2.72779,7.65016e-08,-1
6.3,2.17408e-06,2.72349,-3.27768e-08,-1
6.35,2.17158e-06,2.71955,-1.53916e-07,-1
6.4,2.16424e-06,2.71654,-2.94234e-07,-1
6.45,2.15166e-06,2.71489,-4.58992e-07,-1
6.5,2.13355e-06,2.71476,-6.49602e-07,-1
6.55,2.12198e-06,2.71609,-4.68905e-07,-1
6.6,2.11602e-06,2.71857,-2.99606e-07,-1
6.65,2.11475e-06,2.72174,-1.467e-07,-1
6.7,2.11731e-06,2.72507,-1.60515e-08,-1
6.75,2.12296e-06,2.72802,8.88183e-08,-1
6.8,2.13113e-06,2.73016,1.69008e-07,-1
6.85,2.14141e-06,2.73121,2.30223e-07,-1
6.9,2.15365e-06,2.73106,2.81016e-07,-1
6.95,2.16178e-06,2.72982,1.49799e-07,-1
7,2.16597e-06,2.72775,3.17054e-08,-1
7.05,2.16618e-06,2.72522,-8.25281e-08,-1
7.1,2.16224e-06,2.72266,-2.00797e-07,-1
7.15,2.15389e-06,2.72047,-3.29596e-07,-1
7.2,2.14087e-06,2.71896,-4.73696e-07,-1
7.25,2.13345e-06,2.71834,-3.1657e-07,-1
7.3,2.13123e-06,2.71865,-1.63679e-07,-1
7.35,2.13378e-06,2.71977,-1.57128e-08,-1
7.4,2.14067e-06,2.72148,1.24385e-07,-1
7.45,2.15143e-06,2.72348,2.52521e-07,-1
7.5,2.15682e-06,2.72543,7.57296e-08,-1
7.55,2.15762e-06,2.72704,-7.40897e-08,-1
7.6,2.1544e-06,2.72807,-2.00373e-07,-1
7.65,2.14754e-06,2.72841,-3.08874e-07,-1
7.7,2.13724e-06,2.72803,-4.06874e-07,-1
7.75,2.13065e-06,2.72705,-2.87886e-07,-1
7.8,2.12763e-06,2.72565,-1.79135e-07,-1
7.85,2.12812e-06,2.72408,-7.4712e-08,-1
7.9,2.1322e-06,2.7226,3.0374e-08,-1
7.95,2.13996e-06,2.72143,1.4003e-07,-1
8,2.15155e-06,2.72073,2.56832e-07,-1
8.05,2.15721e-06,2.72059,7.90536e-08,-1
8.1,2.1574e-06,2.72099,-9.02007e-08,-1
8.15,2.15254e-06,2.72183,-2.50994e-07,-1
8.2,2.143e-06,2.72297,-4.02138e-07,-1
8.25,2.13815e-06,2.72419,-2.53323e-07,-1
8.3,2.13736e-06,2.7253,-1.22445e-07,-1
8.35,2.14018e-06,2.72615,-7.42449e-09,-1
8.4,2.14628e-06,2.7266,9.48501e-08,-1
8.45,2.14778e-06,2.72662,-4.84157e-08,-1
8.5,2.14499e-06,2.72623,-1.78252e-07,-1
8.55,2.14589e-06,2.72552,-6.52278e-08,-1
8.6,2.14231e-06,2.72461,-1.99072e-07,-1
8.65,2.14272e-06,2.72366,-7.93607e-08,-1
8.7,2.14705e-06,2.72283,3.80063e-08,-1
8.75,2.14621e-06,2.72223,-1.18191e-07,-1
8.8,2.14039e-06,2.72195,-2.71112e-07,-1
8.85,2.13915e-06,2.722,-1.32422e-07,-1
8.9,2.14218e-06,2.72236,-9.90841e-10,-1
8.95,2.1492e-06,2.72296,1.23874e-07,-1
9,2.15094e-06,2.72368,-4.19681e-08,-1
9.05,2.1479e-06,2.72441,-1.92538e-07,-1
9.1,2.14045e-06,2.72502,-3.29888e-07,-1
9.15,2.13713e-06,2.72544,-1.98923e-07,-1
9.2,2.13755e-06,2.72561,-8.16661e-08,-1
9.25,2.14144e-06,2.72552,2.5748e-08,-1
9.3,2.14868e-06,2.72519,1.27298e-07,-1
9.35,2.15103e-06,2.7247,-2.19027e-08,-1
9.4,2.14875e-06,2.72413,-1.6207e-07,-1
9.45,2.14198e-06,2.72357,-2.97821e-07,-1
9.5,2.13958e-06,2.72312,-1.65725e-07,-1
9.55,2.14132e-06,2.72283,-4.02325e-08,-1
9.6,2.14703e-06,2.72275,8.11235e-08,-1
9.65,2.14746e-06,2.72286,-8.14809e-08,-1
9.7,2.14298e-06,2.72315,-2.34506e-07,-1
9.75,2.14282e-06,2.72355,-1.00325e-07,-1
9.8,2.14665e-06,2.72399,2.37251e-08,-1
9.85,2.14554e-06,2.72441,-1.30209e-07,-1
9.9,2.14836e-06,2.72474,-7.65536e-09,-1
9.95,2.14648e-06,2.72493,-1.53278e-07,-1
10,2.1402e-06,2.72497,-2.88136e-07,-1
10.05,2.13797e-06,2.72485,-1.62086e-07,-1
10.1,2.13954e-06,2.72461,-4.56973e-08,-1
10.15,2.14472e-06,2.72428,6.46824e-08,-1
10.2,2.15345e-06,2.72393,1.72347e-07,-1
10.25,2.15705e-06,2.72362,1.58979e-08,-1
10.3,2.15585e-06,2.72338,-1.30774e-07,-1
10.35,2.15009e-06,2.72326,-2.70992e-07,-1
10.4,2.13993e-06,2.72326,-4.07328e-07,-1
10.45,2.13437e-06,2.72337,-2.66119e-07,-1
10.5,2.13301e-06,2.72358,-1.36736e-07,-1
10.55,2.13552e-06,2.72384,-1.68389e-08,-1
10.6,2.14165e-06,2.7241,9.56275e-08,-1
10.65,2.15125e-06,2.72434,2.02616e-07,-1
10.7,2.15571e-06,2.72451,4.25628e-08,-1
10.75,2.15544e-06,2.72459,-1.03247e-07,-1
10.8,2.15077e-06,2.72457,-2.38647e-07,-1
10.85,2.14186e-06,2.72446,-3.67312e-07,-1
10.9,2.13731e-06,2.72429,-2.33268e-07,-1
10.95,2.13677e-06,2.72408,-1.09859e-07,-1
11,2.14003e-06,2.72388,6.27247e-09,-1
11.05,2.14695e-06,2.7237,1.18022e-07,-1
11.1,2.14869e-06,2.72359,-4.06922e-08,-1
11.15,2.1456e-06,2.72354,-1.89577e-07,-1
11.2,2.14671e-06,2.72357,-6.00341e-08,-1
11.25,2.14299e-06,2.72367,-2.09562e-07,-1
11.3,2.14346e-06,2.72381,-8.03819e-08,-1
11.35,2.14783e-06,2.72397,4.03161e-08,-1
11.4,2.14725e-06,2.72413,-1.12911e-07,-1
11.45,2.14205e-06,2.72425,-2.55541e-07,-1
11.5,2.141e-06,2.72433,-1.26857e-07,-1
11.55,2.14381e-06,2.72436,-7.74485e-09,-1
11.6,2.15028e-06,2.72432,1.04766e-07,-1
11.65,2.15178e-06,2.72424,-4.82897e-08,-1
11.7,2.14864e-06,2.72412,-1.90885e-07,-1
11.75,2.14105e-06,2.724,-3.26651e-07,-1
11.8,2.1378e-06,2.72388,-1.93652e-07,-1
11.85,2.13856e-06,2.72379,-7.02513e-08,-1
11.9,2.14313e-06,2.72373,4.64087e-08,-1
11.95,2.15136e-06,2.72372,1.58753e-07,-1
12,2.15441e-06,2.72376,-6.86211e-10,-1
12.05,2.15268e-06,2.72383,-1.48412e-07,-1
12.1,2.14644e-06,2.72392,-2.87472e-07,-1
12.15,2.13589e-06,2.72402,-4.20575e-07,-1
12.2,2.12975e-06,2.72411,-2.83644e-07,-1
12.25,2.12763e-06,2.72418,-1.59316e-07,-1
12.3,2.12922e-06,2.72421,-4.45818e-08,-1
12.35,2.13433e-06,2.72421,6.33016e-08,-1
12.4,2.14281e-06,2.72418,1.66868e-07,-1
12.45,2.15461e-06,2.72412,2.68476e-07,-1
12.5,2.16115e-06,2.72404,1.06186e-07,-1
12.55,2.16286e-06,2.72397,-4.24531e-08,-1
12.6,2.16006e-06,2.7239,-1.8112e-07,-1
12.65,2.15296e-06,2.72385,-3.13008e-07,-1
12.7,2.1417e-06,2.72383,-4.40894e-07,-1
12.75,2.13504e-06,2.72384,-2.99159e-07,-1
12.8,2.13258e-06,2.72387,-1.69975e-07,-1
12.85,2.13399e-06,2.72392,-5.03862e-08,-1
12.9,2.13906e-06,2.72398,6.21904e-08,-1
12.95,2.14764e-06,2.72404,1.70068e-07,-1
13,2.15101e-06,2.72409,9.29862e-09,-1
13.05,2.14958e-06,2.72412,-1.38963e-07,-1
13.1,2.14361e-06,2.72413,-2.78185e-07,-1
13.15,2.1419e-06,2.72412,-1.46995e-07,-1
13.2,2.14414e-06,2.72409,-2.52198e-08,-1
13.25,2.15014e-06,2.72405,9.00484e-08,-1
13.3,2.15114e-06,2.72401,-6.36805e-08,-1
13.35,2.14747e-06,2.72396,-2.073e-07,-1
13.4,2.13935e-06,2.72393,-3.44105e-07,-1
13.45,2.13557e-06,2.7239,-2.10258e-07,-1
13.5,2.1358e-06,2.7239,-8.68256e-08,-1
13.55,2.1398e-06,2.72391,2.90008e-08,-1
13.6,2.14739e-06,2.72393,1.39682e-07,-1
13.65,2.14983e-06,2.72397,-1.97141e-08,-1
13.7,2.14746e-06,2.724,-1.67461e-07,-1
13.75,2.14057e-06,2.72404,-3.06847e-07,-1
13.8,2.13795e-06,2.72406,-1.74941e-07,-1
13.85,2.13929e-06,2.72408,-5.30868e-08,-1
13.9,2.14435e-06,2.72408,6.15577e-08,-1
13.95,2.15299e-06,2.72407,1.71561e-07,-1
14,2.15653e-06,2.72405,1.4118e-08,-1
14.05,2.15534e-06,2.72402,-1.31373e-07,-1
14.1,2.14969e-06,2.72399,-2.68356e-07,-1
14.15,2.13976e-06,2.72397,-3.99891e-07,-1
14.2,2.13429e-06,2.72395,-2.6241e-07,-1
14.25,2.1329e-06,2.72394,-1.36578e-07,-1
14.3,2.13532e-06,2.72394,-1.94287e-08,-1
14.35,2.14135e-06,2.72395,9.16385e-08,-1
14.4,2.15088e-06,2.72397,1.98933e-07,-1
14.45,2.15518e-06,2.72399,3.79086e-08,-1
14.5,2.15468e-06,2.72401,-1.10372e-07,-1
14.55,2.14966e-06,2.72403,-2.49321e-07,-1
14.6,2.14033e-06,2.72404,-3.81997e-07,-1
14.65,2.13541e-06,2.72405,-2.45518e-07,-1
14.7,2.13455e-06,2.72405,-1.20534e-07,-1
14.75,2.13747e-06,2.72404,-4.04428e-09,-1
14.8,2.14399e-06,2.72402,1.0662e-07,-1
14.85,2.15401e-06,2.72401,2.13861e-07,-1
14.9,2.15885e-06,2.72399,5.39692e-08,-1
14.95,2.15891e-06,2.72398,-9.31565e-08,-1
15,2.15449e-06,2.72397,-2.3097e-07,-1
15.05,2.14579e-06,2.72396,-3.6252e-07,-1
15.1,2.13291e-06,2.72397,-4.90532e-07,-1
15.15,2.12456e-06,2.72397,-3.50931e-07,-1
15.2,2.1203e-06,2.72399,-2.24834e-07,-1
15.25,2.11978e-06,2.724,-1.09162e-07,-1
15.3,2.12277e-06,2.72401,-1.21456e-09,-1
15.35,2.1291e-06,2.72402,1.01413e-07,-1
15.4,2.13868e-06,2.72403,2.00891e-07,-1
15.45,2.15146e-06,2.72403,2.99211e-07,-1
15.5,2.15884e-06,2.72403,1.32497e-07,-1
15.55,2.1613e-06,2.72402,-1.94964e-08,-1
15.6,2.15917e-06,2.72401,-1.60449e-07,-1
15.65,2.15271e-06,2.724,-2.93614e-07,-1
15.7,2.14208e-06,2.72399,-4.21896e-07,-1
15.75,2.13598e-06,2.72398,-2.8177e-07,-1
15.8,2.13403e-06,2.72398,-1.5389e-07,-1
15.85,2.13594e-06,2.72398,-3.5201e-08,-1
15.9,2.1415e-06,2.72398,7.69884e-08,-1
15.95,2.15058e-06,2.72399,1.85076e-07,-1
16,2.15446e-06,2.72399,2.49268e-08,-1
16.05,2.15355e-06,2.724,-1.22829e-07,-1
16.1,2.14813e-06,2.72401,-2.61603e-07,-1
16.15,2.13839e-06,2.72401,-3.94438e-07,-1
16.2,2.13306e-06,2.72402,-2.58141e-07,-1
16.25,2.13177e-06,2.72402,-1.33506e-07,-1
16.3,2.13425e-06,2.72401,-1.7554e-08,-1
16.35,2.1403e-06,2.72401,9.23569e-08,-1
16.4,2.14982e-06,2.724,1.98596e-07,-1
16.45,2.15411e-06,2.724,3.73127e-08,-1
16.5,2.15357e-06,2.72399,-1.11354e-07,-1
16.55,2.14849e-06,2.72399,-2.50869e-07,-1
16.6,2.13908e-06,2.72399,-3.84306e-07,-1
16.65,2.13407e-06,2.72399,-2.48185e-07,-1
16.7,2.13311e-06,2.72399,-1.23493e-07,-1
16.75,2.13592e-06,2.72399,-7.29005e-09,-1
16.8,2.14232e-06,2.724,1.03027e-07,-1
16.85,2.15221e-06,2.724,2.09796e-07,-1
16.9,2.15688e-06,2.72401,4.90598e-08,-1
16.95,2.15675e-06,2.72401,-9.88175e-08,-1
17,2.15212e-06,2.72401,-2.37296e-07,-1
17.05,2.14319e-06,2.72401,-3.69457e-07,-1
17.1,2.13872e-06,2.72401,-2.32118e-07,-1
17.15,2.13833e-06,2.724,-1.06009e-07,-1
17.2,2.14177e-06,2.724,1.18489e-08,-1
17.25,2.14887e-06,2.724,1.24096e-07,-1
17.3,2.15087e-06,2.72399,-3.30011e-08,-1
17.35,2.14813e-06,2.72399,-1.78994e-07,-1
17.4,2.14089e-06,2.72399,-3.17195e-07,-1
17.45,2.13796e-06,2.72399,-1.84375e-07,-1
17.5,2.13902e-06,2.72399,-6.16396e-08,-1
17.55,2.14382e-06,2.724,5.38368e-08,-1
17.6,2.15224e-06,2.724,1.64574e-07,-1
17.65,2.15554e-06,2.724,6.73358e-09,-1
17.7,2.15409e-06,2.724,-1.39198e-07,-1
17.75,2.14819e-06,2.72401,-2.76586e-07,-1
17.8,2.13798e-06,2.72401,-4.08435e-07,-1
17.85,2.13222e-06,2.72401,-2.71451e-07,-1
17.9,2.13051e-06,2.724,-1.46384e-07,-1
17.95,2.13258e-06,2.724,-3.02368e-08,-1
18,2.13821e-06,2.724,7.96389e-08,-1
18.05,2.14731e-06,2.724,1.85614e-07,-1
18.1,2.15115e-06,2.724,2.37275e-08,-1
18.15,2.15014e-06,2.72399,-1.25727e-07,-1
18.2,2.14456e-06,2.72399,-2.66207e-07,-1
18.25,2.14325e-06,2.724,-1.34635e-07,-1
18.3,2.14592e-06,2.724,-1.21807e-08,-1
18.35,2.14372e-06,2.724,-1.6222e-07,-1
18.4,2.14556e-06,2.724,-3.77633e-08,-1
18.45,2.15122e-06,2.724,7.9748e-08,-1
18.5,2.15192e-06,2.724,-7.32153e-08,-1
18.55,2.14797e-06,2.724,-2.16018e-07,-1
18.6,2.13961e-06,2.724,-3.51863e-07,-1
18.65,2.1356e-06,2.724,-2.1759e-07,-1
18.7,2.13559e-06,2.724,-9.40934e-08,-1
18.75,2.13935e-06,2.724,2.15208e-08,-1
18.8,2.14669e-06,2.724,1.31825e-07,-1
18.85,2.14889e-06,2.724,-2.69585e-08,-1
18.9,2.14629e-06,2.724,-1.74409e-07,-1
18.95,2.13916e-06,2.724,-3.13882e-07,-1
19,2.1363e-06,2.724,-1.82249e-07,-1
19.05,2.13738e-06,2.724,-6.05909e-08,-1
19.1,2.14219e-06,2.724,5.38967e-08,-1
19.15,2.15058e-06,2.724,1.63715e-07,-1
19.2,2.15381e-06,2.724,5.02274e-09,-1
19.25,2.15229e-06,2.724,-1.41752e-07,-1
19.3,2.14627e-06,2.724,-2.79988e-07,-1
19.35,2.13592e-06,2.724,-4.12703e-07,-1
19.4,2.12999e-06,2.724,-2.76563e-07,-1
19.45,2.12808e-06,2.724,-1.52377e-07,-1
19.5,2.12992e-06,2.724,-3.71658e-08,-1
19.55,2.1353e-06,2.724,7.17016e-08,-1
19.6,2.14409e-06,2.724,1.7658e-07,-1
19.65,2.15624e-06,2.724,2.79602e-07,-1
19.7,2.16312e-06,2.724,1.16629e-07,-1
19.75,2.16517e-06,2.724,-3.21645e-08,-1
19.8,2.16273e-06,2.724,-1.70335e-07,-1
19.85,2.15604e-06,2.724,-3.01027e-07,-1
19.9,2.14524e-06,2.724,-4.27051e-07,-1
19.95,2.13905e-06,2.724,-2.84859e-07,-1
20,2.13707e-06,2.724,-1.55149e-07,-1
20.05,2.13899e-06,2.724,-3.4813e-08,-1
20.1,2.14462e-06,2.724,7.8896e-08,-1
20.15,2.15381e-06,2.724,1.88434e-07,-1
20.2,2.15786e-06,2.724,2.99535e-08,-1
20.25,2.15717e-06,2.724,-1.1618e-07,-1
20.3,2.15202e-06,2.724,-2.53364e-07,-1
20.35,2.1426e-06,2.724,-3.84624e-07,-1
20.4,2.13765e-06,2.724,-2.46598e-07,-1
20.45,2.1368e-06,2.724,-1.20102e-07,-1
20.5,2.13979e-06,2.724,-2.14485e-09,-1
20.55,2.14642e-06,2.724,1.09926e-07,-1
20.6,2.14795e-06,2.724,-4.7614e-08,-1
20.65,2.1447e-06,2.724,-1.9426e-07,-1
20.7,2.14559e-06,2.724,-6.72251e-08,-1
20.75,2.15035e-06,2.724,5.21843e-08,-1
20.8,2.15019e-06,2.724,-9.95063e-08,-1
20.85,2.14542e-06,2.724,-2.41598e-07,-1
20.9,2.14487e-06,2.724,-1.11155e-07,-1
20.95,2.14829e-06,2.724,1.06601e-08,-1
21,2.14682e-06,2.724,-1.39509e-07,-1
21.05,2.14077e-06,2.724,-2.80894e-07,-1
21.1,2.13894e-06,2.724,-1.505e-07,-1
21.15,2.14104e-06,2.724,-2.9435e-08,-1
21.2,2.14687e-06,2.724,8.50586e-08,-1
21.25,2.14764e-06,2.724,-7.06461e-08,-1
21.3,2.14369e-06,2.724,-2.15987e-07,-1
21.35,2.14389e-06,2.724,-8.81229e-08,-1
21.4,2.14799e-06,2.724,3.16901e-08,-1
21.45,2.14716e-06,2.724,-1.19992e-07,-1
21.5,2.1417e-06,2.724,-2.62446e-07,-1
21.55,2.14045e-06,2.724,-1.3271e-07,-1
21.6,2.14313e-06,2.724,-1.19451e-08,-1
21.65,2.14953e-06,2.724,1.02578e-07,-1
21.7,2.15088e-06,2.724,-5.27797e-08,-1
21.75,2.14754e-06,2.724,-1.97472e-07,-1
21.8,2.13973e-06,2.724,-3.34763e-07,-1
21.85,2.13625e-06,2.724,-2.01496e-07,-1
21.9,2.13675e-06,2.724,-7.86527e-08,-1
21.95,2.14099e-06,2.724,3.66241e-08,-1
22,2.14883e-06,2.724,1.46876e-07,-1
22.05,2.15152e-06,2.724,-1.16969e-08,-1
22.1,2.14944e-06,2.724,-1.58667e-07,-1
22.15,2.14285e-06,2.724,-2.97398e-07,-1
22.2,2.14056e-06,2.724,-1.64801e-07,-1
22.25,2.14226e-06,2.724,-4.19279e-08,-1
22.3,2.14773e-06,2.724,7.40338e-08,-1
22.35,2.14818e-06,2.724,-8.04924e-08,-1
22.4,2.14395e-06,2.724,-2.24903e-07,-1
22.45,2.14388e-06,2.724,-9.63336e-08,-1
22.5,2.14773e-06,2.724,2.39924e-08,-1
22.55,2.14666e-06,2.724,-1.27338e-07,-1
22.6,2.14097e-06,2.724,-2.69595e-07,-1
22.65,2.13949e-06,2.724,-1.39809e-07,-1
22.7,2.14192e-06,2.724,-1.91236e-08,-1
22.75,2.14808e-06,2.724,9.51991e-08,-1
22.8,2.14919e-06,2.724,-6.04845e-08,-1
22.85,2.14558e-06,2.724,-2.05622e-07,-1
22.9,2.14613e-06,2.724,-7.73824e-08,-1
22.95,2.14195e-06,2.724,-2.23121e-07,-1
23,2.1419e-06,2.724,-9.57588e-08,-1
23.05,2.14573e-06,2.724,2.3446e-08,-1
23.1,2.15325e-06,2.724,1.37143e-07,-1
23.15,2.15574e-06,2.724,-1.83754e-08,-1
23.2,2.15353e-06,2.724,-1.62601e-07,-1
23.25,2.1469e-06,2.724,-2.98829e-07,-1
23.3,2.136e-06,2.724,-4.30006e-07,-1
23.35,2.12954e-06,2.724,-2.9271e-07,-1
23.4,2.12713e-06,2.724,-1.67729e-07,-1
23.45,2.12848e-06,2.724,-5.20495e-08,-1
23.5,2.13338e-06,2.724,5.69878e-08,-1
23.55,2.14169e-06,2.724,1.61756e-07,-1
23.6,2.15335e-06,2.724,2.64403e-07,-1
23.65,2.1597e-06,2.724,1.00811e-07,-1
23.7,2.1612e-06,2.724,-4.88423e-08,-1
23.75,2.15818e-06,2.724,-1.88117e-07,-1
23.8,2.15086e-06,2.724,-3.20162e-07,-1
23.85,2.13938e-06,2.724,-4.47801e-07,-1
23.9,2.13245e-06,2.724,-3.07508e-07,-1
23.95,2.12965e-06,2.724,-1.79983e-07,-1
24,2.13068e-06,2.724,-6.21384e-08,-1
24.05,2.13531e-06,2.724,4.87475e-08,-1
24.1,2.1434e-06,2.724,1.55101e-07,-1
24.15,2.15489e-06,2.724,2.59114e-07,-1
24.2,2.16111e-06,2.724,9.67094e-08,-1
24.25,2.16252e-06,2.724,-5.19057e-08,-1
24.3,2.15943e-06,2.724,-1.90262e-07,-1
24.35,2.15207e-06,2.724,-3.21484e-07,-1
24.4,2.14057e-06,2.724,-4.48376e-07,-1
24.45,2.13364e-06,2.724,-3.07392e-07,-1
24.5,2.13087e-06,2.724,-1.79217e-07,-1
24.55,2.13194e-06,2.724,-6.075e-08,-1
24.6,2.13664e-06,2.724,5.07446e-08,-1
24.65,2.14482e-06,2.724,1.57704e-07,-1
24.7,2.15642e-06,2.724,2.62333e-07,-1
24.75,2.16277e-06,2.724,1.00563e-07,-1
24.8,2.16432e-06,2.724,-4.73881e-08,-1
24.85,2.1614e-06,2.724,-1.8504e-07,-1
24.9,2.15424e-06,2.724,-3.15509e-07,-1
24.95,2.14297e-06,2.724,-4.41587e-07,-1
25,2.1363e-06,2.724,-2.99718e-07,-1
25.05,2.13381e-06,2.724,-1.70576e-07,-1
25.1,2.1352e-06,2.724,-5.10466e-08,-1
25.15,2.14026e-06,2.724,6.16179e-08,-1
25.2,2.14884e-06,2.724,1.6987e-07,-1
25.25,2.15223e-06,2.724,9.83554e-09,-1
25.3,2.15082e-06,2.724,-1.38117e-07,-1
25.35,2.14488e-06,2.724,-2.774e-07,-1
25.4,2.14324e-06,2.724,-1.44963e-07,-1
25.45,2.14559e-06,2.724,-2.18851e-08,-1
25.5,2.15174e-06,2.724,9.46302e-08,-1
25.55,2.15289e-06,2.724,-5.90082e-08,-1
25.6,2.1494e-06,2.724,-2.02201e-07,-1
25.65,2.14149e-06,2.724,-3.38172e-07,-1
25.7,2.13793e-06,2.724,-2.03722e-07,-1
25.75,2.13839e-06,2.724,-7.98116e-08,-1
25.8,2.14263e-06,2.724,3.64438e-08,-1
25.85,2.1505e-06,2.724,1.4761e-07,-1
25.9,2.15324e-06,2.724,-1.00917e-08,-1
25.95,2.15125e-06,2.724,-1.56216e-07,-1
26,2.14476e-06,2.724,-2.94109e-07,-1
26.05,2.14261e-06,2.724,-1.6067e-07,-1
26.1,2.14447e-06,2.724,-3.69334e-08,-1
26.15,2.15014e-06,2.724,7.99284e-08,-1
26.2,2.15082e-06,2.724,-7.36489e-08,-1
26.25,2.14684e-06,2.724,-2.17047e-07,-1
26.3,2.13843e-06,2.724,-3.53478e-07,-1
26.35,2.13434e-06,2.724,-2.19734e-07,-1
26.4,2.13425e-06,2.724,-9.6772e-08,-1
26.45,2.1379e-06,2.724,1.82891e-08,-1
26.5,2.14511e-06,2.724,1.2801e-07,-1
26.55,2.15581e-06,2.724,2.34694e-07,-1
26.6,2.16131e-06,2.724,7.43538e-08,-1
26.65,2.16204e-06,2.724,-7.27269e-08,-1
26.7,2.1583e-06,2.724,-2.10018e-07,-1
26.75,2.15032e-06,2.724,-3.40597e-07,-1
26.8,2.13821e-06,2.724,-4.67229e-07,-1
26.85,2.13066e-06,2.724,-3.2634e-07,-1
26.9,2.12726e-06,2.724,-1.98595e-07,-1
26.95,2.12767e-06,2.724,-8.08774e-08,-1
27,2.13167e-06,2.724,2.95524e-08,-1
27.05,2.13911e-06,2.724,1.35133e-07,-1
27.1,2.14991e-06,2.724,2.38064e-07,-1
27.15,2.1554e-06,2.724,7.42662e-08,-1
27.2,2.15601e-06,2.724,-7.60578e-08,-1
27.25,2.15206e-06,2.724,-2.1645e-07,-1
27.3,2.14376e-06,2.724,-3.50051e-07,-1
27.35,2.13988e-06,2.724,-2.13592e-07,-1
27.4,2.14009e-06,2.724,-8.79758e-08,-1
27.45,2.14411e-06,2.724,2.97321e-08,-1
27.5,2.1518e-06,2.724,1.42139e-07,-1
27.55,2.15441e-06,2.724,-1.44968e-08,-1
27.6,2.1523e-06,2.724,-1.59701e-07,-1
27.65,2.14573e-06,2.724,-2.96795e-07,-1
27.7,2.14351e-06,2.724,-1.62654e-07,-1
27.75,2.14533e-06,2.724,-3.82955e-08,-1
27.8,2.15097e-06,2.724,7.9125e-08,-1
27.85,2.15165e-06,2.724,-7.39431e-08,-1
27.9,2.14767e-06,2.724,-2.16869e-07,-1
27.95,2.13928e-06,2.724,-3.52854e-07,-1
28,2.13523e-06,2.724,-2.18681e-07,-1
28.05,2.13519e-06,2.724,-9.52978e-08,-1
28.1,2.1389e-06,2.724,2.01848e-08,-1
28.15,2.14619e-06,2.724,1.30334e-07,-1
28.2,2.14833e-06,2.724,-2.86306e-08,-1
28.25,2.14567e-06,2.724,-1.76272e-07,-1
28.3,2.14712e-06,2.724,-4.98546e-08,-1
28.35,2.1438e-06,2.724,-1.96805e-07,-1
28.4,2.14459e-06,2.724,-7.01085e-08,-1
28.45,2.14924e-06,2.724,4.89325e-08,-1
28.5,2.14896e-06,2.724,-1.03159e-07,-1
28.55,2.14405e-06,2.724,-2.45694e-07,-1
28.6,2.14336e-06,2.724,-1.15736e-07,-1
28.65,2.1466e-06,2.724,5.54243e-09,-1
28.7,2.14495e-06,2.724,-1.4523e-07,-1
28.75,2.14733e-06,2.724,-2.1191e-08,-1
28.8,2.14488e-06,2.724,-1.69856e-07,-1
28.85,2.14651e-06,2.724,-4.42835e-08,-1
28.9,2.14334e-06,2.724,-1.91925e-07,-1
28.95,2.14427e-06,2.724,-6.57902e-08,-1
29,2.14905e-06,2.724,5.28023e-08,-1
29.05,2.14889e-06,2.724,-9.96397e-08,-1
29.1,2.14408e-06,2.724,-2.4244e-07,-1
29.15,2.14349e-06,2.724,-1.12674e-07,-1
29.2,2.14683e-06,2.724,8.48092e-09,-1
29.25,2.14527e-06,2.724,-1.42355e-07,-1
29.3,2.14775e-06,2.724,-1.83237e-08,-1
29.35,2.14539e-06,2.724,-1.66944e-07,-1
29.4,2.14712e-06,2.724,-4.12782e-08,-1
29.45,2.14405e-06,2.724,-1.88778e-07,-1
29.5,2.14509e-06,2.724,-6.24536e-08,-1
29.55,2.14999e-06,2.724,5.63764e-08,-1
29.6,2.14995e-06,2.724,-9.57788e-08,-1
29.65,2.14528e-06,2.724,-2.38241e-07,-1
29.7,2.14484e-06,2.724,-1.08083e-07,-1
29.75,2.14835e-06,2.724,1.35227e-08,-1
29.8,2.14697e-06,2.724,-1.368e-07,-1
29.85,2.141e-06,2.724,-2.78282e-07,-1
29.9,2.13926e-06,2.724,-1.47922e-07,-1
29.95,2.14144e-06,2.724,-2.68437e-08,-1
30,2.14736e-06,2.724,8.77074e-08,-1
30.05,2.14822e-06,2.724,-6.78968e-08,-1
30.1,2.14437e-06,2.724,-2.13092e-07,-1
30.15,2.14467e-06,2.724,-8.50435e-08,-1
30.2,2.14887e-06,2.724,3.49973e-08,-1
30.25,2.14816e-06,2.724,-1.16407e-07,-1
30.3,2.14283e-06,2.724,-2.58535e-07,-1
30.35,2.14173e-06,2.724,-1.28428e-07,-1
30.4,2.14455e-06,2.724,-7.23617e-09,-1
30.45,2.15112e-06,2.724,1.07773e-07,-1
30.5,2.15267e-06,2.724,-4.70404e-08,-1
30.55,2.14954e-06,2.724,-1.9112e-07,-1
30.6,2.14196e-06,2.724,-3.27724e-07,-1
30.65,2.13873e-06,2.724,-1.9368e-07,-1
30.7,2.13952e-06,2.724,-6.9969e-08,-1
30.75,2.14408e-06,2.724,4.62758e-08,-1
30.8,2.15227e-06,2.724,1.57609e-07,-1
30.85,2.15535e-06,2.724,2.42514e-10,-1
30.9,2.15371e-06,2.724,-1.45381e-07,-1
30.95,2.14761e-06,2.724,-2.82611e-07,-1
31,2.13721e-06,2.724,-4.14436e-07,-1
31.05,2.13125e-06,2.724,-2.77468e-07,-1
31.1,2.12934e-06,2.724,-1.52521e-07,-1
31.15,2.1312e-06,2.724,-3.66003e-08,-1
31.2,2.13661e-06,2.724,7.29406e-08,-1
31.25,2.14547e-06,2.724,1.78467e-07,-1
31.3,2.15771e-06,2.724,2.82126e-07,-1
31.35,2.16469e-06,2.724,1.19801e-07,-1
31.4,2.16686e-06,2.724,-2.83244e-08,-1
31.45,2.16457e-06,2.724,-1.65798e-07,-1
31.5,2.15806e-06,2.724,-2.95753e-07,-1
31.55,2.14746e-06,2.724,-4.20995e-07,-1
31.6,2.13285e-06,2.724,-5.44066e-07,-1
31.65,2.12286e-06,2.724,-4.01219e-07,-1
31.7,2.11703e-06,2.724,-2.72983e-07,-1
31.75,2.11498e-06,2.724,-1.56141e-07,-1
31.8,2.11645e-06,2.724,-4.78839e-08,-1
31.85,2.12124e-06,2.724,5.42698e-08,-1
31.9,2.12923e-06,2.724,1.52536e-07,-1
31.95,2.14036e-06,2.724,2.48921e-07,-1
32,2.15465e-06,2.724,3.45275e-07,-1
32.05,2.16349e-06,2.724,1.77237e-07,-1
32.1,2.16739e-06,2.724,2.4786e-08,-1
32.15,2.16673e-06,2.724,-1.15789e-07,-1
32.2,2.16177e-06,2.724,-2.47754e-07,-1
32.25,2.15271e-06,2.724,-3.74017e-07,-1
32.3,2.13963e-06,2.724,-4.97203e-07,-1
32.35,2.1312e-06,2.724,-3.53622e-07,-1
32.4,2.12697e-06,2.724,-2.23843e-07,-1
32.45,2.12661e-06,2.724,-1.04672e-07,-1
32.5,2.12987e-06,2.724,6.69321e-09,-1
32.55,2.13658e-06,2.724,1.1274e-07,-1
32.6,2.14664e-06,2.724,2.15706e-07,-1
32.65,2.15139e-06,2.724,5.154e-08,-1
32.7,2.15123e-06,2.724,-9.95376e-08,-1
32.75,2.14647e-06,2.724,-2.41057e-07,-1
32.8,2.13732e-06,2.724,-3.76158e-07,-1
32.85,2.13252e-06,2.724,-2.41574e-07,-1
32.9,2.13173e-06,2.724,-1.18217e-07,-1
32.95,2.13468e-06,2.724,-3.17118e-09,-1
33,2.14118e-06,2.724,1.0615e-07,-1
33.05,2.15114e-06,2.724,2.12067e-07,-1
33.1,2.15586e-06,2.724,5.0602e-08,-1
33.15,2.15576e-06,2.724,-9.79601e-08,-1
33.2,2.15113e-06,2.724,-2.37093e-07,-1
33.25,2.14219e-06,2.724,-3.69885e-07,-1
33.3,2.13768e-06,2.724,-2.33024e-07,-1
33.35,2.13725e-06,2.724,-1.07379e-07,-1
33.4,2.14063e-06,2.724,1.00069e-08,-1
33.45,2.14765e-06,2.724,1.21758e-07,-1
33.5,2.14955e-06,2.724,-3.58587e-08,-1
33.55,2.1467e-06,2.724,-1.82366e-07,-1
33.6,2.13934e-06,2.724,-3.21088e-07,-1
33.65,2.13626e-06,2.724,-1.88911e-07,-1
33.7,2.13714e-06,2.724,-6.68647e-08,-1
33.75,2.14175e-06,2.724,4.78752e-08,-1
33.8,2.14994e-06,2.724,1.57826e-07,-1
33.85,2.15299e-06,2.724,-8.31818e-10,-1
33.9,2.15127e-06,2.724,-1.47686e-07,-1
33.95,2.14505e-06,2.724,-2.8611e-07,-1
34,2.14314e-06,2.724,-1.53025e-07,-1
34.05,2.14525e-06,2.724,-2.9484e-08,-1
34.1,2.15116e-06,2.724,8.73289e-08,-1
34.15,2.15208e-06,2.724,-6.61615e-08,-1
34.2,2.14836e-06,2.724,-2.09344e-07,-1
34.25,2.1402e-06,2.724,-3.45434e-07,-1
34.3,2.1364e-06,2.724,-2.11226e-07,-1
34.35,2.1366e-06,2.724,-8.76767e-08,-1
34.4,2.14057e-06,2.724,2.80987e-08,-1
34.45,2.14814e-06,2.724,1.38665e-07,-1
34.5,2.15057e-06,2.724,-1.97598e-08,-1
34.55,2.14823e-06,2.724,-1.66735e-07,-1
34.6,2.14137e-06,2.724,-3.05615e-07,-1
34.65,2.1388e-06,2.724,-1.73308e-07,-1
34.7,2.14021e-06,2.724,-5.086e-08,-1
34.75,2.14536e-06,2.724,6.45441e-08,-1
34.8,2.15413e-06,2.724,1.75417e-07,-1
34.85,2.1578e-06,2.724,1.79393e-08,-1
34.9,2.15674e-06,2.724,-1.27471e-07,-1
34.95,2.15124e-06,2.724,-2.64179e-07,-1
35,2.14147e-06,2.724,-3.95184e-07,-1
35.05,2.13618e-06,2.724,-2.57102e-07,-1
35.1,2.13499e-06,2.724,-1.30745e-07,-1
35.15,2.13761e-06,2.724,-1.31104e-08,-1
35.2,2.14387e-06,2.724,9.84587e-08,-1
35.25,2.15364e-06,2.724,2.06345e-07,-1
35.3,2.15824e-06,2.724,4.66232e-08,-1
35.35,2.15806e-06,2.724,-1.00376e-07,-1
35.4,2.15341e-06,2.724,-2.38087e-07,-1
35.45,2.14448e-06,2.724,-3.69564e-07,-1
35.5,2.14002e-06,2.724,-2.31465e-07,-1
35.55,2.13968e-06,2.724,-1.04631e-07,-1
35.6,2.1432e-06,2.724,1.39196e-08,-1
35.65,2.15038e-06,2.724,1.26833e-07,-1
35.7,2.1525e-06,2.724,-2.96043e-08,-1
35.75,2.14989e-06,2.724,-1.74893e-07,-1
35.8,2.14282e-06,2.724,-3.12339e-07,-1
35.85,2.14007e-06,2.724,-1.78807e-07,-1
35.9,2.14133e-06,2.724,-5.53095e-08,-1
35.95,2.14638e-06,2.724,6.09985e-08,-1
36,2.14641e-06,2.724,-9.34382e-08,-1
36.05,2.14175e-06,2.724,-2.37998e-07,-1
36.1,2.14124e-06,2.724,-1.098e-07,-1
36.15,2.14463e-06,2.724,9.9355e-09,-1
36.2,2.15172e-06,2.724,1.23888e-07,-1
36.25,2.15377e-06,2.724,-3.16267e-08,-1
36.3,2.15113e-06,2.724,-1.76087e-07,-1
36.35,2.14404e-06,2.724,-3.12778e-07,-1
36.4,2.1413e-06,2.724,-1.78547e-07,-1
36.45,2.1426e-06,2.724,-5.43893e-08,-1
36.5,2.14769e-06,2.724,6.25542e-08,-1
36.55,2.1478e-06,2.724,-9.12587e-08,-1
36.6,2.14323e-06,2.724,-2.35194e-07,-1
36.65,2.14284e-06,2.724,-1.06361e-07,-1
36.7,2.14636e-06,2.724,1.40315e-08,-1
36.75,2.14496e-06,2.724,-1.37419e-07,-1
36.8,2.14758e-06,2.724,-1.38754e-08,-1
36.85,2.14535e-06,2.724,-1.62873e-07,-1
36.9,2.1472e-06,2.724,-3.74877e-08,-1
36.95,2.14426e-06,2.724,-1.85183e-07,-1
37,2.14541e-06,2.724,-5.89762e-08,-1
37.05,2.15042e-06,2.724,5.98055e-08,-1
37.1,2.15049e-06,2.724,-9.23334e-08,-1
37.15,2.14594e-06,2.724,-2.34719e-07,-1
37.2,2.13697e-06,2.724,-3.70517e-07,-1
37.25,2.13234e-06,2.724,-2.36486e-07,-1
37.3,2.1317e-06,2.724,-1.13556e-07,-1
37.35,2.13478e-06,2.724,1.17391e-09,-1
37.4,2.14142e-06,2.724,1.10276e-07,-1
37.45,2.15151e-06,2.724,2.16063e-07,-1
37.5,2.15636e-06,2.724,5.45465e-08,-1
37.55,2.15639e-06,2.724,-9.39926e-08,-1
37.6,2.1519e-06,2.724,-2.33033e-07,-1
37.65,2.14309e-06,2.724,-3.65665e-07,-1
37.7,2.13873e-06,2.724,-2.28578e-07,-1
37.75,2.13845e-06,2.724,-1.02642e-07,-1
37.8,2.142e-06,2.724,1.51025e-08,-1
37.85,2.1492e-06,2.724,1.27281e-07,-1
37.9,2.1513e-06,2.724,-2.98357e-08,-1
37.95,2.14867e-06,2.724,-1.75766e-07,-1
38,2.14154e-06,2.724,-3.13829e-07,-1
38.05,2.13872e-06,2.724,-1.80903e-07,-1
38.1,2.1399e-06,2.724,-5.8011e-08,-1
38.15,2.14483e-06,2.724,5.76808e-08,-1
38.2,2.15338e-06,2.724,1.687e-07,-1
38.25,2.15683e-06,2.724,1.12392e-08,-1
38.3,2.15555e-06,2.724,-1.34276e-07,-1
38.35,2.14982e-06,2.724,-2.71204e-07,-1
38.4,2.13981e-06,2.724,-4.02542e-07,-1
38.45,2.13426e-06,2.724,-2.64904e-07,-1
38.5,2.13279e-06,2.724,-1.39103e-07,-1
38.55,2.13512e-06,2.724,-2.21399e-08,-1
38.6,2.14106e-06,2.724,8.86375e-08,-1
38.65,2.15048e-06,2.724,1.95605e-07,-1
38.7,2.15469e-06,2.724,3.48294e-08,-1
38.75,2.15408e-06,2.724,-1.1337e-07,-1
38.8,2.14896e-06,2.724,-2.52439e-07,-1
38.85,2.13951e-06,2.724,-3.85447e-07,-1
38.9,2.13447e-06,2.724,-2.49068e-07,-1
38.95,2.13349e-06,2.724,-1.24163e-07,-1
39,2.13629e-06,2.724,-7.77149e-09,-1
39.05,2.14268e-06,2.724,1.02728e-07,-1
39.1,2.15256e-06,2.724,2.09688e-07,-1
39.15,2.15724e-06,2.724,4.91584e-08,-1
39.2,2.15712e-06,2.724,-9.85528e-08,-1
39.25,2.1525e-06,2.724,-2.36899e-07,-1
39.3,2.14359e-06,2.724,-3.6895e-07,-1
39.35,2.13914e-06,2.724,-2.31377e-07,-1
39.4,2.13878e-06,2.724,-1.05036e-07,-1
39.45,2.14227e-06,2.724,1.30458e-08,-1
39.5,2.14941e-06,2.724,1.25504e-07,-1
39.55,2.15146e-06,2.724,-3.1384e-08,-1
39.6,2.14878e-06,2.724,-1.77127e-07,-1
39.65,2.14162e-06,2.724,-3.15039e-07,-1
39.7,2.13877e-06,2.724,-1.81993e-07,-1
39.75,2.13991e-06,2.724,-5.90078e-08,-1
39.8,2.14481e-06,2.724,5.67532e-08,-1
39.85,2.15333e-06,2.724,1.67821e-07,-1
39.9,2.15675e-06,2.724,1.03891e-08,-1
39.95,2.15545e-06,2.724,-1.35113e-07,-1
40,2.14969e-06,2.724,-2.72045e-07,-1
40.05,2.13965e-06,2.724,-4.03401e-07,-1
40.1,2.13407e-06,2.724,-2.65796e-07,-1
40.15,2.13257e-06,2.724,-1.40042e-07,-1
40.2,2.13487e-06,2.724,-2.31395e-08,-1
40.25,2.14077e-06,2.724,8.75632e-08,-1
40.3,2.15015e-06,2.724,1.94442e-07,-1
40.35,2.15432e-06,2.724,3.35611e-08,-1
40.4,2.15367e-06,2.724,-1.14759e-07,-1
40.45,2.1485e-06,2.724,-2.53967e-07,-1
40.5,2.13899e-06,2.724,-3.87132e-07,-1
40.55,2.13389e-06,2.724,-2.5093e-07,-1
40.6,2.13284e-06,2.724,-1.26225e-07,-1
40.65,2.13556e-06,2.724,-1.00582e-08,-1
40.7,2.14187e-06,2.724,1.0019e-07,-1
40.75,2.15166e-06,2.724,2.06869e-07,-1
40.8,2.15623e-06,2.724,4.60242e-08,-1
40.85,2.156e-06,2.724,-1.02038e-07,-1
40.9,2.15126e-06,2.724,-2.40776e-07,-1
40.95,2.14221e-06,2.724,-3.73264e-07,-1
41,2.13759e-06,2.724,-2.36178e-07,-1
41.05,2.13706e-06,2.724,-1.10379e-07,-1
41.1,2.14035e-06,2.724,7.09819e-09,-1
41.15,2.14728e-06,2.724,1.18882e-07,-1
41.2,2.14909e-06,2.724,-3.87556e-08,-1
41.25,2.14614e-06,2.724,-1.85334e-07,-1
41.3,2.13867e-06,2.724,-3.24177e-07,-1
41.35,2.13548e-06,2.724,-1.92168e-07,-1
41.4,2.13625e-06,2.724,-7.0338e-08,-1
41.45,2.14074e-06,2.724,4.41369e-08,-1
41.5,2.1488e-06,2.724,1.53772e-07,-1
41.55,2.1517e-06,2.724,-5.25439e-09,-1
41.6,2.14982e-06,2.724,-1.52533e-07,-1
41.65,2.14343e-06,2.724,-2.91443e-07,-1
41.7,2.14133e-06,2.724,-1.58909e-07,-1
41.75,2.14322e-06,2.724,-3.59901e-08,-1
41.8,2.14889e-06,2.724,8.01227e-08,-1
41.85,2.14955e-06,2.724,-7.41534e-08,-1
41.9,2.14554e-06,2.724,-2.18216e-07,-1
41.95,2.14571e-06,2.724,-8.91974e-08,-1
42,2.1498e-06,2.724,3.1678e-08,-1
42.05,2.14901e-06,2.724,-1.19003e-07,-1
42.1,2.14362e-06,2.724,-2.60501e-07,-1
42.15,2.14246e-06,2.724,-1.29837e-07,-1
42.2,2.14526e-06,2.724,-8.14874e-09,-1
42.25,2.15182e-06,2.724,1.0731e-07,-1
42.3,2.15337e-06,2.724,-4.70914e-08,-1
42.35,2.15025e-06,2.724,-1.90785e-07,-1
42.4,2.14269e-06,2.724,-3.27022e-07,-1
42.45,2.1395e-06,2.724,-1.9262e-07,-1
42.5,2.14033e-06,2.724,-6.8555e-08,-1
42.55,2.14495e-06,2.724,4.80472e-08,-1
42.6,2.15321e-06,2.724,1.59747e-07,-1
42.65,2.15638e-06,2.724,2.76318e-09,-1
42.7,2.15484e-06,2.724,-1.42456e-07,-1
42.75,2.14884e-06,2.724,-2.79255e-07,-1
42.8,2.13857e-06,2.724,-4.10616e-07,-1
42.85,2.13275e-06,2.724,-2.73144e-07,-1
42.9,2.131e-06,2.724,-1.47647e-07,-1
42.95,2.13304e-06,2.724,-3.11229e-08,-1
43,2.13866e-06,2.724,7.9082e-08,-1
43.05,2.14774e-06,2.724,1.85342e-07,-1
43.1,2.15159e-06,2.724,2.37175e-08,-1
43.15,2.15058e-06,2.724,-1.25476e-07,-1
43.2,2.14503e-06,2.724,-2.65696e-07,-1
43.25,2.14374e-06,2.724,-1.33927e-07,-1
43.3,2.14644e-06,2.724,-1.12767e-08,-1
43.35,2.14428e-06,2.724,-1.61065e-07,-1
43.4,2.14616e-06,2.724,-3.63881e-08,-1
43.45,2.14323e-06,2.724,-1.84728e-07,-1
43.5,2.14437e-06,2.724,-5.91174e-08,-1
43.55,2.14936e-06,2.724,5.91029e-08,-1
43.6,2.14939e-06,2.724,-9.35749e-08,-1
43.65,2.14478e-06,2.724,-2.36488e-07,-1
43.7,2.14438e-06,2.724,-1.0672e-07,-1
43.75,2.14792e-06,2.724,1.45435e-08,-1
43.8,2.14657e-06,2.724,-1.36082e-07,-1
43.85,2.14061e-06,2.724,-2.77833e-07,-1
43.9,2.13887e-06,2.724,-1.47719e-07,-1
43.95,2.14105e-06,2.724,-2.68672e-08,-1
44,2.14696e-06,2.724,8.74711e-08,-1
44.05,2.14781e-06,2.724,-6.83367e-08,-1
44.1,2.14393e-06,2.724,-2.13731e-07,-1
44.15,2.14421e-06,2.724,-8.588e-08,-1
44.2,2.14838e-06,2.724,3.39602e-08,-1
44.25,2.14763e-06,2.724,-1.17651e-07,-1
44.3,2.14225e-06,2.724,-2.59996e-07,-1
44.35,2.14108e-06,2.724,-1.30117e-07,-1
44.4,2.14385e-06,2.724,-9.17005e-09,-1
44.45,2.15035e-06,2.724,1.05575e-07,-1
44.5,2.15181e-06,2.724,-4.95257e-08,-1
44.55,2.14859e-06,2.724,-1.93919e-07,-1
44.6,2.14091e-06,2.724,-3.30868e-07,-1
44.65,2.13756e-06,2.724,-1.97203e-07,-1
44.7,2.13821e-06,2.724,-7.3911e-08,-1
44.75,2.14263e-06,2.724,4.18703e-08,-1
44.8,2.15066e-06,2.724,1.52689e-07,-1
44.85,2.15357e-06,2.724,-5.24666e-09,-1
44.9,2.15172e-06,2.724,-1.51503e-07,-1
44.95,2.14539e-06,2.724,-2.89436e-07,-1
45,2.14339e-06,2.724,-1.5595e-07,-1
45.05,2.14542e-06,2.724,-3.2085e-08,-1
45.1,2.15125e-06,2.724,8.49845e-08,-1
45.15,2.1521e-06,2.724,-6.83074e-08,-1
45.2,2.14831e-06,2.724,-2.11342e-07,-1
45.25,2.1401e-06,2.724,-3.4733e-07,-1
45.3,2.13623e-06,2.724,-2.1306e-07,-1
45.35,2.13638e-06,2.724,-8.94853e-08,-1
45.4,2.14029e-06,2.724,2.62811e-08,-1
45.45,2.1478e-06,2.724,1.36806e-07,-1
45.5,2.15016e-06,2.724,-2.16901e-08,-1
45.55,2.14775e-06,2.724,-1.68767e-07,-1
45.6,2.14082e-06,2.724,-3.0778e-07,-1
45.65,2.13818e-06,2.724,-1.75635e-07,-1
45.7,2.1395e-06,2.724,-5.33814e-08,-1
45.75,2.14457e-06,2.724,6.17952e-08,-1
45.8,2.15324e-06,2.724,1.72405e-07,-1
45.85,2.15679e-06,2.724,1.46274e-08,-1
45.9,2.15562e-06,2.724,-1.31124e-07,-1
45.95,2.14998e-06,2.724,-2.68217e-07,-1
46,2.14007e-06,2.724,-3.99656e-07,-1
46.05,2.13461e-06,2.724,-2.62061e-07,-1
46.1,2.13324e-06,2.724,-1.36249e-07,-1
46.15,2.13566e-06,2.724,-1.92255e-08,-1
46.2,2.1417e-06,2.724,9.16615e-08,-1
46.25,2.15122e-06,2.724,1.98786e-07,-1
46.3,2.15554e-06,2.724,3.82148e-08,-1
46.35,2.15505e-06,2.724,-1.09732e-07,-1
46.4,2.15006e-06,2.724,-2.485e-07,-1
46.45,2.14075e-06,2.724,-3.81154e-07,-1
46.5,2.13587e-06,2.724,-2.44366e-07,-1
46.55,2.13505e-06,2.724,-1.18993e-07,-1
46.6,2.13804e-06,2.724,-2.07091e-09,-1
46.65,2.14464e-06,2.724,1.09029e-07,-1
46.7,2.15475e-06,2.724,2.16665e-07,-1
46.75,2.15968e-06,2.724,5.68942e-08,-1
46.8,2.15985e-06,2.724,-8.99666e-08,-1
46.85,2.15555e-06,2.724,-2.27361e-07,-1
46.9,2.14698e-06,2.724,-3.58349e-07,-1
46.95,2.13427e-06,2.724,-4.85682e-07,-1
47,2.12608e-06,2.724,-3.45782e-07,-1
47.05,2.122e-06,2.724,-2.19313e-07,-1
47.1,2.12168e-06,2.724,-1.03165e-07,-1
47.15,2.12489e-06,2.724,5.39399e-09,-1
47.2,2.13146e-06,2.724,1.08787e-07,-1
47.25,2.14131e-06,2.724,2.09194e-07,-1
47.3,2.1544e-06,2.724,3.08604e-07,-1
47.35,2.16212e-06,2.724,1.42772e-07,-1
47.4,2.16495e-06,2.724,-8.22813e-09,-1
47.45,2.16323e-06,2.724,-1.48036e-07,-1
47.5,2.15723e-06,2.724,-2.79862e-07,-1
47.55,2.1471e-06,2.724,-4.06571e-07,-1
47.6,2.13293e-06,2.724,-5.30759e-07,-1
47.65,2.12334e-06,2.724,-3.8872e-07,-1
47.7,2.1179e-06,2.724,-2.61017e-07,-1
47.75,2.11623e-06,2.724,-1.4446e-07,-1
47.8,2.11808e-06,2.724,-3.626e-08,-1
47.85,2.12325e-06,2.724,6.60486e-08,-1
47.9,2.13164e-06,2.724,1.64671e-07,-1
47.95,2.14319e-06,2.724,2.61609e-07,-1
48,2.15792e-06,2.724,3.58709e-07,-1
48.05,2.16723e-06,2.724,1.91611e-07,-1
48.1,2.17164e-06,2.724,4.02996e-08,-1
48.15,2.17153e-06,2.724,-9.8928e-08,-1
48.2,2.16718e-06,2.724,-2.29328e-07,-1
48.25,2.15878e-06,2.724,-3.53793e-07,-1
48.3,2.14644e-06,2.724,-4.74929e-07,-1
48.35,2.13017e-06,2.724,-5.9512e-07,-1
48.4,2.11857e-06,2.724,-4.5049e-07,-1
48.45,2.11115e-06,2.724,-3.21466e-07,-1
48.5,2.10752e-06,2.724,-2.04757e-07,-1
48.55,2.10736e-06,2.724,-9.74974e-08,-1
48.6,2.11047e-06,2.724,2.83035e-09,-1
48.65,2.11669e-06,2.724,9.84607e-08,-1
48.7,2.12594e-06,2.724,1.91404e-07,-1
48.75,2.13819e-06,2.724,2.83499e-07,-1
48.8,2.15348e-06,2.724,3.7645e-07,-1
48.85,2.16325e-06,2.724,2.05782e-07,-1
48.9,2.16801e-06,2.724,5.13783e-08,-1
48.95,2.16817e-06,2.724,-9.05496e-08,-1
49,2.16402e-06,2.724,-2.2333e-07,-1
49.05,2.15574e-06,2.724,-3.4992e-07,-1
49.1,2.14345e-06,2.724,-4.72978e-07,-1
49.15,2.13583e-06,2.724,-3.28843e-07,-1
49.2,2.13244e-06,2.724,-1.98099e-07,-1
49.25,2.13297e-06,2.724,-7.7562e-08,-1
49.3,2.13718e-06,2.724,3.55711e-08,-1
49.35,2.14491e-06,2.724,1.43794e-07,-1
49.4,2.15608e-06,2.724,2.49358e-07,-1
49.45,2.16203e-06,2.724,8.82315e-08,-1
49.5,2.1632e-06,2.724,-5.93376e-08,-1
49.55,2.15989e-06,2.724,-1.96846e-07,-1
49.6,2.15234e-06,2.724,-3.27393e-07,-1
49.65,2.14067e-06,2.724,-4.53757e-07,-1
49.7,2.13358e-06,2.724,-3.12375e-07,-1
49.75,2.13066e-06,2.724,-1.83917e-07,-1
49.8,2.13158e-06,2.724,-6.52679e-08,-1
49.85,2.13614e-06,2.724,4.63158e-08,-1
49.9,2.14417e-06,2.724,1.53279e-07,-1
49.95,2.15562e-06,2.724,2.57833e-07,-1
50,2.16182e-06,2.724,9.59107e-08,-1
50.05,2.16321e-06,2.724,-5.2266e-08,-1
50.1,2.16012e-06,2.724,-1.90217e-07,-1
50.15,2.15278e-06,2.724,-3.2106e-07,-1
50.2,2.14131e-06,2.724,-4.47587e-07,-1
50.25,2.13442e-06,2.724,-3.06248e-07,-1
50.3,2.1317e-06,2.724,-1.7772e-07,-1
50.35,2.13283e-06,2.724,-5.88946e-08,-1
50.4,2.1376e-06,2.724,5.29693e-08,-1
50.45,2.14587e-06,2.724,1.60315e-07,-1
50.5,2.14892e-06,2.724,-7.3984e-10,-1
50.55,2.14712e-06,2.724,-1.49839e-07,-1
50.6,2.14075e-06,2.724,-2.90408e-07,-1
50.65,2.13863e-06,2.724,-1.59411e-07,-1
50.7,2.14046e-06,2.724,-3.79406e-08,-1
50.75,2.14602e-06,2.724,7.67784e-08,-1
50.8,2.14652e-06,2.724,-7.88645e-08,-1
50.85,2.1423e-06,2.724,-2.24293e-07,-1
50.9,2.14222e-06,2.724,-9.66644e-08,-1
50.95,2.14603e-06,2.724,2.27739e-08,-1
51,2.14489e-06,2.724,-1.29414e-07,-1
51.05,2.14775e-06,2.724,-6.41904e-09,-1
51.1,2.14576e-06,2.724,-1.55797e-07,-1
51.15,2.14783e-06,2.724,-3.06405e-08,-1
51.2,2.14511e-06,2.724,-1.78427e-07,-1
51.25,2.14648e-06,2.724,-5.21858e-08,-1
51.3,2.14307e-06,2.724,-1.99342e-07,-1
51.35,2.14376e-06,2.724,-7.28852e-08,-1
51.4,2.14832e-06,2.724,4.58817e-08,-1
51.45,2.14793e-06,2.724,-1.06521e-07,-1
51.5,2.1429e-06,2.724,-2.49409e-07,-1
51.55,2.14207e-06,2.724,-1.19849e-07,-1
51.6,2.14516e-06,2.724,9.83426e-10,-1
51.65,2.152e-06,2.724,1.15804e-07,-1
51.7,2.1538e-06,2.724,-3.90435e-08,-1
51.75,2.15094e-06,2.724,-1.83011e-07,-1
51.8,2.14363e-06,2.724,-3.19364e-07,-1
51.85,2.14069e-06,2.724,-1.84934e-07,-1
51.9,2.14178e-06,2.724,-6.07046e-08,-1
51.95,2.14667e-06,2.724,5.61926e-08,-1
52,2.14656e-06,2.724,-9.77779e-08,-1
52.05,2.14177e-06,2.724,-2.41978e-07,-1
52.1,2.14114e-06,2.724,-1.13515e-07,-1
52.15,2.14441e-06,2.724,6.4021e-09,-1
52.2,2.15139e-06,2.724,1.20462e-07,-1
52.25,2.15333e-06,2.724,-3.50142e-08,-1
52.3,2.15058e-06,2.724,-1.79499e-07,-1
52.35,2.14337e-06,2.724,-3.16274e-07,-1
52.4,2.14052e-06,2.724,-1.82184e-07,-1
52.45,2.14169e-06,2.724,-5.82247e-08,-1
52.5,2.14665e-06,2.724,5.84643e-08,-1
52.55,2.14661e-06,2.724,-9.56606e-08,-1
52.6,2.14188e-06,2.724,-2.39968e-07,-1
52.65,2.14132e-06,2.724,-1.11569e-07,-1
52.7,2.14465e-06,2.724,8.32339e-09,-1
52.75,2.1517e-06,2.724,1.22394e-07,-1
52.8,2.1537e-06,2.724,-3.30369e-08,-1
52.85,2.15101e-06,2.724,-1.77444e-07,-1
52.9,2.14388e-06,2.724,-3.1411e-07,-1
52.95,2.1411e-06,2.724,-1.79878e-07,-1
53,2.14235e-06,2.724,-5.57442e-08,-1
53.05,2.1474e-06,2.724,6.11527e-08,-1
53.1,2.14746e-06,2.724,-9.2729e-08,-1
53.15,2.14284e-06,2.724,-2.36755e-07,-1
53.2,2.14239e-06,2.724,-1.08036e-07,-1
53.25,2.14585e-06,2.724,1.22209e-08,-1
53.3,2.14439e-06,2.724,-1.3939e-07,-1
53.35,2.14694e-06,2.724,-1.60317e-08,-1
53.4,2.14464e-06,2.724,-1.65242e-07,-1
53.45,2.1464e-06,2.724,-4.00987e-08,-1
53.5,2.14336e-06,2.724,-1.88067e-07,-1
53.55,2.14441e-06,2.724,-6.21695e-08,-1
53.6,2.1493e-06,2.724,5.62656e-08,-1
53.65,2.14925e-06,2.724,-9.62618e-08,-1
53.7,2.14455e-06,2.724,-2.39082e-07,-1
53.75,2.14407e-06,2.724,-1.09273e-07,-1
53.8,2.14752e-06,2.724,1.19823e-08,-1
53.85,2.14609e-06,2.724,-1.38696e-07,-1
53.9,2.14004e-06,2.724,-2.80545e-07,-1
53.95,2.1382e-06,2.724,-1.5057e-07,-1
54,2.14029e-06,2.724,-2.99008e-08,-1
54.05,2.14609e-06,2.724,8.42123e-08,-1
54.1,2.14682e-06,2.724,-7.1865e-08,-1
54.15,2.14282e-06,2.724,-2.17575e-07,-1
54.2,2.14296e-06,2.724,-9.00899e-08,-1
54.25,2.14698e-06,2.724,2.93321e-08,-1
54.3,2.14606e-06,2.724,-1.22754e-07,-1
54.35,2.14049e-06,2.724,-2.65636e-07,-1
54.4,2.13912e-06,2.724,-1.36362e-07,-1
54.45,2.14166e-06,2.724,-1.60942e-08,-1
54.5,2.1479e-06,2.724,9.78901e-08,-1
54.55,2.14909e-06,2.724,-5.80625e-08,-1
54.6,2.14555e-06,2.724,-2.03408e-07,-1
54.65,2.14617e-06,2.724,-7.5326e-08,-1
54.7,2.14205e-06,2.724,-2.21173e-07,-1
54.75,2.14207e-06,2.724,-9.38797e-08,-1
54.8,2.14595e-06,2.724,2.52938e-08,-1
54.85,2.14489e-06,2.724,-1.27097e-07,-1
54.9,2.14782e-06,2.724,-4.25091e-09,-1
54.95,2.1459e-06,2.724,-1.53729e-07,-1
55,2.13939e-06,2.724,-2.94723e-07,-1
55.05,2.13711e-06,2.724,-1.64201e-07,-1
55.1,2.13876e-06,2.724,-4.32634e-08,-1
55.15,2.14412e-06,2.724,7.08612e-08,-1
55.2,2.15306e-06,2.724,1.80648e-07,-1
55.25,2.15686e-06,2.724,2.2246e-08,-1
55.3,2.15592e-06,2.724,-1.23953e-07,-1
55.35,2.15051e-06,2.724,-2.61338e-07,-1
55.4,2.14081e-06,2.724,-3.92927e-07,-1
55.45,2.13558e-06,2.724,-2.55351e-07,-1
55.5,2.13442e-06,2.724,-1.29437e-07,-1
55.55,2.13708e-06,2.724,-1.21951e-08,-1
55.6,2.14335e-06,2.724,9.90228e-08,-1
55.65,2.15313e-06,2.724,2.0659e-07,-1
55.7,2.15773e-06,2.724,4.65734e-08,-1
55.75,2.15754e-06,2.724,-1.00703e-07,-1
55.8,2.15287e-06,2.724,-2.3868e-07,-1
55.85,2.14391e-06,2.724,-3.70417e-07,-1
55.9,2.13942e-06,2.724,-2.32577e-07,-1
55.95,2.13903e-06,2.724,-1.06005e-07,-1
56,2.14249e-06,2.724,1.22744e-08,-1
56.05,2.14961e-06,2.724,1.24904e-07,-1
56.1,2.15165e-06,2.724,-3.18334e-08,-1
56.15,2.14896e-06,2.724,-1.77444e-07,-1
56.2,2.14179e-06,2.724,-3.15237e-07,-1
56.25,2.13894e-06,2.724,-1.82083e-07,-1
56.3,2.14008e-06,2.724,-5.89985e-08,-1
56.35,2.14499e-06,2.724,5.68558e-08,-1
56.4,2.15352e-06,2.724,1.68012e-07,-1
56.45,2.15694e-06,2.724,1.06682e-08,-1
56.5,2.15565e-06,2.724,-1.34748e-07,-1
56.55,2.1499e-06,2.724,-2.71592e-07,-1
56.6,2.13989e-06,2.724,-4.02857e-07,-1
56.65,2.13433e-06,2.724,-2.65158e-07,-1
56.7,2.13285e-06,2.724,-1.39303e-07,-1
56.75,2.13518e-06,2.724,-2.2294e-08,-1
56.8,2.14111e-06,2.724,8.8524e-08,-1
56.85,2.15053e-06,2.724,1.95528e-07,-1
56.9,2.15473e-06,2.724,3.47845e-08,-1
56.95,2.15413e-06,2.724,-1.13385e-07,-1
57,2.14901e-06,2.724,-2.52427e-07,-1
57.05,2.13956e-06,2.724,-3.85409e-07,-1
57.1,2.13452e-06,2.724,-2.49005e-07,-1
57.15,2.13354e-06,2.724,-1.24075e-07,-1
57.2,2.13635e-06,2.724,-7.65905e-09,-1
57.25,2.14274e-06,2.724,1.02866e-07,-1
57.3,2.15263e-06,2.724,2.09852e-07,-1
57.35,2.15731e-06,2.724,4.93492e-08,-1
57.4,2.1572e-06,2.724,-9.8333e-08,-1
57.45,2.1526e-06,2.724,-2.36648e-07,-1
57.5,2.14369e-06,2.724,-3.68665e-07,-1
57.55,2.13925e-06,2.724,-2.31056e-07,-1
57.6,2.13891e-06,2.724,-1.04674e-07,-1
57.65,2.1424e-06,2.724,1.34517e-08,-1
57.7,2.14956e-06,2.724,1.25958e-07,-1
57.75,2.15163e-06,2.724,-3.08755e-08,-1
57.8,2.14897e-06,2.724,-1.76559e-07,-1
57.85,2.14183e-06,2.724,-3.14405e-07,-1
57.9,2.139e-06,2.724,-1.81285e-07,-1
57.95,2.14016e-06,2.724,-5.8219e-08,-1
58,2.1451e-06,2.724,5.76324e-08,-1
58.05,2.15365e-06,2.724,1.688e-07,-1
58.1,2.15711e-06,2.724,1.14809e-08,-1
58.15,2.15584e-06,2.724,-1.33897e-07,-1
58.2,2.15013e-06,2.724,-2.7069e-07,-1
58.25,2.14014e-06,2.724,-4.01892e-07,-1
58.3,2.13462e-06,2.724,-2.64115e-07,-1
58.35,2.13318e-06,2.724,-1.3817e-07,-1
58.4,2.13554e-06,2.724,-2.10545e-08,-1
58.45,2.14152e-06,2.724,8.9885e-08,-1
58.5,2.15099e-06,2.724,1.97027e-07,-1
58.55,2.15525e-06,2.724,3.64405e-08,-1
58.6,2.1547e-06,2.724,-1.11552e-07,-1
58.65,2.14965e-06,2.724,-2.50396e-07,-1
58.7,2.14027e-06,2.724,-3.83155e-07,-1
58.75,2.13532e-06,2.724,-2.46502e-07,-1
58.8,2.13443e-06,2.724,-1.21294e-07,-1
58.85,2.13734e-06,2.724,-4.56685e-09,-1
58.9,2.14385e-06,2.724,1.06305e-07,-1
58.95,2.15386e-06,2.724,2.13678e-07,-1
59,2.15868e-06,2.724,5.36072e-08,-1
59.05,2.15873e-06,2.724,-9.3594e-08,-1
59.1,2.15429e-06,2.724,-2.31373e-07,-1
59.15,2.14558e-06,2.724,-3.62793e-07,-1
59.2,2.14136e-06,2.724,-2.24518e-07,-1
59.25,2.14125e-06,2.724,-9.73946e-08,-1
59.3,2.14502e-06,2.724,2.15567e-08,-1
59.35,2.15247e-06,2.724,1.34983e-07,-1
59.4,2.15487e-06,2.724,-2.08267e-08,-1
59.45,2.15258e-06,2.724,-1.65369e-07,-1
59.5,2.14585e-06,2.724,-3.01945e-07,-1
59.55,2.13483e-06,2.724,-4.33504e-07,-1
59.6,2.12824e-06,2.724,-2.96629e-07,-1
59.65,2.12569e-06,2.724,-1.72114e-07,-1
59.7,2.12688e-06,2.724,-5.69491e-08,-1
59.75,2.13159e-06,2.724,5.15177e-08,-1
59.8,2.1397e-06,2.724,1.55653e-07,-1
59.85,2.15113e-06,2.724,2.57597e-07,-1
59.9,2.15724e-06,2.724,9.3224e-08,-1
59.95,2.15846e-06,2.724,-5.72984e-08,-1
60,2.15513e-06,2.724,-1.97539e-07,-1
60.05,2.14747e-06,2.724,-3.30659e-07,-1
60.1,2.1356e-06,2.724,-4.59495e-07,-1
60.15,2.12824e-06,2.724,-3.20533e-07,-1
60.2,2.12496e-06,2.724,-1.94491e-07,-1
60.25,2.12546e-06,2.724,-7.8296e-08,-1
60.3,2.1295e-06,2.724,3.07528e-08,-1
60.35,2.13693e-06,2.724,1.35061e-07,-1
60.4,2.14768e-06,2.724,2.36797e-07,-1
60.45,2.15309e-06,2.724,7.18559e-08,-1
60.5,2.15358e-06,2.724,-7.9583e-08,-1
60.55,2.14948e-06,2.724,-2.21083e-07,-1
60.6,2.14099e-06,2.724,-3.55807e-07,-1
60.65,2.13689e-06,2.724,-2.20504e-07,-1
60.7,2.13682e-06,2.724,-9.60948e-08,-1
60.75,2.14054e-06,2.724,2.03354e-08,-1
60.8,2.14787e-06,2.724,1.31376e-07,-1
60.85,2.15007e-06,2.724,-2.67344e-08,-1
60.9,2.14751e-06,2.724,-1.7354e-07,-1
60.95,2.14042e-06,2.724,-3.12384e-07,-1
61,2.13763e-06,2.724,-1.80165e-07,-1
61.05,2.1388e-06,2.724,-5.79217e-08,-1
61.1,2.14372e-06,2.724,5.71633e-08,-1
61.15,2.15223e-06,2.724,1.67604e-07,-1
61.2,2.15562e-06,2.724,9.58171e-09,-1
61.25,2.15427e-06,2.724,-1.3649e-07,-1
61.3,2.14845e-06,2.724,-2.7398e-07,-1
61.35,2.13833e-06,2.724,-4.05893e-07,-1
61.4,2.13265e-06,2.724,-2.68856e-07,-1
61.45,2.13103e-06,2.724,-1.43689e-07,-1
61.5,2.13319e-06,2.724,-2.74026e-08,-1
61.55,2.13892e-06,2.724,8.26458e-08,-1
61.6,2.14812e-06,2.724,1.88823e-07,-1
61.65,2.15208e-06,2.724,2.71835e-08,-1
61.7,2.15119e-06,2.724,-1.21962e-07,-1
61.75,2.14575e-06,2.724,-2.62074e-07,-1
61.8,2.14459e-06,2.724,-1.30138e-07,-1
61.85,2.14742e-06,2.724,-7.26405e-09,-1
61.9,2.1454e-06,2.724,-1.5677e-07,-1
61.95,2.14743e-06,2.724,-3.17521e-08,-1
62,2.14466e-06,2.724,-1.79688e-07,-1
62.05,2.14599e-06,2.724,-5.36094e-08,-1
62.1,2.14253e-06,2.724,-2.00944e-07,-1
62.15,2.14316e-06,2.724,-7.46826e-08,-1
62.2,2.14765e-06,2.724,4.38685e-08,-1
62.25,2.14719e-06,2.724,-1.08773e-07,-1
62.3,2.14207e-06,2.724,-2.51924e-07,-1
62.35,2.14115e-06,2.724,-1.22657e-07,-1
62.4,2.14414e-06,2.724,-2.14954e-09,-1
62.45,2.15086e-06,2.724,1.1231e-07,-1
62.5,2.15254e-06,2.724,-4.29379e-08,-1
62.55,2.14953e-06,2.724,-1.87351e-07,-1
62.6,2.14207e-06,2.724,-3.242e-07,-1
62.65,2.13895e-06,2.724,-1.90322e-07,-1
62.7,2.13984e-06,2.724,-6.67063e-08,-1
62.75,2.14451e-06,2.724,4.95074e-08,-1
62.8,2.1528e-06,2.724,1.60869e-07,-1
62.85,2.156e-06,2.724,3.58872e-09,-1
62.9,2.15447e-06,2.724,-1.41894e-07,-1
62.95,2.14849e-06,2.724,-2.7893e-07,-1
63,2.13822e-06,2.724,-4.10507e-07,-1
63.05,2.1324e-06,2.724,-2.73236e-07,-1
63.1,2.13064e-06,2.724,-1.47929e-07,-1
63.15,2.13266e-06,2.724,-3.15875e-08,-1
63.2,2.13826e-06,2.724,7.84375e-08,-1
63.25,2.14731e-06,2.724,1.84517e-07,-1
63.3,2.15112e-06,2.724,2.27088e-08,-1
63.35,2.15008e-06,2.724,-1.26676e-07,-1
63.4,2.14448e-06,2.724,-2.67095e-07,-1
63.45,2.14314e-06,2.724,-1.35539e-07,-1
63.5,2.14578e-06,2.724,-1.31171e-08,-1
63.55,2.14354e-06,2.724,-1.63153e-07,-1
63.6,2.14535e-06,2.724,-3.87448e-08,-1
63.65,2.15098e-06,2.724,7.87141e-08,-1
63.7,2.15164e-06,2.724,-7.43254e-08,-1
63.75,2.14765e-06,2.724,-2.17232e-07,-1
63.8,2.13925e-06,2.724,-3.53205e-07,-1
63.85,2.13519e-06,2.724,-2.19026e-07,-1
63.9,2.13513e-06,2.724,-9.56444e-08,-1
63.95,2.13883e-06,2.724,1.98306e-08,-1
64,2.14611e-06,2.724,1.29967e-07,-1
64.05,2.14824e-06,2.724,-2.90173e-08,-1
64.1,2.14557e-06,2.724,-1.76683e-07,-1
64.15,2.14701e-06,2.724,-5.02968e-08,-1
64.2,2.14366e-06,2.724,-1.97284e-07,-1
64.25,2.14443e-06,2.724,-7.06305e-08,-1
64.3,2.14907e-06,2.724,4.83606e-08,-1
64.35,2.14877e-06,2.724,-1.03787e-07,-1
64.4,2.14384e-06,2.724,-2.46387e-07,-1
64.45,2.14312e-06,2.724,-1.16503e-07,-1
64.5,2.14634e-06,2.724,4.69325e-09,-1
64.55,2.14466e-06,2.724,-1.46172e-07,-1
64.6,2.147e-06,2.724,-2.22365e-08,-1
64.65,2.14451e-06,2.724,-1.71017e-07,-1
64.7,2.1461e-06,2.724,-4.55746e-08,-1
64.75,2.14288e-06,2.724,-1.93361e-07,-1
64.8,2.14376e-06,2.724,-6.73874e-08,-1
64.85,2.14848e-06,2.724,5.10251e-08,-1
64.9,2.14825e-06,2.724,-1.01618e-07,-1
64.95,2.14337e-06,2.724,-2.44642e-07,-1
65,2.1427e-06,2.724,-1.15125e-07,-1
65.05,2.14595e-06,2.724,5.75263e-09,-1
65.1,2.14429e-06,2.724,-1.45392e-07,-1
65.15,2.14666e-06,2.724,-2.17056e-08,-1
65.2,2.14418e-06,2.724,-1.7071e-07,-1
65.25,2.14577e-06,2.724,-4.54711e-08,-1
65.3,2.1512e-06,2.724,7.26459e-08,-1
65.35,2.15168e-06,2.724,-7.98854e-08,-1
65.4,2.14753e-06,2.724,-2.22415e-07,-1
65.45,2.13896e-06,2.724,-3.58128e-07,-1
65.5,2.13474e-06,2.724,-2.23794e-07,-1
65.55,2.13454e-06,2.724,-1.00353e-07,-1
65.6,2.13808e-06,2.724,1.50942e-08,-1
65.65,2.1452e-06,2.724,1.25119e-07,-1
65.7,2.15581e-06,2.724,2.32036e-07,-1
65.75,2.16123e-06,2.724,7.1867e-08,-1
65.8,2.16188e-06,2.724,-7.50981e-08,-1
65.85,2.15807e-06,2.724,-2.12324e-07,-1
65.9,2.15002e-06,2.724,-3.42882e-07,-1
65.95,2.13783e-06,2.724,-4.69536e-07,-1
66,2.13021e-06,2.724,-3.28709e-07,-1
66.05,2.12672e-06,2.724,-2.01065e-07,-1
66.1,2.12705e-06,2.724,-8.34861e-08,-1
66.15,2.13096e-06,2.724,2.67667e-08,-1
66.2,2.1383e-06,2.724,1.32132e-07,-1
66.25,2.14899e-06,2.724,2.34806e-07,-1
66.3,2.15436e-06,2.724,7.07094e-08,-1
66.35,2.15484e-06,2.724,-7.99588e-08,-1
66.4,2.15075e-06,2.724,-2.20743e-07,-1
66.45,2.1423e-06,2.724,-3.5479e-07,-1
66.5,2.13825e-06,2.724,-2.18834e-07,-1
66.55,2.13826e-06,2.724,-9.37825e-08,-1
66.6,2.14207e-06,2.724,2.32913e-08,-1
66.65,2.14952e-06,2.724,1.34989e-07,-1
66.7,2.15187e-06,2.724,-2.24419e-08,-1
66.75,2.14947e-06,2.724,-1.68533e-07,-1
66.8,2.14258e-06,2.724,-3.06617e-07,-1
66.85,2.14e-06,2.724,-1.73581e-07,-1
66.9,2.14142e-06,2.724,-5.04548e-08,-1
66.95,2.14662e-06,2.724,6.55924e-08,-1
67,2.14679e-06,2.724,-8.90062e-08,-1
67.05,2.14227e-06,2.724,-2.33638e-07,-1
67.1,2.14191e-06,2.724,-1.0543e-07,-1
67.15,2.14544e-06,2.724,1.43942e-08,-1
67.2,2.15268e-06,2.724,1.2851e-07,-1
67.25,2.15489e-06,2.724,-2.67695e-08,-1
67.3,2.15242e-06,2.724,-1.70922e-07,-1
67.35,2.14551e-06,2.724,-3.07231e-07,-1
67.4,2.14297e-06,2.724,-1.72542e-07,-1
67.45,2.14448e-06,2.724,-4.7848e-08,-1
67.5,2.14982e-06,2.724,6.97161e-08,-1
67.55,2.15018e-06,2.724,-8.33863e-08,-1
67.6,2.1459e-06,2.724,-2.26514e-07,-1
67.65,2.13717e-06,2.724,-3.62862e-07,-1
67.7,2.13278e-06,2.724,-2.29207e-07,-1
67.75,2.13237e-06,2.724,-1.065e-07,-1
67.8,2.13568e-06,2.724,8.14747e-09,-1
67.85,2.14255e-06,2.724,1.17298e-07,-1
67.9,2.15287e-06,2.724,2.23256e-07,-1
67.95,2.15796e-06,2.724,6.20294e-08,-1
68,2.15825e-06,2.724,-8.61037e-08,-1
68.05,2.15404e-06,2.724,-2.24622e-07,-1
68.1,2.14553e-06,2.724,-3.56613e-07,-1
68.15,2.14149e-06,2.724,-2.18763e-07,-1
68.2,2.14156e-06,2.724,-9.19351e-08,-1
68.25,2.1455e-06,2.724,2.68375e-08,-1
68.3,2.15312e-06,2.724,1.40191e-07,-1
68.35,2.1557e-06,2.724,-1.5593e-08,-1
68.4,2.15358e-06,2.724,-1.60018e-07,-1
68.45,2.14703e-06,2.724,-2.96387e-07,-1
68.5,2.1362e-06,2.724,-4.27652e-07,-1
68.55,2.12981e-06,2.724,-2.90397e-07,-1
68.6,2.12749e-06,2.724,-1.65413e-07,-1
68.65,2.12891e-06,2.724,-4.96885e-08,-1
68.7,2.13389e-06,2.724,5.94331e-08,-1
68.75,2.14228e-06,2.724,1.64324e-07,-1
68.8,2.15403e-06,2.724,2.67133e-07,-1
68.85,2.16048e-06,2.724,1.03742e-07,-1
68.9,2.16209e-06,2.724,-4.56711e-08,-1
68.95,2.15918e-06,2.724,-1.84663e-07,-1
69,2.15198e-06,2.724,-3.16381e-07,-1
69.05,2.14064e-06,2.724,-4.43646e-07,-1
69.1,2.13386e-06,2.724,-3.02927e-07,-1
69.15,2.13122e-06,2.724,-1.7492e-07,-1
69.2,2.13244e-06,2.724,-5.65333e-08,-1
69.25,2.13727e-06,2.724,5.49618e-08,-1
69.3,2.14559e-06,2.724,1.61998e-07,-1
69.35,2.15733e-06,2.724,2.66775e-07,-1
69.4,2.16384e-06,2.724,1.05224e-07,-1
69.45,2.16555e-06,2.724,-4.24383e-08,-1
69.5,2.16281e-06,2.724,-1.79731e-07,-1
69.55,2.15583e-06,2.724,-3.09767e-07,-1
69.6,2.14477e-06,2.724,-4.35335e-07,-1
69.65,2.13832e-06,2.724,-2.92878e-07,-1
69.7,2.13608e-06,2.724,-1.63061e-07,-1
69.75,2.13774e-06,2.724,-4.27632e-08,-1
69.8,2.1431e-06,2.724,7.07701e-08,-1
69.85,2.15201e-06,2.724,1.80001e-07,-1
69.9,2.15578e-06,2.724,2.1066e-08,-1
69.95,2.15478e-06,2.724,-1.25654e-07,-1
70,2.14929e-06,2.724,-2.63558e-07,-1
70.05,2.13951e-06,2.724,-3.95672e-07,-1
70.1,2.13416e-06,2.724,-2.58639e-07,-1
70.15,2.13288e-06,2.724,-1.33293e-07,-1
70.2,2.13539e-06,2.724,-1.66519e-08,-1
70.25,2.1415e-06,2.724,9.39222e-08,-1
70.3,2.15109e-06,2.724,2.00794e-07,-1
70.35,2.15546e-06,2.724,4.0022e-08,-1
70.4,2.15503e-06,2.724,-1.08081e-07,-1
70.45,2.15009e-06,2.724,-2.46965e-07,-1
70.5,2.14082e-06,2.724,-3.79701e-07,-1
70.55,2.13599e-06,2.724,-2.42963e-07,-1
70.6,2.13522e-06,2.724,-1.17613e-07,-1
70.65,2.13825e-06,2.724,-6.86571e-10,-1
70.7,2.1449e-06,2.724,1.10442e-07,-1
70.75,2.15506e-06,2.724,2.1813e-07,-1
70.8,2.16004e-06,2.724,5.84345e-08,-1
70.85,2.16026e-06,2.724,-8.83281e-08,-1
70.9,2.15602e-06,2.724,-2.25601e-07,-1
70.95,2.14752e-06,2.724,-3.56443e-07,-1
71,2.13487e-06,2.724,-4.83606e-07,-1
71.05,2.12676e-06,2.724,-3.43509e-07,-1
71.1,2.12275e-06,2.724,-2.16814e-07,-1
71.15,2.12253e-06,2.724,-1.00409e-07,-1
71.2,2.12584e-06,2.724,8.43953e-09,-1
71.25,2.13252e-06,2.724,1.12159e-07,-1
71.3,2.14249e-06,2.724,2.12932e-07,-1
71.35,2.15572e-06,2.724,3.12754e-07,-1
71.4,2.16359e-06,2.724,1.47381e-07,-1
71.45,2.16659e-06,2.724,-3.10558e-09,-1
71.5,2.16506e-06,2.724,-1.4234e-07,-1
71.55,2.15927e-06,2.724,-2.73526e-07,-1
71.6,2.14937e-06,2.724,-3.99521e-07,-1
71.65,2.13545e-06,2.724,-5.22913e-07,-1
71.7,2.12615e-06,2.724,-3.79988e-07,-1
71.75,2.12103e-06,2.724,-2.51296e-07,-1
71.8,2.11972e-06,2.724,-1.33639e-07,-1
71.85,2.12196e-06,2.724,-2.42121e-08,-1
71.9,2.12758e-06,2.724,7.94628e-08,-1
71.95,2.13646e-06,2.724,1.79607e-07,-1
72,2.14856e-06,2.724,2.7824e-07,-1
72.05,2.15524e-06,2.724,1.11134e-07,-1
72.1,2.15697e-06,2.724,-4.16293e-08,-1
72.15,2.15409e-06,2.724,-1.8369e-07,-1
72.2,2.14683e-06,2.724,-3.18267e-07,-1
72.25,2.13533e-06,2.724,-4.48245e-07,-1
72.3,2.1283e-06,2.724,-3.10154e-07,-1
72.35,2.12534e-06,2.724,-1.8474e-07,-1
72.4,2.12614e-06,2.724,-6.89604e-08,-1
72.45,2.13048e-06,2.724,3.98673e-08,-1
72.5,2.13821e-06,2.724,1.44131e-07,-1
72.55,2.14926e-06,2.724,2.4599e-07,-1
72.6,2.15498e-06,2.724,8.13282e-08,-1
72.65,2.1558e-06,2.724,-6.96785e-08,-1
72.7,2.15203e-06,2.724,-2.10596e-07,-1
72.75,2.14391e-06,2.724,-3.44585e-07,-1
72.8,2.14021e-06,2.724,-2.08391e-07,-1
72.85,2.14057e-06,2.724,-8.293e-08,-1
72.9,2.14476e-06,2.724,3.47231e-08,-1
72.95,2.15261e-06,2.724,1.47169e-07,-1
73,2.15539e-06,2.724,-9.34148e-09,-1
73.05,2.15345e-06,2.724,-1.54335e-07,-1
73.1,2.14707e-06,2.724,-2.91134e-07,-1
73.15,2.13641e-06,2.724,-4.22709e-07,-1
73.2,2.13018e-06,2.724,-2.85655e-07,-1
73.25,2.128e-06,2.724,-1.60775e-07,-1
73.3,2.12958e-06,2.724,-4.50641e-08,-1
73.35,2.13471e-06,2.724,6.41277e-08,-1
73.4,2.14326e-06,2.724,1.69169e-07,-1
73.45,2.15517e-06,2.724,2.72205e-07,-1
73.5,2.1618e-06,2.724,1.09119e-07,-1
73.55,2.16359e-06,2.724,-3.99123e-08,-1
73.6,2.16089e-06,2.724,-1.78443e-07,-1
73.65,2.15392e-06,2.724,-3.09617e-07,-1
73.7,2.14282e-06,2.724,-4.36249e-07,-1
73.75,2.1363e-06,2.724,-2.94805e-07,-1
73.8,2.13396e-06,2.724,-1.65973e-07,-1
73.85,2.1355e-06,2.724,-4.66517e-08,-1
73.9,2.1407e-06,2.724,6.5897e-08,-1
73.95,2.14942e-06,2.724,1.74117e-07,-1
74,2.15295e-06,2.724,1.41295e-08,-1
74.05,2.15168e-06,2.724,-1.33702e-07,-1
74.1,2.14589e-06,2.724,-2.72793e-07,-1
74.15,2.13576e-06,2.724,-4.06186e-07,-1
74.2,2.13002e-06,2.724,-2.7054e-07,-1
74.25,2.1283e-06,2.724,-1.46708e-07,-1
74.3,2.13032e-06,2.724,-3.17283e-08,-1
74.35,2.13587e-06,2.724,7.7018e-08,-1
74.4,2.14483e-06,2.724,1.81873e-07,-1
74.45,2.15716e-06,2.724,2.84963e-07,-1
74.5,2.16422e-06,2.724,1.22156e-07,-1
74.55,2.16645e-06,2.724,-2.63787e-08,-1
74.6,2.16422e-06,2.724,-1.64201e-07,-1
74.65,2.15774e-06,2.724,-2.94455e-07,-1
74.7,2.14718e-06,2.724,-4.19953e-07,-1
74.75,2.13259e-06,2.724,-5.43246e-07,-1
74.8,2.12262e-06,2.724,-4.00593e-07,-1
74.85,2.1168e-06,2.724,-2.72527e-07,-1
74.9,2.11477e-06,2.724,-1.55836e-07,-1
74.95,2.11624e-06,2.724,-4.77149e-08,-1
75,2.12103e-06,2.724,5.43141e-08,-1
75.05,2.12902e-06,2.724,1.52464e-07,-1
75.1,2.14015e-06,2.724,2.4874e-07,-1
75.15,2.15442e-06,2.724,3.44987e-07,-1
75.2,2.16325e-06,2.724,1.76843e-07,-1
75.25,2.16713e-06,2.724,2.42872e-08,-1
75.3,2.16645e-06,2.724,-1.16395e-07,-1
75.35,2.16147e-06,2.724,-2.48472e-07,-1
75.4,2.15238e-06,2.724,-3.74854e-07,-1
75.45,2.13927e-06,2.724,-4.98165e-07,-1
75.5,2.1308e-06,2.724,-3.54719e-07,-1
75.55,2.12653e-06,2.724,-2.25086e-07,-1
75.6,2.12613e-06,2.724,-1.06074e-07,-1
75.65,2.12934e-06,2.724,5.11613e-09,-1
75.7,2.13599e-06,2.724,1.10971e-07,-1
75.75,2.14599e-06,2.724,2.13726e-07,-1
75.8,2.15066e-06,2.724,4.93253e-08,-1
75.85,2.15042e-06,2.724,-1.02012e-07,-1
75.9,2.14557e-06,2.724,-2.43819e-07,-1
75.95,2.14496e-06,2.724,-1.13146e-07,-1
76,2.14832e-06,2.724,8.85082e-09,-1
76.05,2.1468e-06,2.724,-1.41189e-07,-1
76.1,2.14069e-06,2.724,-2.82484e-07,-1
76.15,2.13881e-06,2.724,-1.52025e-07,-1
76.2,2.14087e-06,2.724,-3.0928e-08,-1
76.25,2.14665e-06,2.724,8.35678e-08,-1
76.3,2.14737e-06,2.724,-7.21624e-08,-1
76.35,2.14337e-06,2.724,-2.17552e-07,-1
76.4,2.14352e-06,2.724,-8.97666e-08,-1
76.45,2.14756e-06,2.724,2.99429e-08,-1
76.5,2.14667e-06,2.724,-1.21862e-07,-1
76.55,2.14114e-06,2.724,-2.64465e-07,-1
76.6,2.13982e-06,2.724,-1.34909e-07,-1
76.65,2.14242e-06,2.724,-1.435e-08,-1
76.7,2.14873e-06,2.724,9.99386e-08,-1
76.75,2.14999e-06,2.724,-5.56919e-08,-1
76.8,2.14654e-06,2.724,-2.00693e-07,-1
76.85,2.13862e-06,2.724,-3.38332e-07,-1
76.9,2.135e-06,2.724,-2.05449e-07,-1
76.95,2.13535e-06,2.724,-8.30381e-08,-1
77,2.13944e-06,2.724,3.17533e-08,-1
77.05,2.1471e-06,2.724,1.41463e-07,-1
77.1,2.14959e-06,2.724,-1.77153e-08,-1
77.15,2.14729e-06,2.724,-1.6536e-07,-1
77.2,2.14046e-06,2.724,-3.04843e-07,-1
77.25,2.13789e-06,2.724,-1.73087e-07,-1
77.3,2.13929e-06,2.724,-5.11523e-08,-1
77.35,2.14442e-06,2.724,6.37657e-08,-1
77.4,2.15315e-06,2.724,1.74169e-07,-1
77.45,2.15675e-06,2.724,1.62283e-08,-1
77.5,2.15562e-06,2.724,-1.29646e-07,-1
77.55,2.15004e-06,2.724,-2.66829e-07,-1
77.6,2.14016e-06,2.724,-3.98327e-07,-1
77.65,2.13475e-06,2.724,-2.60763e-07,-1
77.7,2.13342e-06,2.724,-1.34957e-07,-1
77.75,2.13589e-06,2.724,-1.79155e-08,-1
77.8,2.14196e-06,2.724,9.30117e-08,-1
77.85,2.15153e-06,2.724,2.00199e-07,-1
77.9,2.1559e-06,2.724,3.97106e-08,-1
77.95,2.15547e-06,2.724,-1.08131e-07,-1
78,2.15053e-06,2.724,-2.46771e-07,-1
78.05,2.14128e-06,2.724,-3.79275e-07,-1
78.1,2.13647e-06,2.724,-2.42312e-07,-1
78.15,2.13573e-06,2.724,-1.16739e-07,-1
78.2,2.1388e-06,2.724,4.12039e-10,-1
78.25,2.14549e-06,2.724,1.11771e-07,-1
78.3,2.1557e-06,2.724,2.19699e-07,-1
78.35,2.16074e-06,2.724,6.02562e-08,-1
78.4,2.16103e-06,2.724,-8.62366e-08,-1
78.45,2.15687e-06,2.724,-2.23219e-07,-1
78.5,2.14845e-06,2.724,-3.53746e-07,-1
78.55,2.13591e-06,2.724,-4.80565e-07,-1
78.6,2.12791e-06,2.724,-3.40091e-07,-1
78.65,2.12403e-06,2.724,-2.12982e-07,-1
78.7,2.12395e-06,2.724,-9.61191e-08,-1
78.75,2.12741e-06,2.724,1.32358e-08,-1
78.8,2.13428e-06,2.724,1.17516e-07,-1
78.85,2.14444e-06,2.724,2.18911e-07,-1
78.9,2.15789e-06,2.724,3.19423e-07,-1
78.95,2.16601e-06,2.724,1.54817e-07,-1
79,2.16927e-06,2.724,5.18283e-09,-1
79.05,2.16805e-06,2.724,-1.33104e-07,-1
79.1,2.1626e-06,2.724,-2.63235e-07,-1
79.15,2.15308e-06,2.724,-3.88056e-07,-1
79.2,2.13958e-06,2.724,-5.10142e-07,-1
79.25,2.13075e-06,2.724,-3.65763e-07,-1
79.3,2.12615e-06,2.724,-2.35454e-07,-1
79.35,2.12542e-06,2.724,-1.15994e-07,-1
79.4,2.12831e-06,2.724,-4.56158e-09,-1
79.45,2.13465e-06,2.724,1.01347e-07,-1
79.5,2.14433e-06,2.724,2.03978e-07,-1
79.55,2.15732e-06,2.724,3.0538e-07,-1
79.6,2.165e-06,2.724,1.41357e-07,-1
79.65,2.16784e-06,2.724,-7.97245e-09,-1
79.7,2.16619e-06,2.724,-1.46209e-07,-1
79.75,2.1603e-06,2.724,-2.76529e-07,-1
79.8,2.15033e-06,2.724,-4.01767e-07,-1
79.85,2.13636e-06,2.724,-5.2449e-07,-1
79.9,2.12703e-06,2.724,-3.80965e-07,-1
79.95,2.12189e-06,2.724,-2.51729e-07,-1
80,2.12059e-06,2.724,-1.33569e-07,-1
80.05,2.12285e-06,2.724,-2.36694e-08,-1
80.1,2.1285e-06,2.724,8.04583e-08,-1
80.15,2.13743e-06,2.724,1.81045e-07,-1
80.2,2.14959e-06,2.724,2.80118e-07,-1
80.25,2.15635e-06,2.724,1.13459e-07,-1
80.3,2.15817e-06,2.724,-3.88433e-08,-1
80.35,2.1554e-06,2.724,-1.80422e-07,-1
80.4,2.14826e-06,2.724,-3.14488e-07,-1
80.45,2.1369e-06,2.724,-4.43921e-07,-1
80.5,2.13004e-06,2.724,-3.05239e-07,-1
80.55,2.12726e-06,2.724,-1.79184e-07,-1
80.6,2.12827e-06,2.724,-6.27034e-08,-1
80.65,2.13283e-06,2.724,4.68938e-08,-1
80.7,2.14083e-06,2.724,1.52006e-07,-1
80.75,2.15217e-06,2.724,2.548e-07,-1
80.8,2.15821e-06,2.724,9.1174e-08,-1
80.85,2.15939e-06,2.724,-5.8685e-08,-1
80.9,2.15603e-06,2.724,-1.98329e-07,-1
80.95,2.14836e-06,2.724,-3.30904e-07,-1
81,2.13651e-06,2.724,-4.59232e-07,-1
81.05,2.12917e-06,2.724,-3.1979e-07,-1
81.1,2.12593e-06,2.724,-1.93284e-07,-1
81.15,2.12648e-06,2.724,-7.66331e-08,-1
81.2,2.13059e-06,2.724,3.28733e-08,-1
81.25,2.13811e-06,2.724,1.37648e-07,-1
81.3,2.14897e-06,2.724,2.39869e-07,-1
81.35,2.15449e-06,2.724,7.54372e-08,-1
81.4,2.15512e-06,2.724,-7.54599e-08,-1
81.45,2.15117e-06,2.724,-2.16378e-07,-1
81.5,2.14286e-06,2.724,-3.50472e-07,-1
81.55,2.13895e-06,2.724,-2.14482e-07,-1
81.6,2.13911e-06,2.724,-8.9321e-08,-1
81.65,2.14308e-06,2.724,2.79357e-08,-1
81.7,2.15069e-06,2.724,1.39888e-07,-1
81.75,2.1532e-06,2.724,-1.72158e-08,-1
81.8,2.15099e-06,2.724,-1.62907e-07,-1
81.85,2.1443e-06,2.724,-3.00515e-07,-1
81.9,2.14194e-06,2.724,-1.66923e-07,-1
81.95,2.1436e-06,2.724,-4.31552e-08,-1
82,2.14906e-06,2.724,7.36242e-08,-1
82.05,2.14953e-06,2.724,-8.01438e-08,-1
82.1,2.14533e-06,2.724,-2.23838e-07,-1
82.15,2.14532e-06,2.724,-9.45745e-08,-1
82.2,2.14925e-06,2.724,2.64337e-08,-1
82.25,2.14829e-06,2.724,-1.24217e-07,-1
82.3,2.14272e-06,2.724,-2.6578e-07,-1
82.35,2.14139e-06,2.724,-1.35272e-07,-1
82.4,2.144e-06,2.724,-1.38279e-08,-1
82.45,2.15036e-06,2.724,1.013e-07,-1
82.5,2.1517e-06,2.724,-5.35192e-08,-1
82.55,2.14835e-06,2.724,-1.9772e-07,-1
82.6,2.14055e-06,2.724,-3.34557e-07,-1
82.65,2.13708e-06,2.724,-2.00853e-07,-1
82.7,2.13762e-06,2.724,-7.75901e-08,-1
82.75,2.14191e-06,2.724,3.80978e-08,-1
82.8,2.14981e-06,2.724,1.48762e-07,-1
82.85,2.15258e-06,2.724,-9.39053e-09,-1
82.9,2.15059e-06,2.724,-1.55924e-07,-1
82.95,2.14411e-06,2.724,-2.94196e-07,-1
83,2.14194e-06,2.724,-1.61114e-07,-1
83.05,2.14377e-06,2.724,-3.77195e-08,-1
83.1,2.1494e-06,2.724,7.88074e-08,-1
83.15,2.15003e-06,2.724,-7.51041e-08,-1
83.2,2.146e-06,2.724,-2.18842e-07,-1
83.25,2.13751e-06,2.724,-3.55623e-07,-1
83.3,2.13334e-06,2.724,-2.22246e-07,-1
83.35,2.13315e-06,2.724,-9.96733e-08,-1
83.4,2.13669e-06,2.724,1.49709e-08,-1
83.45,2.14379e-06,2.724,1.24241e-07,-1
83.5,2.15434e-06,2.724,2.30435e-07,-1
83.55,2.15968e-06,2.724,6.95591e-08,-1
83.6,2.16023e-06,2.724,-7.81099e-08,-1
83.65,2.1563e-06,2.724,-2.16049e-07,-1
83.7,2.1481e-06,2.724,-3.47345e-07,-1
83.75,2.13574e-06,2.724,-4.74768e-07,-1
83.8,2.12791e-06,2.724,-3.34758e-07,-1
83.85,2.1242e-06,2.724,-2.07987e-07,-1
83.9,2.12427e-06,2.724,-9.13526e-08,-1
83.95,2.12789e-06,2.724,1.78744e-08,-1
84,2.1349e-06,2.724,1.22118e-07,-1
84.05,2.14522e-06,2.724,2.23562e-07,-1
84.1,2.15882e-06,2.724,3.24202e-07,-1
84.15,2.1671e-06,2.724,1.59803e-07,-1
84.2,2.17054e-06,2.724,1.04519e-08,-1
84.25,2.1695e-06,2.724,-1.27474e-07,-1
84.3,2.16425e-06,2.724,-2.57166e-07,-1
84.35,2.15495e-06,2.724,-3.81468e-07,-1
84.4,2.14168e-06,2.724,-5.02948e-07,-1
84.45,2.13311e-06,2.724,-3.57872e-07,-1
84.5,2.12879e-06,2.724,-2.26767e-07,-1
84.55,2.12838e-06,2.724,-1.06405e-07,-1
84.6,2.13162e-06,2.724,6.04468e-09,-1
84.65,2.13835e-06,2.724,1.13097e-07,-1
84.7,2.14846e-06,2.724,2.17013e-07,-1
84.75,2.15328e-06,2.724,5.37594e-08,-1
84.8,2.15322e-06,2.724,-9.64223e-08,-1
84.85,2.1486e-06,2.724,-2.37046e-07,-1
84.9,2.13961e-06,2.724,-3.71235e-07,-1
84.95,2.13501e-06,2.724,-2.35708e-07,-1
85,2.13444e-06,2.724,-1.11362e-07,-1
85.05,2.13765e-06,2.724,4.73574e-09,-1
85.1,2.14445e-06,2.724,1.15184e-07,-1
85.15,2.15474e-06,2.724,2.2232e-07,-1
85.2,2.15984e-06,2.724,6.21822e-08,-1
85.25,2.16017e-06,2.724,-8.49279e-08,-1
85.3,2.15603e-06,2.724,-2.22466e-07,-1
85.35,2.14763e-06,2.724,-3.535e-07,-1
85.4,2.13507e-06,2.724,-4.80789e-07,-1
85.45,2.12705e-06,2.724,-3.40761e-07,-1
85.5,2.12313e-06,2.724,-2.14082e-07,-1
85.55,2.123e-06,2.724,-9.76415e-08,-1
85.6,2.1264e-06,2.724,1.12898e-08,-1
85.65,2.13318e-06,2.724,1.15138e-07,-1
85.7,2.14326e-06,2.724,2.16086e-07,-1
85.75,2.1566e-06,2.724,3.16127e-07,-1
85.8,2.16459e-06,2.724,1.51021e-07,-1
85.85,2.16771e-06,2.724,8.49363e-10,-1
85.9,2.16633e-06,2.724,-1.38018e-07,-1
85.95,2.16069e-06,2.724,-2.68783e-07,-1
86,2.15097e-06,2.724,-3.94298e-07,-1
86.05,2.13724e-06,2.724,-5.17146e-07,-1
86.1,2.12815e-06,2.724,-3.73607e-07,-1
86.15,2.12326e-06,2.724,-2.44226e-07,-1
86.2,2.12221e-06,2.724,-1.25795e-07,-1
86.25,2.12474e-06,2.724,-1.55018e-08,-1
86.3,2.13067e-06,2.724,8.91416e-08,-1
86.35,2.13991e-06,2.724,1.90368e-07,-1
86.4,2.1524e-06,2.724,2.90208e-07,-1
86.45,2.15952e-06,2.724,1.24449e-07,-1
86.5,2.16174e-06,2.724,-2.68125e-08,-1
86.55,2.1594e-06,2.724,-1.67199e-07,-1
86.6,2.15274e-06,2.724,-2.99911e-07,-1
86.65,2.14191e-06,2.724,-4.27811e-07,-1
86.7,2.13564e-06,2.724,-2.87404e-07,-1
86.75,2.13351e-06,2.724,-1.59411e-07,-1
86.8,2.13524e-06,2.724,-4.07578e-08,-1
86.85,2.14061e-06,2.724,7.12697e-08,-1
86.9,2.14949e-06,2.724,1.79098e-07,-1
86.95,2.15317e-06,2.724,1.88316e-08,-1
87,2.15206e-06,2.724,-1.29177e-07,-1
87.05,2.14641e-06,2.724,-2.68351e-07,-1
87.1,2.13643e-06,2.724,-4.01744e-07,-1
87.15,2.13084e-06,2.724,-2.66017e-07,-1
87.2,2.12927e-06,2.724,-1.42029e-07,-1
87.25,2.13144e-06,2.724,-2.68174e-08,-1
87.3,2.13716e-06,2.724,8.22337e-08,-1
87.35,2.14631e-06,2.724,1.87468e-07,-1
87.4,2.15019e-06,2.724,2.49212e-08,-1
87.45,2.1492e-06,2.724,-1.25116e-07,-1
87.5,2.14362e-06,2.724,-2.6612e-07,-1
87.55,2.1423e-06,2.724,-1.35095e-07,-1
87.6,2.14494e-06,2.724,-1.31617e-08,-1
87.65,2.15133e-06,2.724,1.02436e-07,-1
87.7,2.15272e-06,2.724,-5.19217e-08,-1
87.75,2.14944e-06,2.724,-1.95662e-07,-1
87.8,2.14173e-06,2.724,-3.32029e-07,-1
87.85,2.13836e-06,2.724,-1.9784e-07,-1
87.9,2.13901e-06,2.724,-7.40677e-08,-1
87.95,2.14344e-06,2.724,4.21608e-08,-1
88,2.15149e-06,2.724,1.53404e-07,-1
88.05,2.15443e-06,2.724,-4.12067e-09,-1
88.1,2.15264e-06,2.724,-1.49972e-07,-1
88.15,2.14638e-06,2.724,-2.87497e-07,-1
88.2,2.13581e-06,2.724,-4.19687e-07,-1
88.25,2.12966e-06,2.724,-2.83156e-07,-1
88.3,2.12755e-06,2.724,-1.5872e-07,-1
88.35,2.12918e-06,2.724,-4.33901e-08,-1
88.4,2.13435e-06,2.724,6.54751e-08,-1
88.45,2.14294e-06,2.724,1.70234e-07,-1
88.5,2.15487e-06,2.724,2.73025e-07,-1
88.55,2.16152e-06,2.724,1.09724e-07,-1
88.6,2.16333e-06,2.724,-3.94976e-08,-1
88.65,2.16063e-06,2.724,-1.78199e-07,-1
88.7,2.15366e-06,2.724,-3.09529e-07,-1
88.75,2.14256e-06,2.724,-4.36307e-07,-1
88.8,2.13604e-06,2.724,-2.95e-07,-1
88.85,2.13369e-06,2.724,-1.66299e-07,-1
88.9,2.13521e-06,2.724,-4.7107e-08,-1
88.95,2.14039e-06,2.724,6.53123e-08,-1
89,2.14908e-06,2.724,1.73401e-07,-1
89.05,2.15259e-06,2.724,1.32763e-08,-1
89.1,2.15129e-06,2.724,-1.34699e-07,-1
89.15,2.14546e-06,2.724,-2.73942e-07,-1
89.2,2.14394e-06,2.724,-1.41405e-07,-1
89.25,2.14641e-06,2.724,-1.81691e-08,-1
89.3,2.14404e-06,2.724,-1.67532e-07,-1
89.35,2.14572e-06,2.724,-4.25729e-08,-1
89.4,2.15124e-06,2.724,7.53342e-08,-1
89.45,2.1518e-06,2.724,-7.73456e-08,-1
89.5,2.14773e-06,2.724,-2.19969e-07,-1
89.55,2.13924e-06,2.724,-3.55726e-07,-1
89.6,2.1351e-06,2.724,-2.2139e-07,-1
89.65,2.13498e-06,2.724,-9.79032e-08,-1
89.7,2.1386e-06,2.724,1.76297e-08,-1
89.75,2.14581e-06,2.724,1.27781e-07,-1
89.8,2.14787e-06,2.724,-3.1229e-08,-1
89.85,2.14512e-06,2.724,-1.78958e-07,-1
89.9,2.14648e-06,2.724,-5.26725e-08,-1
89.95,2.14306e-06,2.724,-1.99796e-07,-1
90,2.14374e-06,2.724,-7.33163e-08,-1
90.05,2.14828e-06,2.724,4.54642e-08,-1
90.1,2.14788e-06,2.724,-1.06933e-07,-1
90.15,2.14283e-06,2.724,-2.49823e-07,-1
90.2,2.14199e-06,2.724,-1.20273e-07,-1
90.25,2.14507e-06,2.724,5.42462e-10,-1
90.3,2.15189e-06,2.724,1.15339e-07,-1
90.35,2.15368e-06,2.724,-3.95383e-08,-1
90.4,2.15079e-06,2.724,-1.83543e-07,-1
90.45,2.14347e-06,2.724,-3.19941e-07,-1
90.5,2.14051e-06,2.724,-1.85563e-07,-1
90.55,2.14157e-06,2.724,-6.13939e-08,-1
90.6,2.14644e-06,2.724,5.54346e-08,-1
90.65,2.1463e-06,2.724,-9.8614e-08,-1
90.7,2.14148e-06,2.724,-2.42903e-07,-1
90.75,2.14082e-06,2.724,-1.14539e-07,-1
90.8,2.14405e-06,2.724,5.26691e-09,-1
90.85,2.15099e-06,2.724,1.19202e-07,-1
90.9,2.15288e-06,2.724,-3.6414e-08,-1
90.95,2.15008e-06,2.724,-1.81055e-07,-1
91,2.14282e-06,2.724,-3.18004e-07,-1
91.05,2.1399e-06,2.724,-1.84109e-07,-1
91.1,2.141e-06,2.724,-6.03661e-08,-1
91.15,2.14588e-06,2.724,5.60813e-08,-1
91.2,2.14576e-06,2.724,-9.83129e-08,-1
91.25,2.14958e-06,2.724,2.31728e-08,-1
91.3,2.14852e-06,2.724,-1.27089e-07,-1
91.35,2.14288e-06,2.724,-2.68339e-07,-1
91.4,2.14147e-06,2.724,-1.37583e-07,-1
91.45,2.14401e-06,2.724,-1.59486e-08,-1
91.5,2.15031e-06,2.724,9.93199e-08,-1
91.55,2.15158e-06,2.724,-5.54031e-08,-1
91.6,2.14817e-06,2.724,-1.99548e-07,-1
91.65,2.14031e-06,2.724,-3.36364e-07,-1
91.7,2.13679e-06,2.724,-2.02674e-07,-1
91.75,2.13726e-06,2.724,-7.94567e-08,-1
91.8,2.14149e-06,2.724,3.6155e-08,-1
91.85,2.14932e-06,2.724,1.46712e-07,-1
91.9,2.15202e-06,2.724,-1.15761e-08,-1
91.95,2.14996e-06,2.724,-1.58277e-07,-1
92,2.14339e-06,2.724,-2.96748e-07,-1
92.05,2.14113e-06,2.724,-1.63897e-07,-1
92.1,2.14286e-06,2.724,-4.07713e-08,-1
92.15,2.14838e-06,2.724,7.54496e-08,-1
92.2,2.14889e-06,2.724,-7.88092e-08,-1
92.25,2.14472e-06,2.724,-2.22939e-07,-1
92.3,2.14473e-06,2.724,-9.40685e-08,-1
92.35,2.14866e-06,2.724,2.65808e-08,-1
92.4,2.14769e-06,2.724,-1.24404e-07,-1
92.45,2.14211e-06,2.724,-2.66283e-07,-1
92.5,2.14075e-06,2.724,-1.36081e-07,-1
92.55,2.14332e-06,2.724,-1.49378e-08,-1
92.6,2.14964e-06,2.724,9.98879e-08,-1
92.65,2.15092e-06,2.724,-5.524e-08,-1
92.7,2.1475e-06,2.724,-1.99762e-07,-1
92.75,2.13962e-06,2.724,-3.36935e-07,-1
92.8,2.13606e-06,2.724,-2.03589e-07,-1
92.85,2.1365e-06,2.724,-8.07119e-08,-1
92.9,2.14067e-06,2.724,3.45587e-08,-1
92.95,2.14844e-06,2.724,1.44768e-07,-1
93,2.15106e-06,2.724,-1.38824e-08,-1
93.05,2.14891e-06,2.724,-1.60963e-07,-1
93.1,2.14224e-06,2.724,-2.99839e-07,-1
93.15,2.13986e-06,2.724,-1.67424e-07,-1
93.2,2.14146e-06,2.724,-4.47689e-08,-1
93.25,2.14683e-06,2.724,7.09386e-08,-1
93.3,2.14718e-06,2.724,-8.38824e-08,-1
93.35,2.14282e-06,2.724,-2.28631e-07,-1
93.4,2.14262e-06,2.724,-1.00442e-07,-1
93.45,2.14631e-06,2.724,1.94538e-08,-1
93.5,2.14508e-06,2.724,-1.32365e-07,-1
93.55,2.14785e-06,2.724,-9.07712e-09,-1
93.6,2.14578e-06,2.724,-1.58228e-07,-1
93.65,2.13914e-06,2.724,-2.98995e-07,-1
93.7,2.13672e-06,2.724,-1.68338e-07,-1
93.75,2.13824e-06,2.724,-4.73479e-08,-1
93.8,2.14347e-06,2.724,6.67527e-08,-1
93.85,2.15227e-06,2.724,1.76443e-07,-1
93.9,2.15593e-06,2.724,1.78754e-08,-1
93.95,2.15483e-06,2.724,-1.28558e-07,-1
94,2.14926e-06,2.724,-2.66245e-07,-1
94.05,2.13939e-06,2.724,-3.98205e-07,-1
94.1,2.13397e-06,2.724,-2.61072e-07,-1
94.15,2.13261e-06,2.724,-1.35676e-07,-1
94.2,2.13504e-06,2.724,-1.90311e-08,-1
94.25,2.14107e-06,2.724,9.15037e-08,-1
94.3,2.15058e-06,2.724,1.98296e-07,-1
94.35,2.15487e-06,2.724,3.74032e-08,-1
94.4,2.15435e-06,2.724,-1.10859e-07,-1
94.45,2.14931e-06,2.724,-2.49942e-07,-1
94.5,2.13994e-06,2.724,-3.82919e-07,-1
94.55,2.13499e-06,2.724,-2.46465e-07,-1
94.6,2.13409e-06,2.724,-1.21442e-07,-1
94.65,2.13699e-06,2.724,-4.89263e-09,-1
94.7,2.14348e-06,2.724,1.05807e-07,-1
94.75,2.15347e-06,2.724,2.13011e-07,-1
94.8,2.15826e-06,2.724,5.27684e-08,-1
94.85,2.15828e-06,2.724,-9.46083e-08,-1
94.9,2.1538e-06,2.724,-2.3257e-07,-1
94.95,2.14505e-06,2.724,-3.64183e-07,-1
95,2.14077e-06,2.724,-2.26114e-07,-1
95.05,2.14061e-06,2.724,-9.92118e-08,-1
95.1,2.1443e-06,2.724,1.94993e-08,-1
95.15,2.15168e-06,2.724,1.32663e-07,-1
95.2,2.154e-06,2.724,-2.34337e-08,-1
95.25,2.15161e-06,2.724,-1.68293e-07,-1
95.3,2.14476e-06,2.724,-3.05217e-07,-1
95.35,2.14227e-06,2.724,-1.71069e-07,-1
95.4,2.14381e-06,2.724,-4.68548e-08,-1
95.45,2.14916e-06,2.724,7.0277e-08,-1
95.5,2.14953e-06,2.724,-8.32207e-08,-1
95.55,2.14524e-06,2.724,-2.26716e-07,-1
95.6,2.14514e-06,2.724,-9.73191e-08,-1
95.65,2.14898e-06,2.724,2.37656e-08,-1
95.7,2.14793e-06,2.724,-1.26861e-07,-1
95.75,2.14228e-06,2.724,-2.6845e-07,-1
95.8,2.14086e-06,2.724,-1.38013e-07,-1
95.85,2.14338e-06,2.724,-1.66855e-08,-1
95.9,2.14964e-06,2.724,9.8282e-08,-1
95.95,2.15087e-06,2.724,-5.67417e-08,-1
96,2.14741e-06,2.724,-2.01193e-07,-1
96.05,2.13948e-06,2.724,-3.38325e-07,-1
96.1,2.13588e-06,2.724,-2.04967e-07,-1
96.15,2.13627e-06,2.724,-8.21023e-08,-1
96.2,2.1404e-06,2.724,3.31316e-08,-1
96.25,2.14812e-06,2.724,1.43281e-07,-1
96.3,2.15069e-06,2.724,-1.54526e-08,-1
96.35,2.14848e-06,2.724,-1.6264e-07,-1
96.4,2.14175e-06,2.724,-3.01645e-07,-1
96.45,2.1393e-06,2.724,-1.69384e-07,-1
96.5,2.14084e-06,2.724,-4.69082e-08,-1
96.55,2.14613e-06,2.724,6.85926e-08,-1
96.6,2.14639e-06,2.724,-8.64643e-08,-1
96.65,2.14194e-06,2.724,-2.3148e-07,-1
96.7,2.14163e-06,2.724,-1.03593e-07,-1
96.75,2.14522e-06,2.724,1.59627e-08,-1
96.8,2.1525e-06,2.724,1.29855e-07,-1
96.85,2.15475e-06,2.724,-2.56091e-08,-1
96.9,2.15231e-06,2.724,-1.69914e-07,-1
96.95,2.14543e-06,2.724,-3.06348e-07,-1
97,2.14292e-06,2.724,-1.71761e-07,-1
97.05,2.14445e-06,2.724,-4.71473e-08,-1
97.1,2.1498e-06,2.724,7.03536e-08,-1
97.15,2.15019e-06,2.724,-8.27966e-08,-1
97.2,2.14592e-06,2.724,-2.25959e-07,-1
97.25,2.13721e-06,2.724,-3.62328e-07,-1
97.3,2.13284e-06,2.724,-2.28685e-07,-1
97.35,2.13244e-06,2.724,-1.0598e-07,-1
97.4,2.13577e-06,2.724,8.67629e-09,-1
97.45,2.14266e-06,2.724,1.17844e-07,-1
97.5,2.153e-06,2.724,2.23827e-07,-1
97.55,2.15811e-06,2.724,6.26356e-08,-1
97.6,2.15842e-06,2.724,-8.54543e-08,-1
97.65,2.15423e-06,2.724,-2.2392e-07,-1
97.7,2.14575e-06,2.724,-3.5585e-07,-1
97.75,2.14173e-06,2.724,-2.17929e-07,-1
97.8,2.14184e-06,2.724,-9.10194e-08,-1
97.85,2.14581e-06,2.724,2.78464e-08,-1
97.9,2.14482e-06,2.724,-1.24787e-07,-1
97.95,2.14782e-06,2.724,-2.1268e-09,-1
98,2.14596e-06,2.724,-1.51741e-07,-1
98.05,2.13951e-06,2.724,-2.92827e-07,-1
98.1,2.13729e-06,2.724,-1.62357e-07,-1
98.15,2.139e-06,2.724,-4.14351e-08,-1
98.2,2.14443e-06,2.724,7.27075e-08,-1
98.25,2.15343e-06,2.724,1.82544e-07,-1
98.3,2.15729e-06,2.724,2.42233e-08,-1
98.35,2.15642e-06,2.724,-1.21865e-07,-1
98.4,2.15108e-06,2.724,-2.59108e-07,-1
98.45,2.14147e-06,2.724,-3.90523e-07,-1
98.5,2.13632e-06,2.724,-2.52742e-07,-1
98.55,2.13526e-06,2.724,-1.26588e-07,-1
98.6,2.13802e-06,2.724,-9.07009e-09,-1
98.65,2.1444e-06,2.724,1.02463e-07,-1
98.7,2.15431e-06,2.724,2.10387e-07,-1
98.75,2.15904e-06,2.724,5.07727e-08,-1
98.8,2.15901e-06,2.724,-9.60508e-08,-1
98.85,2.1545e-06,2.724,-2.3352e-07,-1
98.9,2.14573e-06,2.724,-3.64688e-07,-1
98.95,2.14145e-06,2.724,-2.2621e-07,-1
99,2.1413e-06,2.724,-9.89281e-08,-1
99.05,2.14501e-06,2.724,2.0145e-08,-1
99.1,2.15243e-06,2.724,1.3366e-07,-1
99.15,2.15479e-06,2.724,-2.20902e-08,-1
99.2,2.15245e-06,2.724,-1.666e-07,-1
99.25,2.14568e-06,2.724,-3.03166e-07,-1
99.3,2.14327e-06,2.724,-1.68646e-07,-1
99.35,2.1449e-06,2.724,-4.4039e-08,-1
99.4,2.15036e-06,2.724,7.35115e-08,-1
99.45,2.15085e-06,2.724,-7.95356e-08,-1
99.5,2.14669e-06,2.724,-2.22543e-07,-1
99.55,2.1381e-06,2.724,-3.58705e-07,-1
99.6,2.13386e-06,2.724,-2.24803e-07,-1
99.65,2.1336e-06,2.724,-1.01785e-07,-1
99.7,2.13708e-06,2.724,1.32393e-08,-1
99.75,2.14413e-06,2.724,1.22834e-07,-1
99.8,2.15465e-06,2.724,2.29308e-07,-1
99.85,2.15996e-06,2.724,6.86741e-08,-1
99.9,2.16049e-06,2.724,-7.87842e-08,-1
99.95,2.15654e-06,2.724,-2.16538e-07,-1
100,2.14833e-06,2.724,-3.47668e-07,-1
100.05,2.13597e-06,2.724,-4.74943e-07,-1
100.1,2.12814e-06,2.724,-3.34796e-07,-1
100.15,2.12443e-06,2.724,-2.07898e-07,-1
100.2,2.1245e-06,2.724,-9.11427e-08,-1
100.25,2.12813e-06,2.724,1.82014e-08,-1
100.3,2.13516e-06,2.724,1.22561e-07,-1
100.35,2.1455e-06,2.724,2.2412e-07,-1
100.4,2.15913e-06,2.724,3.2488e-07,-1
100.45,2.16743e-06,2.724,1.60605e-07,-1
100.5,2.1709e-06,2.724,1.13842e-08,-1
100.55,2.1699e-06,2.724,-1.26403e-07,-1
100.6,2.16468e-06,2.724,-2.55945e-07,-1
100.65,2.15543e-06,2.724,-3.80085e-07,-1
100.7,2.14222e-06,2.724,-5.01388e-07,-1
100.75,2.13371e-06,2.724,-3.56117e-07,-1
100.8,2.12945e-06,2.724,-2.24799e-07,-1
100.85,2.12911e-06,2.724,-1.04203e-07,-1
100.9,2.13243e-06,2.724,8.50748e-09,-1
100.95,2.13925e-06,2.724,1.15848e-07,-1
101,2.14946e-06,2.724,2.20083e-07,-1
101.05,2.15439e-06,2.724,5.71842e-08,-1
101.1,2.15446e-06,2.724,-9.26036e-08,-1
101.15,2.14998e-06,2.724,-2.3279e-07,-1
101.2,2.14114e-06,2.724,-3.66492e-07,-1
101.25,2.13672e-06,2.724,-2.30423e-07,-1
101.3,2.13634e-06,2.724,-1.05473e-07,-1
101.35,2.13977e-06,2.724,1.12947e-08,-1
101.4,2.14681e-06,2.724,1.2249e-07,-1
101.45,2.14872e-06,2.724,-3.56357e-08,-1
101.5,2.14586e-06,2.724,-1.82616e-07,-1
101.55,2.13847e-06,2.724,-3.21786e-07,-1
101.6,2.13535e-06,2.724,-1.9004e-07,-1
101.65,2.13618e-06,2.724,-6.84192e-08,-1
101.7,2.14073e-06,2.724,4.58941e-08,-1
101.75,2.14884e-06,2.724,1.55409e-07,-1
101.8,2.15179e-06,2.724,-3.70011e-09,-1
101.85,2.14996e-06,2.724,-1.51029e-07,-1
101.9,2.14361e-06,2.724,-2.89959e-07,-1
101.95,2.14156e-06,2.724,-1.57416e-07,-1
102,2.14351e-06,2.724,-3.44626e-08,-1
102.05,2.14923e-06,2.724,8.171e-08,-1
102.1,2.14995e-06,2.724,-7.24815e-08,-1
102.15,2.14599e-06,2.724,-2.16435e-07,-1
102.2,2.13757e-06,2.724,-3.53375e-07,-1
102.25,2.13348e-06,2.724,-2.20106e-07,-1
102.3,2.13336e-06,2.724,-9.75968e-08,-1
102.35,2.13696e-06,2.724,1.70253e-08,-1
102.4,2.14412e-06,2.724,1.26312e-07,-1
102.45,2.15475e-06,2.724,2.32558e-07,-1
102.5,2.16016e-06,2.724,7.17693e-08,-1
102.55,2.16079e-06,2.724,-7.57784e-08,-1
102.6,2.15694e-06,2.724,-2.13562e-07,-1
102.65,2.14882e-06,2.724,-3.44667e-07,-1
102.7,2.13656e-06,2.724,-4.71864e-07,-1
102.75,2.12884e-06,2.724,-3.31589e-07,-1
102.8,2.12523e-06,2.724,-2.04513e-07,-1
102.85,2.12543e-06,2.724,-8.75297e-08,-1
102.9,2.12919e-06,2.724,2.20925e-08,-1
102.95,2.13635e-06,2.724,1.26782e-07,-1
103,2.14684e-06,2.724,2.28728e-07,-1
103.05,2.15199e-06,2.724,6.38389e-08,-1
103.1,2.15221e-06,2.724,-8.76955e-08,-1
103.15,2.14784e-06,2.724,-2.29431e-07,-1
103.2,2.13906e-06,2.724,-3.64525e-07,-1
103.25,2.13465e-06,2.724,-2.29726e-07,-1
103.3,2.13426e-06,2.724,-1.05955e-07,-1
103.35,2.13763e-06,2.724,9.70014e-09,-1
103.4,2.14458e-06,2.724,1.19823e-07,-1
103.45,2.15502e-06,2.724,2.26737e-07,-1
103.5,2.16026e-06,2.724,6.64706e-08,-1
103.55,2.16073e-06,2.724,-8.06832e-08,-1
103.6,2.15673e-06,2.724,-2.18186e-07,-1
103.65,2.14847e-06,2.724,-3.4911e-07,-1
103.7,2.13606e-06,2.724,-4.76217e-07,-1
103.75,2.1282e-06,2.724,-3.35936e-07,-1
103.8,2.12445e-06,2.724,-2.08933e-07,-1
103.85,2.1245e-06,2.724,-9.20971e-08,-1
103.9,2.1281e-06,2.724,1.7305e-08,-1
103.95,2.1351e-06,2.724,1.21703e-07,-1
104,2.14541e-06,2.724,2.23283e-07,-1
104.05,2.15901e-06,2.724,3.24047e-07,-1
104.1,2.16729e-06,2.724,1.59761e-07,-1
104.15,2.17073e-06,2.724,1.05144e-08,-1
104.2,2.1697e-06,2.724,-1.27312e-07,-1
104.25,2.16445e-06,2.724,-2.56908e-07,-1
104.3,2.15516e-06,2.724,-3.81115e-07,-1
104.35,2.14191e-06,2.724,-5.025e-07,-1
104.4,2.13336e-06,2.724,-3.57326e-07,-1
104.45,2.12906e-06,2.724,-2.2612e-07,-1
104.5,2.12867e-06,2.724,-1.05652e-07,-1
104.55,2.13194e-06,2.724,6.91104e-09,-1
104.6,2.1387e-06,2.724,1.14086e-07,-1
104.65,2.14885e-06,2.724,2.18132e-07,-1
104.7,2.15371e-06,2.724,5.5023e-08,-1
104.75,2.1537e-06,2.724,-9.50013e-08,-1
104.8,2.14913e-06,2.724,-2.35452e-07,-1
104.85,2.1402e-06,2.724,-3.6945e-07,-1
104.9,2.13566e-06,2.724,-2.33712e-07,-1
104.95,2.13517e-06,2.724,-1.09132e-07,-1
105,2.13846e-06,2.724,7.22428e-09,-1
105.05,2.14535e-06,2.724,1.1796e-07,-1
105.1,2.15575e-06,2.724,2.25416e-07,-1
105.15,2.16096e-06,2.724,6.56327e-08,-1
105.2,2.16142e-06,2.724,-8.10826e-08,-1
105.25,2.15742e-06,2.724,-2.18181e-07,-1
105.3,2.14917e-06,2.724,-3.48727e-07,-1
105.35,2.13679e-06,2.724,-4.75472e-07,-1
105.4,2.12896e-06,2.724,-3.34838e-07,-1
105.45,2.12527e-06,2.724,-2.07485e-07,-1
105.5,2.12537e-06,2.724,-9.02947e-08,-1
105.55,2.12904e-06,2.724,1.94719e-08,-1
105.6,2.13613e-06,2.724,1.2425e-07,-1
105.65,2.14653e-06,2.724,2.26233e-07,-1
105.7,2.1516e-06,2.724,6.13341e-08,-1
105.75,2.15174e-06,2.724,-9.02545e-08,-1
105.8,2.14728e-06,2.724,-2.32087e-07,-1
105.85,2.13841e-06,2.724,-3.67319e-07,-1
105.9,2.1339e-06,2.724,-2.327e-07,-1
105.95,2.13341e-06,2.724,-1.09151e-07,-1
106,2.13666e-06,2.724,6.23825e-09,-1
106.05,2.14349e-06,2.724,1.1605e-07,-1
106.1,2.15379e-06,2.724,2.22605e-07,-1
106.15,2.15888e-06,2.724,6.19271e-08,-1
106.2,2.15919e-06,2.724,-8.56937e-08,-1
106.25,2.155e-06,2.724,-2.23724e-07,-1
106.3,2.14654e-06,2.724,-3.55242e-07,-1
106.35,2.13391e-06,2.724,-4.83017e-07,-1
106.4,2.1258e-06,2.724,-3.43484e-07,-1
106.45,2.12178e-06,2.724,-2.17318e-07,-1
106.5,2.12152e-06,2.724,-1.01417e-07,-1
106.55,2.12478e-06,2.724,6.94143e-09,-1
106.6,2.1314e-06,2.724,1.10174e-07,-1
106.65,2.14128e-06,2.724,2.10456e-07,-1
106.7,2.15441e-06,2.724,3.09771e-07,-1
106.75,2.16217e-06,2.724,1.43871e-07,-1
106.8,2.16503e-06,2.724,-7.17406e-09,-1
106.85,2.16335e-06,2.724,-1.47005e-07,-1
106.9,2.15738e-06,2.724,-2.78833e-07,-1
106.95,2.14729e-06,2.724,-4.05526e-07,-1
107,2.13314e-06,2.724,-5.2968e-07,-1
107.05,2.1236e-06,2.724,-3.8759e-07,-1
107.1,2.11819e-06,2.724,-2.59819e-07,-1
107.15,2.11657e-06,2.724,-1.43177e-07,-1
107.2,2.11846e-06,2.724,-3.48743e-08,-1
107.25,2.12369e-06,2.724,6.75558e-08,-1
107.3,2.13213e-06,2.724,1.6632e-07,-1
107.35,2.14374e-06,2.724,2.63419e-07,-1
107.4,2.15853e-06,2.724,3.60703e-07,-1
107.45,2.16791e-06,2.724,1.93813e-07,-1
107.5,2.1724e-06,2.724,4.27373e-08,-1
107.55,2.17238e-06,2.724,-9.62262e-08,-1
107.6,2.16813e-06,2.724,-2.2633e-07,-1
107.65,2.15985e-06,2.724,-3.50463e-07,-1
107.7,2.14762e-06,2.724,-4.71229e-07,-1
107.75,2.13148e-06,2.724,-5.91006e-07,-1
107.8,2.12004e-06,2.724,-4.45914e-07,-1
107.85,2.11279e-06,2.724,-3.16375e-07,-1
107.9,2.10934e-06,2.724,-1.99092e-07,-1
107.95,2.10939e-06,2.724,-9.11917e-08,-1
108,2.11273e-06,2.724,9.84941e-09,-1
108.05,2.11921e-06,2.724,1.06275e-07,-1
108.1,2.12874e-06,2.724,2.00104e-07,-1
108.15,2.14131e-06,2.724,2.93184e-07,-1
108.2,2.15696e-06,2.724,3.87235e-07,-1
108.25,2.16712e-06,2.724,2.1779e-07,-1
108.3,2.17233e-06,2.724,6.4749e-08,-1
108.35,2.17298e-06,2.724,-7.56612e-08,-1
108.4,2.16936e-06,2.724,-2.06752e-07,-1
108.45,2.16169e-06,2.724,-3.31459e-07,-1
108.5,2.15008e-06,2.724,-4.52421e-07,-1
108.55,2.13457e-06,2.724,-5.72045e-07,-1
108.6,2.12376e-06,2.724,-4.26469e-07,-1
108.65,2.11717e-06,2.724,-2.96127e-07,-1
108.7,2.11442e-06,2.724,-1.77727e-07,-1
108.75,2.11523e-06,2.724,-6.83964e-08,-1
108.8,2.11937e-06,2.724,3.43952e-08,-1
108.85,2.12672e-06,2.724,1.32902e-07,-1
108.9,2.13721e-06,2.724,2.29161e-07,-1
108.95,2.15083e-06,2.724,3.25042e-07,-1
109,2.15898e-06,2.724,1.56196e-07,-1
109.05,2.16215e-06,2.724,2.61089e-09,-1
109.1,2.16071e-06,2.724,-1.39426e-07,-1
109.15,2.15493e-06,2.724,-2.73186e-07,-1
109.2,2.14496e-06,2.724,-4.01589e-07,-1
109.25,2.13954e-06,2.724,-2.61182e-07,-1
109.3,2.13828e-06,2.724,-1.32719e-07,-1
109.35,2.14091e-06,2.724,-1.31455e-08,-1
109.4,2.14723e-06,2.724,1.00241e-07,-1
109.45,2.14848e-06,2.724,-5.62302e-08,-1
109.5,2.14498e-06,2.724,-2.02029e-07,-1
109.55,2.14564e-06,2.724,-7.43469e-08,-1
109.6,2.15018e-06,2.724,4.5542e-08,-1
109.65,2.14982e-06,2.724,-1.05815e-07,-1
109.7,2.14484e-06,2.724,-2.4771e-07,-1
109.75,2.1441e-06,2.724,-1.17188e-07,-1
109.8,2.14732e-06,2.724,4.59351e-09,-1
109.85,2.14565e-06,2.724,-1.45724e-07,-1
109.9,2.14803e-06,2.724,-2.12683e-08,-1
109.95,2.14559e-06,2.724,-1.69543e-07,-1
110,2.14725e-06,2.724,-4.36002e-08,-1
110.05,2.14411e-06,2.724,-1.90882e-07,-1
110.1,2.14509e-06,2.724,-6.43908e-08,-1
110.15,2.14993e-06,2.724,5.45607e-08,-1
110.2,2.14983e-06,2.724,-9.7513e-08,-1
110.25,2.14511e-06,2.724,-2.3993e-07,-1
110.3,2.14461e-06,2.724,-1.0976e-07,-1
110.35,2.14806e-06,2.724,1.18269e-08,-1
110.4,2.14663e-06,2.724,-1.38544e-07,-1
110.45,2.1406e-06,2.724,-2.80102e-07,-1
110.5,2.13879e-06,2.724,-1.49846e-07,-1
110.55,2.14091e-06,2.724,-2.89006e-08,-1
110.6,2.14675e-06,2.724,8.54894e-08,-1
110.65,2.14754e-06,2.724,-7.03055e-08,-1
110.7,2.1436e-06,2.724,-2.15723e-07,-1
110.75,2.1438e-06,2.724,-8.79297e-08,-1
110.8,2.1479e-06,2.724,3.18197e-08,-1
110.85,2.14708e-06,2.724,-1.19915e-07,-1
110.9,2.14162e-06,2.724,-2.62416e-07,-1
110.95,2.14037e-06,2.724,-1.32727e-07,-1
111,2.14304e-06,2.724,-1.20057e-08,-1
111.05,2.14944e-06,2.724,1.02478e-07,-1
111.1,2.15079e-06,2.724,-5.29248e-08,-1
111.15,2.14744e-06,2.724,-1.97662e-07,-1
111.2,2.13963e-06,2.724,-3.35e-07,-1
111.25,2.13613e-06,2.724,-2.01774e-07,-1
111.3,2.13662e-06,2.724,-7.89759e-08,-1
111.35,2.14085e-06,2.724,3.62515e-08,-1
111.4,2.14867e-06,2.724,1.4645e-07,-1
111.45,2.15135e-06,2.724,-1.2179e-08,-1
111.5,2.14925e-06,2.724,-1.5921e-07,-1
111.55,2.14264e-06,2.724,-2.98008e-07,-1
111.6,2.14033e-06,2.724,-1.65486e-07,-1
111.65,2.142e-06,2.724,-4.26963e-08,-1
111.7,2.14744e-06,2.724,7.31745e-08,-1
111.75,2.14787e-06,2.724,-8.14533e-08,-1
111.8,2.1436e-06,2.724,-2.25977e-07,-1
111.85,2.14349e-06,2.724,-9.75295e-08,-1
111.9,2.14729e-06,2.724,2.26606e-08,-1
111.95,2.14618e-06,2.724,-1.28825e-07,-1
112,2.14043e-06,2.724,-2.71253e-07,-1
112.05,2.13889e-06,2.724,-1.41655e-07,-1
112.1,2.14126e-06,2.724,-2.11776e-08,-1
112.15,2.14734e-06,2.724,9.29116e-08,-1
112.2,2.14836e-06,2.724,-6.3032e-08,-1
112.25,2.14466e-06,2.724,-2.08458e-07,-1
112.3,2.14511e-06,2.724,-8.05429e-08,-1
112.35,2.14946e-06,2.724,3.94536e-08,-1
112.4,2.1489e-06,2.724,-1.11912e-07,-1
112.45,2.14372e-06,2.724,-2.53924e-07,-1
112.5,2.14277e-06,2.724,-1.23624e-07,-1
112.55,2.14576e-06,2.724,-2.16566e-09,-1
112.6,2.15251e-06,2.724,1.13185e-07,-1
112.65,2.15425e-06,2.724,-4.1212e-08,-1
112.7,2.15132e-06,2.724,-1.84796e-07,-1
112.75,2.14397e-06,2.724,-3.20822e-07,-1
112.8,2.14099e-06,2.724,-1.86112e-07,-1
112.85,2.14205e-06,2.724,-6.16411e-08,-1
112.9,2.14692e-06,2.724,5.54659e-08,-1
112.95,2.14679e-06,2.724,-9.8321e-08,-1
113,2.14199e-06,2.724,-2.42359e-07,-1
113.05,2.14135e-06,2.724,-1.13751e-07,-1
113.1,2.14462e-06,2.724,6.29902e-09,-1
113.15,2.1516e-06,2.724,1.20481e-07,-1
113.2,2.15355e-06,2.724,-3.48804e-08,-1
113.25,2.1508e-06,2.724,-1.79255e-07,-1
113.3,2.14361e-06,2.724,-3.15923e-07,-1
113.35,2.14077e-06,2.724,-1.81726e-07,-1
113.4,2.14196e-06,2.724,-5.76579e-08,-1
113.45,2.14694e-06,2.724,5.91431e-08,-1
113.5,2.14693e-06,2.724,-9.48647e-08,-1
113.55,2.14223e-06,2.724,-2.39048e-07,-1
113.6,2.1417e-06,2.724,-1.10516e-07,-1
113.65,2.14508e-06,2.724,9.52013e-09,-1
113.7,2.15217e-06,2.724,1.23747e-07,-1
113.75,2.15422e-06,2.724,-3.15135e-08,-1
113.8,2.15159e-06,2.724,-1.75733e-07,-1
113.85,2.14452e-06,2.724,-3.12192e-07,-1
113.9,2.14181e-06,2.724,-1.77733e-07,-1
113.95,2.14314e-06,2.724,-5.33468e-08,-1
114,2.14828e-06,2.724,6.38297e-08,-1
114.05,2.14844e-06,2.724,-8.97419e-08,-1
114.1,2.14392e-06,2.724,-2.33424e-07,-1
114.15,2.1436e-06,2.724,-1.04322e-07,-1
114.2,2.1472e-06,2.724,1.63605e-08,-1
114.25,2.14589e-06,2.724,-1.34777e-07,-1
114.3,2.13995e-06,2.724,-2.76985e-07,-1
114.35,2.13823e-06,2.724,-1.47284e-07,-1
114.4,2.14041e-06,2.724,-2.68116e-08,-1
114.45,2.14631e-06,2.724,8.71721e-08,-1
114.5,2.14714e-06,2.724,-6.89736e-08,-1
114.55,2.14323e-06,2.724,-2.14696e-07,-1
114.6,2.14346e-06,2.724,-8.71701e-08,-1
114.65,2.14758e-06,2.724,3.23422e-08,-1
114.7,2.14676e-06,2.724,-1.19605e-07,-1
114.75,2.14131e-06,2.724,-2.623e-07,-1
114.8,2.14005e-06,2.724,-1.32792e-07,-1
114.85,2.14272e-06,2.724,-1.22398e-08,-1
114.9,2.1491e-06,2.724,1.0208e-07,-1
114.95,2.15044e-06,2.724,-5.34825e-08,-1
115,2.14706e-06,2.724,-1.9838e-07,-1
115.05,2.13922e-06,2.724,-3.35881e-07,-1
115.1,2.13569e-06,2.724,-2.02824e-07,-1
115.15,2.13613e-06,2.724,-8.02028e-08,-1
115.2,2.14032e-06,2.724,3.48365e-08,-1
115.25,2.14809e-06,2.724,1.44834e-07,-1
115.3,2.15071e-06,2.724,-1.40136e-08,-1
115.35,2.14854e-06,2.724,-1.61282e-07,-1
115.4,2.14185e-06,2.724,-3.00339e-07,-1
115.45,2.13945e-06,2.724,-1.68103e-07,-1
115.5,2.14103e-06,2.724,-4.5628e-08,-1
115.55,2.14636e-06,2.724,6.98951e-08,-1
115.6,2.14667e-06,2.724,-8.51175e-08,-1
115.65,2.14226e-06,2.724,-2.30068e-07,-1
115.7,2.14201e-06,2.724,-1.02094e-07,-1
115.75,2.14564e-06,2.724,1.75705e-08,-1
115.8,2.15299e-06,2.724,1.31594e-07,-1
115.85,2.15529e-06,2.724,-2.37174e-08,-1
115.9,2.15292e-06,2.724,-1.67844e-07,-1
115.95,2.14612e-06,2.724,-3.04075e-07,-1
116,2.13504e-06,2.724,-4.35348e-07,-1
116.05,2.1284e-06,2.724,-2.98239e-07,-1
116.1,2.1258e-06,2.724,-1.73533e-07,-1
116.15,2.12695e-06,2.724,-5.82145e-08,-1
116.2,2.13163e-06,2.724,5.03734e-08,-1
116.25,2.1397e-06,2.724,1.54601e-07,-1
116.3,2.1511e-06,2.724,2.56614e-07,-1
116.35,2.15718e-06,2.724,9.22874e-08,-1
116.4,2.15837e-06,2.724,-5.82083e-08,-1
116.45,2.15501e-06,2.724,-1.9844e-07,-1
116.5,2.14732e-06,2.724,-3.31569e-07,-1
116.55,2.13542e-06,2.724,-4.60428e-07,-1
116.6,2.12803e-06,2.724,-3.21505e-07,-1
116.65,2.12472e-06,2.724,-1.95517e-07,-1
116.7,2.12518e-06,2.724,-7.93911e-08,-1
116.75,2.12918e-06,2.724,2.95732e-08,-1
116.8,2.13657e-06,2.724,1.33781e-07,-1
116.85,2.14728e-06,2.724,2.354e-07,-1
116.9,2.15263e-06,2.724,7.03241e-08,-1
116.95,2.15307e-06,2.724,-8.12687e-08,-1
117,2.1489e-06,2.724,-2.22943e-07,-1
117.05,2.14035e-06,2.724,-3.57864e-07,-1
117.1,2.13617e-06,2.724,-2.22783e-07,-1
117.15,2.13602e-06,2.724,-9.86228e-08,-1
117.2,2.13964e-06,2.724,1.75287e-08,-1
117.25,2.14687e-06,2.724,1.28258e-07,-1
117.3,2.14896e-06,2.724,-3.02013e-08,-1
117.35,2.14627e-06,2.724,-1.77396e-07,-1
117.4,2.13905e-06,2.724,-3.16674e-07,-1
117.45,2.13609e-06,2.724,-1.84938e-07,-1
117.5,2.13709e-06,2.724,-6.32343e-08,-1
117.55,2.14182e-06,2.724,5.12497e-08,-1
117.6,2.15011e-06,2.724,1.61021e-07,-1
117.65,2.15326e-06,2.724,2.25265e-09,-1
117.7,2.15164e-06,2.724,-1.4465e-07,-1
117.75,2.14552e-06,2.724,-2.83065e-07,-1
117.8,2.14371e-06,2.724,-1.49917e-07,-1
117.85,2.14593e-06,2.724,-2.62602e-08,-1
117.9,2.1433e-06,2.724,-1.75374e-07,-1
117.95,2.14473e-06,2.724,-5.03224e-08,-1
118,2.14999e-06,2.724,6.75326e-08,-1
118.05,2.15029e-06,2.724,-8.53364e-08,-1
118.1,2.14595e-06,2.724,-2.28281e-07,-1
118.15,2.13717e-06,2.724,-3.64487e-07,-1
118.2,2.13273e-06,2.724,-2.30731e-07,-1
118.25,2.13227e-06,2.724,-1.07955e-07,-1
118.3,2.13554e-06,2.724,6.73109e-09,-1
118.35,2.14236e-06,2.724,1.15892e-07,-1
118.4,2.15263e-06,2.724,2.21834e-07,-1
118.45,2.15768e-06,2.724,6.05679e-08,-1
118.5,2.15792e-06,2.724,-8.76288e-08,-1
118.55,2.15365e-06,2.724,-2.26234e-07,-1
118.6,2.14508e-06,2.724,-3.58336e-07,-1
118.65,2.14098e-06,2.724,-2.20621e-07,-1
118.7,2.14099e-06,2.724,-9.39519e-08,-1
118.75,2.14485e-06,2.724,2.46352e-08,-1
118.8,2.1524e-06,2.724,1.37775e-07,-1
118.85,2.15488e-06,2.724,-1.82528e-08,-1
118.9,2.15267e-06,2.724,-1.62954e-07,-1
118.95,2.14601e-06,2.724,-2.99635e-07,-1
119,2.13506e-06,2.724,-4.31251e-07,-1
119.05,2.12855e-06,2.724,-2.94389e-07,-1
119.1,2.12607e-06,2.724,-1.69845e-07,-1
119.15,2.12734e-06,2.724,-5.46134e-08,-1
119.2,2.13214e-06,2.724,5.39581e-08,-1
119.25,2.14033e-06,2.724,1.58235e-07,-1
119.3,2.15185e-06,2.724,2.60359e-07,-1
119.35,2.15806e-06,2.724,9.62041e-08,-1
119.4,2.15938e-06,2.724,-5.40604e-08,-1
119.45,2.15617e-06,2.724,-1.94001e-07,-1
119.5,2.14863e-06,2.724,-3.26777e-07,-1
119.55,2.13691e-06,2.724,-4.55219e-07,-1
119.6,2.1297e-06,2.724,-3.15813e-07,-1
119.65,2.1266e-06,2.724,-1.89268e-07,-1
119.7,2.12728e-06,2.724,-7.25087e-08,-1
119.75,2.13153e-06,2.724,3.71732e-08,-1
119.8,2.1392e-06,2.724,1.4219e-07,-1
119.85,2.15022e-06,2.724,2.44719e-07,-1
119.9,2.15591e-06,2.724,8.0663e-08,-1
119.95,2.15673e-06,2.724,-6.97877e-08,-1
120,2.15298e-06,2.724,-2.10186e-07,-1
