0.05,0,0,0,-1
0.1,0,0,0,-1
0.15,0,0,0,-1
0.2,0,0,0,-1
0.25,0,0,0,-1
0.3,0,0,0,-1
0.35,0,0,0,-1
0.4,0,0,0,-1
0.45,0,0,0,-1
0.5,0,0,0,-1
0.55,0,0,0,-1
0.6,0,0,0,-1
0.65,0,0,0,-1
0.7,0,0,0,-1
0.75,0,0,0,-1
0.8,0,0,0,-1
0.85,0,0,0,-1
0.9,0,0,0,-1
0.95,0,0,0,-1
1,0,0,0,-1
1.05,0,0,0,-1
1.1,0,0,0,-1
1.15,0,0,0,-1
1.2,0,0,0,-1
1.25,0,0,0,-1
1.3,0,0,0,-1
1.35,0,0,0,-1
1.4,0,0,0,-1
1.45,0,0,0,-1
1.5,0,0,0,-1
1.55,0,0,0,-1
1.6,0,0,0,-1
1.65,0,0,0,-1
1.7,0,0,0,-1
1.75,0,0,0,-1
1.8,0,0,0,-1
1.85,0,0,0,-1
1.9,0,0,0,-1
1.95,0,0,0,-1
2,0,0,0,-1
2.05,0,0,0,-1
2.1,0,0,0,-1
2.15,0,0,0,-1
2.2,0,0,0,-1
2.25,0,0,0,-1
2.3,0,0,0,-1
2.35,0,0,0,-1
2.4,0,0,0,-1
2.45,0,0,0,-1
2.5,0,0,0,-1
2.55,0,0,0,-1
2.6,0,0,0,-1
2.65,0,0,0,-1
2.7,0,0,0,-1
2.75,0,0,0,-1
2.8,0,0,0,-1
2.85,0,0,0,-1
2.9,0,0,0,-1
2.95,0,0,0,-1
3,0,0,0,-1
3.05,0,0,0,-1
3.1,0,0,0,-1
3.15,0,0,0,-1
3.2,0,0,0,-1
3.25,0,0,0,-1
3.3,0,0,0,-1
3.35,0,0,0,-1
3.4,0,0,0,-1
3.45,0,0,0,-1
3.5,0,0,0,-1
3.55,0,0,0,-1
3.6,0,0,0,-1
3.65,0,0,0,-1
3.7,0,0,0,-1
3.75,0,0,0,-1
3.8,0,0,0,-1
3.85,0,0,0,-1
3.9,0,0,0,-1
3.95,0,0,0,-1
4,0,0,0,-1
4.05,0,0,0,-1
4.1,0,0,0,-1
4.15,0,0,0,-1
4.2,0,0,0,-1
4.25,0,0,0,-1
4.3,0,0,0,-1
4.35,0,0,0,-1
4.4,0,0,0,-1
4.45,0,0,0,-1
4.5,0,0,0,-1
4.55,0,0,0,-1
4.6,0,0,0,-1
4.65,0,0,0,-1
4.7,0,0,0,-1
4.75,0,0,0,-1
4.8,0,0,0,-1
4.85,0,0,0,-1
4.9,0,0,0,-1
4.95,0,0,0,-1
5,0,0,0,-1
5.05,0,0,0,-1
5.1,0,0,0,-1
5.15,0,0,0,-1
5.2,0,0,0,-1
5.25,0,0,0,-1
5.3,0,0,0,-1
5.35,0,0,0,-1
5.4,0,0,0,-1
5.45,0,0,0,-1
5.5,0,0,0,-1
5.55,0,0,0,-1
5.6,0,0,0,-1
5.65,0,0,0,-1
5.7,0,0,0,-1
5.75,0,0,0,-1
5.8,0,0,0,-1
5.85,0,0,0,-1
5.9,0,0,0,-1
5.95,0,0,0,-1
6,0,0,0,-1
6.05,0,0,0,-1
6.1,0,0,0,-1
6.15,0,0,0,-1
6.2,0,0,0,-1
6.25,0,0,0,-1
6.3,0,0,0,-1
6.35,0,0,0,-1
6.4,0,0,0,-1
6.45,0,0,0,-1
6.5,0,0,0,-1
6.55,0,0,0,-1
6.6,0,0,0,-1
6.65,0,0,0,-1
6.7,0,0,0,-1
6.75,0,0,0,-1
6.8,0,0,0,-1
6.85,0,0,0,-1
6.9,0,0,0,-1
6.95,0,0,0,-1
7,0,0,0,-1
7.05,0,0,0,-1
7.1,0,0,0,-1
7.15,0,0,0,-1
7.2,0,0,0,-1
7.25,0,0,0,-1
7.3,0,0,0,-1
7.35,0,0,0,-1
7.4,0,0,0,-1
7.45,0,0,0,-1
7.5,0,0,0,-1
7.55,0,0,0,-1
7.6,0,0,0,-1
7.65,0,0,0,-1
7.7,0,0,0,-1
7.75,0,0,0,-1
7.8,0,0,0,-1
7.85,0,0,0,-1
7.9,0,0,0,-1
7.95,0,0,0,-1
8,0,0,0,-1
8.05,0,0,0,-1
8.1,0,0,0,-1
8.15,0,0,0,-1
8.2,0,0,0,-1
8.25,0,0,0,-1
8.3,0,0,0,-1
8.35,0,0,0,-1
8.4,0,0,0,-1
8.45,0,0,0,-1
8.5,0,0,0,-1
8.55,0,0,0,-1
8.6,0,0,0,-1
8.65,0,0,0,-1
8.7,0,0,0,-1
8.75,0,0,0,-1
8.8,0,0,0,-1
8.85,0,0,0,-1
8.9,0,0,0,-1
8.95,0,0,0,-1
9,0,0,0,-1
9.05,0,0,0,-1
9.1,0,0,0,-1
9.15,0,0,0,-1
9.2,0,0,0,-1
9.25,0,0,0,-1
9.3,0,0,0,-1
9.35,0,0,0,-1
9.4,0,0,0,-1
9.45,0,0,0,-1
9.5,0,0,0,-1
9.55,0,0,0,-1
9.6,0,0,0,-1
9.65,0,0,0,-1
9.7,0,0,0,-1
9.75,0,0,0,-1
9.8,0,0,0,-1
9.85,0,0,0,-1
9.9,0,0,0,-1
9.95,0,0,0,-1
10,0,0,0,-1
10.05,0,0,0,-1
10.1,0,0,0,-1
10.15,0,0,0,-1
10.2,0,0,0,-1
10.25,0,0,0,-1
10.3,0,0,0,-1
10.35,0,0,0,-1
10.4,0,0,0,-1
10.45,0,0,0,-1
10.5,0,0,0,-1
10.55,0,0,0,-1
10.6,0,0,0,-1
10.65,0,0,0,-1
10.7,0,0,0,-1
10.75,0,0,0,-1
10.8,0,0,0,-1
10.85,0,0,0,-1
10.9,0,0,0,-1
10.95,0,0,0,-1
11,0,0,0,-1
11.05,0,0,0,-1
11.1,0,0,0,-1
11.15,0,0,0,-1
11.2,0,0,0,-1
11.25,0,0,0,-1
11.3,0,0,0,-1
11.35,0,0,0,-1
11.4,0,0,0,-1
11.45,0,0,0,-1
11.5,0,0,0,-1
11.55,0,0,0,-1
11.6,0,0,0,-1
11.65,0,0,0,-1
11.7,0,0,0,-1
11.75,0,0,0,-1
11.8,0,0,0,-1
11.85,0,0,0,-1
11.9,0,0,0,-1
11.95,0,0,0,-1
12,0,0,0,-1
12.05,0,0,0,-1
12.1,0,0,0,-1
12.15,0,0,0,-1
12.2,0,0,0,-1
12.25,0,0,0,-1
12.3,0,0,0,-1
12.35,0,0,0,-1
12.4,0,0,0,-1
12.45,0,0,0,-1
12.5,0,0,0,-1
12.55,0,0,0,-1
12.6,0,0,0,-1
12.65,0,0,0,-1
12.7,0,0,0,-1
12.75,0,0,0,-1
12.8,0,0,0,-1
12.85,0,0,0,-1
12.9,0,0,0,-1
12.95,0,0,0,-1
13,0,0,0,-1
13.05,0,0,0,-1
13.1,0,0,0,-1
13.15,0,0,0,-1
13.2,0,0,0,-1
13.25,0,0,0,-1
13.3,0,0,0,-1
13.35,0,0,0,-1
13.4,0,0,0,-1
13.45,0,0,0,-1
13.5,0,0,0,-1
13.55,0,0,0,-1
13.6,0,0,0,-1
13.65,0,0,0,-1
13.7,0,0,0,-1
13.75,0,0,0,-1
13.8,0,0,0,-1
13.85,0,0,0,-1
13.9,0,0,0,-1
13.95,0,0,0,-1
14,0,0,0,-1
14.05,0,0,0,-1
14.1,0,0,0,-1
14.15,0,0,0,-1
14.2,0,0,0,-1
14.25,0,0,0,-1
14.3,0,0,0,-1
14.35,0,0,0,-1
14.4,0,0,0,-1
14.45,0,0,0,-1
14.5,0,0,0,-1
14.55,0,0,0,-1
14.6,0,0,0,-1
14.65,0,0,0,-1
14.7,0,0,0,-1
14.75,0,0,0,-1
14.8,0,0,0,-1
14.85,0,0,0,-1
14.9,0,0,0,-1
14.95,0,0,0,-1
15,0,0,0,-1
15.05,0,0,0,-1
15.1,0,0,0,-1
15.15,0,0,0,-1
15.2,0,0,0,-1
15.25,0,0,0,-1
15.3,0,0,0,-1
15.35,0,0,0,-1
15.4,0,0,0,-1
15.45,0,0,0,-1
15.5,0,0,0,-1
15.55,0,0,0,-1
15.6,0,0,0,-1
15.65,0,0,0,-1
15.7,0,0,0,-1
15.75,0,0,0,-1
15.8,0,0,0,-1
15.85,0,0,0,-1
15.9,0,0,0,-1
15.95,0,0,0,-1
16,0,0,0,-1
16.05,0,0,0,-1
16.1,0,0,0,-1
16.15,0,0,0,-1
16.2,0,0,0,-1
16.25,0,0,0,-1
16.3,0,0,0,-1
16.35,0,0,0,-1
16.4,0,0,0,-1
16.45,0,0,0,-1
16.5,0,0,0,-1
16.55,0,0,0,-1
16.6,0,0,0,-1
16.65,0,0,0,-1
16.7,0,0,0,-1
16.75,0,0,0,-1
16.8,0,0,0,-1
16.85,0,0,0,-1
16.9,0,0,0,-1
16.95,0,0,0,-1
17,0,0,0,-1
17.05,0,0,0,-1
17.1,0,0,0,-1
17.15,0,0,0,-1
17.2,0,0,0,-1
17.25,0,0,0,-1
17.3,0,0,0,-1
17.35,0,0,0,-1
17.4,0,0,0,-1
17.45,0,0,0,-1
17.5,0,0,0,-1
17.55,0,0,0,-1
17.6,0,0,0,-1
17.65,0,0,0,-1
17.7,0,0,0,-1
17.75,0,0,0,-1
17.8,0,0,0,-1
17.85,0,0,0,-1
17.9,0,0,0,-1
17.95,0,0,0,-1
18,0,0,0,-1
18.05,0,0,0,-1
18.1,0,0,0,-1
18.15,0,0,0,-1
18.2,0,0,0,-1
18.25,0,0,0,-1
18.3,0,0,0,-1
18.35,0,0,0,-1
18.4,0,0,0,-1
18.45,0,0,0,-1
18.5,0,0,0,-1
18.55,0,0,0,-1
18.6,0,0,0,-1
18.65,0,0,0,-1
18.7,0,0,0,-1
18.75,0,0,0,-1
18.8,0,0,0,-1
18.85,0,0,0,-1
18.9,0,0,0,-1
18.95,0,0,0,-1
19,0,0,0,-1
19.05,0,0,0,-1
19.1,0,0,0,-1
19.15,0,0,0,-1
19.2,0,0,0,-1
19.25,0,0,0,-1
19.3,0,0,0,-1
19.35,0,0,0,-1
19.4,0,0,0,-1
19.45,0,0,0,-1
19.5,0,0,0,-1
19.55,0,0,0,-1
19.6,0,0,0,-1
19.65,0,0,0,-1
19.7,0,0,0,-1
19.75,0,0,0,-1
19.8,0,0,0,-1
19.85,0,0,0,-1
19.9,0,0,0,-1
19.95,0,0,0,-1
20,0,0,0,-1
20.05,0,0,0,-1
20.1,0,0,0,-1
20.15,0,0,0,-1
20.2,0,0,0,-1
20.25,0,0,0,-1
20.3,0,0,0,-1
20.35,0,0,0,-1
20.4,0,0,0,-1
20.45,0,0,0,-1
20.5,0,0,0,-1
20.55,0,0,0,-1
20.6,0,0,0,-1
20.65,0,0,0,-1
20.7,0,0,0,-1
20.75,0,0,0,-1
20.8,0,0,0,-1
20.85,0,0,0,-1
20.9,0,0,0,-1
20.95,0,0,0,-1
21,0,0,0,-1
21.05,0,0,0,-1
21.1,0,0,0,-1
21.15,0,0,0,-1
21.2,0,0,0,-1
21.25,0,0,0,-1
21.3,0,0,0,-1
21.35,0,0,0,-1
21.4,0,0,0,-1
21.45,0,0,0,-1
21.5,0,0,0,-1
21.55,0,0,0,-1
21.6,0,0,0,-1
21.65,0,0,0,-1
21.7,0,0,0,-1
21.75,0,0,0,-1
21.8,0,0,0,-1
21.85,0,0,0,-1
21.9,0,0,0,-1
21.95,0,0,0,-1
22,0,0,0,-1
22.05,0,0,0,-1
22.1,0,0,0,-1
22.15,0,0,0,-1
22.2,0,0,0,-1
22.25,0,0,0,-1
22.3,0,0,0,-1
22.35,0,0,0,-1
22.4,0,0,0,-1
22.45,0,0,0,-1
22.5,0,0,0,-1
22.55,0,0,0,-1
22.6,0,0,0,-1
22.65,0,0,0,-1
22.7,0,0,0,-1
22.75,0,0,0,-1
22.8,0,0,0,-1
22.85,0,0,0,-1
22.9,0,0,0,-1
22.95,0,0,0,-1
23,0,0,0,-1
23.05,0,0,0,-1
23.1,0,0,0,-1
23.15,0,0,0,-1
23.2,0,0,0,-1
23.25,0,0,0,-1
23.3,0,0,0,-1
23.35,0,0,0,-1
23.4,0,0,0,-1
23.45,0,0,0,-1
23.5,0,0,0,-1
23.55,0,0,0,-1
23.6,0,0,0,-1
23.65,0,0,0,-1
23.7,0,0,0,-1
23.75,0,0,0,-1
23.8,0,0,0,-1
23.85,0,0,0,-1
23.9,0,0,0,-1
23.95,0,0,0,-1
24,0,0,0,-1
24.05,0,0,0,-1
24.1,0,0,0,-1
24.15,0,0,0,-1
24.2,0,0,0,-1
24.25,0,0,0,-1
24.3,0,0,0,-1
24.35,0,0,0,-1
24.4,0,0,0,-1
24.45,0,0,0,-1
24.5,0,0,0,-1
24.55,0,0,0,-1
24.6,0,0,0,-1
24.65,0,0,0,-1
24.7,0,0,0,-1
24.75,0,0,0,-1
24.8,0,0,0,-1
24.85,0,0,0,-1
24.9,0,0,0,-1
24.95,0,0,0,-1
25,0,0,0,-1
25.05,0,0,0,-1
25.1,0,0,0,-1
25.15,0,0,0,-1
25.2,0,0,0,-1
25.25,0,0,0,-1
25.3,0,0,0,-1
25.35,0,0,0,-1
25.4,0,0,0,-1
25.45,0,0,0,-1
25.5,0,0,0,-1
25.55,0,0,0,-1
25.6,0,0,0,-1
25.65,0,0,0,-1
25.7,0,0,0,-1
25.75,0,0,0,-1
25.8,0,0,0,-1
25.85,0,0,0,-1
25.9,0,0,0,-1
25.95,0,0,0,-1
26,0,0,0,-1
26.05,0,0,0,-1
26.1,0,0,0,-1
26.15,0,0,0,-1
26.2,0,0,0,-1
26.25,0,0,0,-1
26.3,0,0,0,-1
26.35,0,0,0,-1
26.4,0,0,0,-1
26.45,0,0,0,-1
26.5,0,0,0,-1
26.55,0,0,0,-1
26.6,0,0,0,-1
26.65,0,0,0,-1
26.7,0,0,0,-1
26.75,0,0,0,-1
26.8,0,0,0,-1
26.85,0,0,0,-1
26.9,0,0,0,-1
26.95,0,0,0,-1
27,0,0,0,-1
27.05,0,0,0,-1
27.1,0,0,0,-1
27.15,0,0,0,-1
27.2,0,0,0,-1
27.25,0,0,0,-1
27.3,0,0,0,-1
27.35,0,0,0,-1
27.4,0,0,0,-1
27.45,0,0,0,-1
27.5,0,0,0,-1
27.55,0,0,0,-1
27.6,0,0,0,-1
27.65,0,0,0,-1
27.7,0,0,0,-1
27.75,0,0,0,-1
27.8,0,0,0,-1
27.85,0,0,0,-1
27.9,0,0,0,-1
27.95,0,0,0,-1
28,0,0,0,-1
28.05,0,0,0,-1
28.1,0,0,0,-1
28.15,0,0,0,-1
28.2,0,0,0,-1
28.25,0,0,0,-1
28.3,0,0,0,-1
28.35,0,0,0,-1
28.4,0,0,0,-1
28.45,0,0,0,-1
28.5,0,0,0,-1
28.55,0,0,0,-1
28.6,0,0,0,-1
28.65,0,0,0,-1
28.7,0,0,0,-1
28.75,0,0,0,-1
28.8,0,0,0,-1
28.85,0,0,0,-1
28.9,0,0,0,-1
28.95,0,0,0,-1
29,0,0,0,-1
29.05,0,0,0,-1
29.1,0,0,0,-1
29.15,0,0,0,-1
29.2,0,0,0,-1
29.25,0,0,0,-1
29.3,0,0,0,-1
29.35,0,0,0,-1
29.4,0,0,0,-1
29.45,0,0,0,-1
29.5,0,0,0,-1
29.55,0,0,0,-1
29.6,0,0,0,-1
29.65,0,0,0,-1
29.7,0,0,0,-1
29.75,0,0,0,-1
29.8,0,0,0,-1
29.85,0,0,0,-1
29.9,0,0,0,-1
29.95,0,0,0,-1
30,0,0,0,-1
30.05,0,0,0,-1
30.1,0,0,0,-1
30.15,0,0,0,-1
30.2,0,0,0,-1
30.25,0,0,0,-1
30.3,0,0,0,-1
30.35,0,0,0,-1
30.4,0,0,0,-1
30.45,0,0,0,-1
30.5,0,0,0,-1
30.55,0,0,0,-1
30.6,0,0,0,-1
30.65,0,0,0,-1
30.7,0,0,0,-1
30.75,0,0,0,-1
30.8,0,0,0,-1
30.85,0,0,0,-1
30.9,0,0,0,-1
30.95,0,0,0,-1
31,0,0,0,-1
31.05,0,0,0,-1
31.1,0,0,0,-1
31.15,0,0,0,-1
31.2,0,0,0,-1
31.25,0,0,0,-1
31.3,0,0,0,-1
31.35,0,0,0,-1
31.4,0,0,0,-1
31.45,0,0,0,-1
31.5,0,0,0,-1
31.55,0,0,0,-1
31.6,0,0,0,-1
31.65,0,0,0,-1
31.7,0,0,0,-1
31.75,0,0,0,-1
31.8,0,0,0,-1
31.85,0,0,0,-1
31.9,0,0,0,-1
31.95,0,0,0,-1
32,0,0,0,-1
32.05,0,0,0,-1
32.1,0,0,0,-1
32.15,0,0,0,-1
32.2,0,0,0,-1
32.25,0,0,0,-1
32.3,0,0,0,-1
32.35,0,0,0,-1
32.4,0,0,0,-1
32.45,0,0,0,-1
32.5,0,0,0,-1
32.55,0,0,0,-1
32.6,0,0,0,-1
32.65,0,0,0,-1
32.7,0,0,0,-1
32.75,0,0,0,-1
32.8,0,0,0,-1
32.85,0,0,0,-1
32.9,0,0,0,-1
32.95,0,0,0,-1
33,0,0,0,-1
33.05,0,0,0,-1
33.1,0,0,0,-1
33.15,0,0,0,-1
33.2,0,0,0,-1
33.25,0,0,0,-1
33.3,0,0,0,-1
33.35,0,0,0,-1
33.4,0,0,0,-1
33.45,0,0,0,-1
33.5,0,0,0,-1
33.55,0,0,0,-1
33.6,0,0,0,-1
33.65,0,0,0,-1
33.7,0,0,0,-1
33.75,0,0,0,-1
33.8,0,0,0,-1
33.85,0,0,0,-1
33.9,0,0,0,-1
33.95,0,0,0,-1
34,0,0,0,-1
34.05,0,0,0,-1
34.1,0,0,0,-1
34.15,0,0,0,-1
34.2,0,0,0,-1
34.25,0,0,0,-1
34.3,0,0,0,-1
34.35,0,0,0,-1
34.4,0,0,0,-1
34.45,0,0,0,-1
34.5,0,0,0,-1
34.55,0,0,0,-1
34.6,0,0,0,-1
34.65,0,0,0,-1
34.7,0,0,0,-1
34.75,0,0,0,-1
34.8,0,0,0,-1
34.85,0,0,0,-1
34.9,0,0,0,-1
34.95,0,0,0,-1
35,0,0,0,-1
35.05,0,0,0,-1
35.1,0,0,0,-1
35.15,0,0,0,-1
35.2,0,0,0,-1
35.25,0,0,0,-1
35.3,0,0,0,-1
35.35,0,0,0,-1
35.4,0,0,0,-1
35.45,0,0,0,-1
35.5,0,0,0,-1
35.55,0,0,0,-1
35.6,0,0,0,-1
35.65,0,0,0,-1
35.7,0,0,0,-1
35.75,0,0,0,-1
35.8,0,0,0,-1
35.85,0,0,0,-1
35.9,0,0,0,-1
35.95,0,0,0,-1
36,0,0,0,-1
36.05,0,0,0,-1
36.1,0,0,0,-1
36.15,0,0,0,-1
36.2,0,0,0,-1
36.25,0,0,0,-1
36.3,0,0,0,-1
36.35,0,0,0,-1
36.4,0,0,0,-1
36.45,0,0,0,-1
36.5,0,0,0,-1
36.55,0,0,0,-1
36.6,0,0,0,-1
36.65,0,0,0,-1
36.7,0,0,0,-1
36.75,0,0,0,-1
36.8,0,0,0,-1
36.85,0,0,0,-1
36.9,0,0,0,-1
36.95,0,0,0,-1
37,0,0,0,-1
37.05,0,0,0,-1
37.1,0,0,0,-1
37.15,0,0,0,-1
37.2,0,0,0,-1
37.25,0,0,0,-1
37.3,0,0,0,-1
37.35,0,0,0,-1
37.4,0,0,0,-1
37.45,0,0,0,-1
37.5,0,0,0,-1
37.55,0,0,0,-1
37.6,0,0,0,-1
37.65,0,0,0,-1
37.7,0,0,0,-1
37.75,0,0,0,-1
37.8,0,0,0,-1
37.85,0,0,0,-1
37.9,0,0,0,-1
37.95,0,0,0,-1
38,0,0,0,-1
38.05,0,0,0,-1
38.1,0,0,0,-1
38.15,0,0,0,-1
38.2,0,0,0,-1
38.25,0,0,0,-1
38.3,0,0,0,-1
38.35,0,0,0,-1
38.4,0,0,0,-1
38.45,0,0,0,-1
38.5,0,0,0,-1
38.55,0,0,0,-1
38.6,0,0,0,-1
38.65,0,0,0,-1
38.7,0,0,0,-1
38.75,0,0,0,-1
38.8,0,0,0,-1
38.85,0,0,0,-1
38.9,0,0,0,-1
38.95,0,0,0,-1
39,0,0,0,-1
39.05,0,0,0,-1
39.1,0,0,0,-1
39.15,0,0,0,-1
39.2,0,0,0,-1
39.25,0,0,0,-1
39.3,0,0,0,-1
39.35,0,0,0,-1
39.4,0,0,0,-1
39.45,0,0,0,-1
39.5,0,0,0,-1
39.55,0,0,0,-1
39.6,0,0,0,-1
39.65,0,0,0,-1
39.7,0,0,0,-1
39.75,0,0,0,-1
39.8,0,0,0,-1
39.85,0,0,0,-1
39.9,0,0,0,-1
39.95,0,0,0,-1
40,0,0,0,-1
40.05,0,0,0,-1
40.1,0,0,0,-1
40.15,0,0,0,-1
40.2,0,0,0,-1
40.25,0,0,0,-1
40.3,0,0,0,-1
40.35,0,0,0,-1
40.4,0,0,0,-1
40.45,0,0,0,-1
40.5,0,0,0,-1
40.55,0,0,0,-1
40.6,0,0,0,-1
40.65,0,0,0,-1
40.7,0,0,0,-1
40.75,0,0,0,-1
40.8,0,0,0,-1
40.85,0,0,0,-1
40.9,0,0,0,-1
40.95,0,0,0,-1
41,0,0,0,-1
41.05,0,0,0,-1
41.1,0,0,0,-1
41.15,0,0,0,-1
41.2,0,0,0,-1
41.25,0,0,0,-1
41.3,0,0,0,-1
41.35,0,0,0,-1
41.4,0,0,0,-1
41.45,0,0,0,-1
41.5,0,0,0,-1
41.55,0,0,0,-1
41.6,0,0,0,-1
41.65,0,0,0,-1
41.7,0,0,0,-1
41.75,0,0,0,-1
41.8,0,0,0,-1
41.85,0,0,0,-1
41.9,0,0,0,-1
41.95,0,0,0,-1
42,0,0,0,-1
42.05,0,0,0,-1
42.1,0,0,0,-1
42.15,0,0,0,-1
42.2,0,0,0,-1
42.25,0,0,0,-1
42.3,0,0,0,-1
42.35,0,0,0,-1
42.4,0,0,0,-1
42.45,0,0,0,-1
42.5,0,0,0,-1
42.55,0,0,0,-1
42.6,0,0,0,-1
42.65,0,0,0,-1
42.7,0,0,0,-1
42.75,0,0,0,-1
42.8,0,0,0,-1
42.85,0,0,0,-1
42.9,0,0,0,-1
42.95,0,0,0,-1
43,0,0,0,-1
43.05,0,0,0,-1
43.1,0,0,0,-1
43.15,0,0,0,-1
43.2,0,0,0,-1
43.25,0,0,0,-1
43.3,0,0,0,-1
43.35,0,0,0,-1
43.4,0,0,0,-1
43.45,0,0,0,-1
43.5,0,0,0,-1
43.55,0,0,0,-1
43.6,0,0,0,-1
43.65,0,0,0,-1
43.7,0,0,0,-1
43.75,0,0,0,-1
43.8,0,0,0,-1
43.85,0,0,0,-1
43.9,0,0,0,-1
43.95,0,0,0,-1
44,0,0,0,-1
44.05,0,0,0,-1
44.1,0,0,0,-1
44.15,0,0,0,-1
44.2,0,0,0,-1
44.25,0,0,0,-1
44.3,0,0,0,-1
44.35,0,0,0,-1
44.4,0,0,0,-1
44.45,0,0,0,-1
44.5,0,0,0,-1
44.55,0,0,0,-1
44.6,0,0,0,-1
44.65,0,0,0,-1
44.7,0,0,0,-1
44.75,0,0,0,-1
44.8,0,0,0,-1
44.85,0,0,0,-1
44.9,0,0,0,-1
44.95,0,0,0,-1
45,0,0,0,-1
45.05,0,0,0,-1
45.1,0,0,0,-1
45.15,0,0,0,-1
45.2,0,0,0,-1
45.25,0,0,0,-1
45.3,0,0,0,-1
45.35,0,0,0,-1
45.4,0,0,0,-1
45.45,0,0,0,-1
45.5,0,0,0,-1
45.55,0,0,0,-1
45.6,0,0,0,-1
45.65,0,0,0,-1
45.7,0,0,0,-1
45.75,0,0,0,-1
45.8,0,0,0,-1
45.85,0,0,0,-1
45.9,0,0,0,-1
45.95,0,0,0,-1
46,0,0,0,-1
46.05,0,0,0,-1
46.1,0,0,0,-1
46.15,0,0,0,-1
46.2,0,0,0,-1
46.25,0,0,0,-1
46.3,0,0,0,-1
46.35,0,0,0,-1
46.4,0,0,0,-1
46.45,0,0,0,-1
46.5,0,0,0,-1
46.55,0,0,0,-1
46.6,0,0,0,-1
46.65,0,0,0,-1
46.7,0,0,0,-1
46.75,0,0,0,-1
46.8,0,0,0,-1
46.85,0,0,0,-1
46.9,0,0,0,-1
46.95,0,0,0,-1
47,0,0,0,-1
47.05,0,0,0,-1
47.1,0,0,0,-1
47.15,0,0,0,-1
47.2,0,0,0,-1
47.25,0,0,0,-1
47.3,0,0,0,-1
47.35,0,0,0,-1
47.4,0,0,0,-1
47.45,0,0,0,-1
47.5,0,0,0,-1
47.55,0,0,0,-1
47.6,0,0,0,-1
47.65,0,0,0,-1
47.7,0,0,0,-1
47.75,0,0,0,-1
47.8,0,0,0,-1
47.85,0,0,0,-1
47.9,0,0,0,-1
47.95,0,0,0,-1
48,0,0,0,-1
48.05,0,0,0,-1
48.1,0,0,0,-1
48.15,0,0,0,-1
48.2,0,0,0,-1
48.25,0,0,0,-1
48.3,0,0,0,-1
48.35,0,0,0,-1
48.4,0,0,0,-1
48.45,0,0,0,-1
48.5,0,0,0,-1
48.55,0,0,0,-1
48.6,0,0,0,-1
48.65,0,0,0,-1
48.7,0,0,0,-1
48.75,0,0,0,-1
48.8,0,0,0,-1
48.85,0,0,0,-1
48.9,0,0,0,-1
48.95,0,0,0,-1
49,0,0,0,-1
49.05,0,0,0,-1
49.1,0,0,0,-1
49.15,0,0,0,-1
49.2,0,0,0,-1
49.25,0,0,0,-1
49.3,0,0,0,-1
49.35,0,0,0,-1
49.4,0,0,0,-1
49.45,0,0,0,-1
49.5,0,0,0,-1
49.55,0,0,0,-1
49.6,0,0,0,-1
49.65,0,0,0,-1
49.7,0,0,0,-1
49.75,0,0,0,-1
49.8,0,0,0,-1
49.85,0,0,0,-1
49.9,0,0,0,-1
49.95,0,0,0,-1
50,0,0,0,-1
50.05,0,0,0,-1
50.1,0,0,0,-1
50.15,0,0,0,-1
50.2,0,0,0,-1
50.25,0,0,0,-1
50.3,0,0,0,-1
50.35,0,0,0,-1
50.4,0,0,0,-1
50.45,0,0,0,-1
50.5,0,0,0,-1
50.55,0,0,0,-1
50.6,0,0,0,-1
50.65,0,0,0,-1
50.7,0,0,0,-1
50.75,0,0,0,-1
50.8,0,0,0,-1
50.85,0,0,0,-1
50.9,0,0,0,-1
50.95,0,0,0,-1
51,0,0,0,-1
51.05,0,0,0,-1
51.1,0,0,0,-1
51.15,0,0,0,-1
51.2,0,0,0,-1
51.25,0,0,0,-1
51.3,0,0,0,-1
51.35,0,0,0,-1
51.4,0,0,0,-1
51.45,0,0,0,-1
51.5,0,0,0,-1
51.55,0,0,0,-1
51.6,0,0,0,-1
51.65,0,0,0,-1
51.7,0,0,0,-1
51.75,0,0,0,-1
51.8,0,0,0,-1
51.85,0,0,0,-1
51.9,0,0,0,-1
51.95,0,0,0,-1
52,0,0,0,-1
52.05,0,0,0,-1
52.1,0,0,0,-1
52.15,0,0,0,-1
52.2,0,0,0,-1
52.25,0,0,0,-1
52.3,0,0,0,-1
52.35,0,0,0,-1
52.4,0,0,0,-1
52.45,0,0,0,-1
52.5,0,0,0,-1
52.55,0,0,0,-1
52.6,0,0,0,-1
52.65,0,0,0,-1
52.7,0,0,0,-1
52.75,0,0,0,-1
52.8,0,0,0,-1
52.85,0,0,0,-1
52.9,0,0,0,-1
52.95,0,0,0,-1
53,0,0,0,-1
53.05,0,0,0,-1
53.1,0,0,0,-1
53.15,0,0,0,-1
53.2,0,0,0,-1
53.25,0,0,0,-1
53.3,0,0,0,-1
53.35,0,0,0,-1
53.4,0,0,0,-1
53.45,0,0,0,-1
53.5,0,0,0,-1
53.55,0,0,0,-1
53.6,0,0,0,-1
53.65,0,0,0,-1
53.7,0,0,0,-1
53.75,0,0,0,-1
53.8,0,0,0,-1
53.85,0,0,0,-1
53.9,0,0,0,-1
53.95,0,0,0,-1
54,0,0,0,-1
54.05,0,0,0,-1
54.1,0,0,0,-1
54.15,0,0,0,-1
54.2,0,0,0,-1
54.25,0,0,0,-1
54.3,0,0,0,-1
54.35,0,0,0,-1
54.4,0,0,0,-1
54.45,0,0,0,-1
54.5,0,0,0,-1
54.55,0,0,0,-1
54.6,0,0,0,-1
54.65,0,0,0,-1
54.7,0,0,0,-1
54.75,0,0,0,-1
54.8,0,0,0,-1
54.85,0,0,0,-1
54.9,0,0,0,-1
54.95,0,0,0,-1
55,0,0,0,-1
55.05,0,0,0,-1
55.1,0,0,0,-1
55.15,0,0,0,-1
55.2,0,0,0,-1
55.25,0,0,0,-1
55.3,0,0,0,-1
55.35,0,0,0,-1
55.4,0,0,0,-1
55.45,0,0,0,-1
55.5,0,0,0,-1
55.55,0,0,0,-1
55.6,0,0,0,-1
55.65,0,0,0,-1
55.7,0,0,0,-1
55.75,0,0,0,-1
55.8,0,0,0,-1
55.85,0,0,0,-1
55.9,0,0,0,-1
55.95,0,0,0,-1
56,0,0,0,-1
56.05,0,0,0,-1
56.1,0,0,0,-1
56.15,0,0,0,-1
56.2,0,0,0,-1
56.25,0,0,0,-1
56.3,0,0,0,-1
56.35,0,0,0,-1
56.4,0,0,0,-1
56.45,0,0,0,-1
56.5,0,0,0,-1
56.55,0,0,0,-1
56.6,0,0,0,-1
56.65,0,0,0,-1
56.7,0,0,0,-1
56.75,0,0,0,-1
56.8,0,0,0,-1
56.85,0,0,0,-1
56.9,0,0,0,-1
56.95,0,0,0,-1
57,0,0,0,-1
57.05,0,0,0,-1
57.1,0,0,0,-1
57.15,0,0,0,-1
57.2,0,0,0,-1
57.25,0,0,0,-1
57.3,0,0,0,-1
57.35,0,0,0,-1
57.4,0,0,0,-1
57.45,0,0,0,-1
57.5,0,0,0,-1
57.55,0,0,0,-1
57.6,0,0,0,-1
57.65,0,0,0,-1
57.7,0,0,0,-1
57.75,0,0,0,-1
57.8,0,0,0,-1
57.85,0,0,0,-1
57.9,0,0,0,-1
57.95,0,0,0,-1
58,0,0,0,-1
58.05,0,0,0,-1
58.1,0,0,0,-1
58.15,0,0,0,-1
58.2,0,0,0,-1
58.25,0,0,0,-1
58.3,0,0,0,-1
58.35,0,0,0,-1
58.4,0,0,0,-1
58.45,0,0,0,-1
58.5,0,0,0,-1
58.55,0,0,0,-1
58.6,0,0,0,-1
58.65,0,0,0,-1
58.7,0,0,0,-1
58.75,0,0,0,-1
58.8,0,0,0,-1
58.85,0,0,0,-1
58.9,0,0,0,-1
58.95,0,0,0,-1
59,0,0,0,-1
59.05,0,0,0,-1
59.1,0,0,0,-1
59.15,0,0,0,-1
59.2,0,0,0,-1
59.25,0,0,0,-1
59.3,0,0,0,-1
59.35,0,0,0,-1
59.4,0,0,0,-1
59.45,0,0,0,-1
59.5,0,0,0,-1
59.55,0,0,0,-1
59.6,0,0,0,-1
59.65,0,0,0,-1
59.7,0,0,0,-1
59.75,0,0,0,-1
59.8,0,0,0,-1
59.85,0,0,0,-1
59.9,0,0,0,-1
59.95,0,0,0,-1
60,0,0,0,-1
60.05,0,0,0,-1
60.1,0,0,0,-1
60.15,0,0,0,-1
60.2,0,0,0,-1
60.25,0,0,0,-1
60.3,0,0,0,-1
60.35,0,0,0,-1
60.4,0,0,0,-1
60.45,0,0,0,-1
60.5,0,0,0,-1
60.55,0,0,0,-1
60.6,0,0,0,-1
60.65,0,0,0,-1
60.7,0,0,0,-1
60.75,0,0,0,-1
60.8,0,0,0,-1
60.85,0,0,0,-1
60.9,0,0,0,-1
60.95,0,0,0,-1
61,0,0,0,-1
61.05,0,0,0,-1
61.1,0,0,0,-1
61.15,0,0,0,-1
61.2,0,0,0,-1
61.25,0,0,0,-1
61.3,0,0,0,-1
61.35,0,0,0,-1
61.4,0,0,0,-1
61.45,0,0,0,-1
61.5,0,0,0,-1
61.55,0,0,0,-1
61.6,0,0,0,-1
61.65,0,0,0,-1
61.7,0,0,0,-1
61.75,0,0,0,-1
61.8,0,0,0,-1
61.85,0,0,0,-1
61.9,0,0,0,-1
61.95,0,0,0,-1
62,0,0,0,-1
62.05,0,0,0,-1
62.1,0,0,0,-1
62.15,0,0,0,-1
62.2,0,0,0,-1
62.25,0,0,0,-1
62.3,0,0,0,-1
62.35,0,0,0,-1
62.4,0,0,0,-1
62.45,0,0,0,-1
62.5,0,0,0,-1
62.55,0,0,0,-1
62.6,0,0,0,-1
62.65,0,0,0,-1
62.7,0,0,0,-1
62.75,0,0,0,-1
62.8,0,0,0,-1
62.85,0,0,0,-1
62.9,0,0,0,-1
62.95,0,0,0,-1
63,0,0,0,-1
63.05,0,0,0,-1
63.1,0,0,0,-1
63.15,0,0,0,-1
63.2,0,0,0,-1
63.25,0,0,0,-1
63.3,0,0,0,-1
63.35,0,0,0,-1
63.4,0,0,0,-1
63.45,0,0,0,-1
63.5,0,0,0,-1
63.55,0,0,0,-1
63.6,0,0,0,-1
63.65,0,0,0,-1
63.7,0,0,0,-1
63.75,0,0,0,-1
63.8,0,0,0,-1
63.85,0,0,0,-1
63.9,0,0,0,-1
63.95,0,0,0,-1
64,0,0,0,-1
64.05,0,0,0,-1
64.1,0,0,0,-1
64.15,0,0,0,-1
64.2,0,0,0,-1
64.25,0,0,0,-1
64.3,0,0,0,-1
64.35,0,0,0,-1
64.4,0,0,0,-1
64.45,0,0,0,-1
64.5,0,0,0,-1
64.55,0,0,0,-1
64.6,0,0,0,-1
64.65,0,0,0,-1
64.7,0,0,0,-1
64.75,0,0,0,-1
64.8,0,0,0,-1
64.85,0,0,0,-1
64.9,0,0,0,-1
64.95,0,0,0,-1
65,0,0,0,-1
65.05,0,0,0,-1
65.1,0,0,0,-1
65.15,0,0,0,-1
65.2,0,0,0,-1
65.25,0,0,0,-1
65.3,0,0,0,-1
65.35,0,0,0,-1
65.4,0,0,0,-1
65.45,0,0,0,-1
65.5,0,0,0,-1
65.55,0,0,0,-1
65.6,0,0,0,-1
65.65,0,0,0,-1
65.7,0,0,0,-1
65.75,0,0,0,-1
65.8,0,0,0,-1
65.85,0,0,0,-1
65.9,0,0,0,-1
65.95,0,0,0,-1
66,0,0,0,-1
66.05,0,0,0,-1
66.1,0,0,0,-1
66.15,0,0,0,-1
66.2,0,0,0,-1
66.25,0,0,0,-1
66.3,0,0,0,-1
66.35,0,0,0,-1
66.4,0,0,0,-1
66.45,0,0,0,-1
66.5,0,0,0,-1
66.55,0,0,0,-1
66.6,0,0,0,-1
66.65,0,0,0,-1
66.7,0,0,0,-1
66.75,0,0,0,-1
66.8,0,0,0,-1
66.85,0,0,0,-1
66.9,0,0,0,-1
66.95,0,0,0,-1
67,0,0,0,-1
67.05,0,0,0,-1
67.1,0,0,0,-1
67.15,0,0,0,-1
67.2,0,0,0,-1
67.25,0,0,0,-1
67.3,0,0,0,-1
67.35,0,0,0,-1
67.4,0,0,0,-1
67.45,0,0,0,-1
67.5,0,0,0,-1
67.55,0,0,0,-1
67.6,0,0,0,-1
67.65,0,0,0,-1
67.7,0,0,0,-1
67.75,0,0,0,-1
67.8,0,0,0,-1
67.85,0,0,0,-1
67.9,0,0,0,-1
67.95,0,0,0,-1
68,0,0,0,-1
68.05,0,0,0,-1
68.1,0,0,0,-1
68.15,0,0,0,-1
68.2,0,0,0,-1
68.25,0,0,0,-1
68.3,0,0,0,-1
68.35,0,0,0,-1
68.4,0,0,0,-1
68.45,0,0,0,-1
68.5,0,0,0,-1
68.55,0,0,0,-1
68.6,0,0,0,-1
68.65,0,0,0,-1
68.7,0,0,0,-1
68.75,0,0,0,-1
68.8,0,0,0,-1
68.85,0,0,0,-1
68.9,0,0,0,-1
68.95,0,0,0,-1
69,0,0,0,-1
69.05,0,0,0,-1
69.1,0,0,0,-1
69.15,0,0,0,-1
69.2,0,0,0,-1
69.25,0,0,0,-1
69.3,0,0,0,-1
69.35,0,0,0,-1
69.4,0,0,0,-1
69.45,0,0,0,-1
69.5,0,0,0,-1
69.55,0,0,0,-1
69.6,0,0,0,-1
69.65,0,0,0,-1
69.7,0,0,0,-1
69.75,0,0,0,-1
69.8,0,0,0,-1
69.85,0,0,0,-1
69.9,0,0,0,-1
69.95,0,0,0,-1
70,0,0,0,-1
70.05,0,0,0,-1
70.1,0,0,0,-1
70.15,0,0,0,-1
70.2,0,0,0,-1
70.25,0,0,0,-1
70.3,0,0,0,-1
70.35,0,0,0,-1
70.4,0,0,0,-1
70.45,0,0,0,-1
70.5,0,0,0,-1
70.55,0,0,0,-1
70.6,0,0,0,-1
70.65,0,0,0,-1
70.7,0,0,0,-1
70.75,0,0,0,-1
70.8,0,0,0,-1
70.85,0,0,0,-1
70.9,0,0,0,-1
70.95,0,0,0,-1
71,0,0,0,-1
71.05,0,0,0,-1
71.1,0,0,0,-1
71.15,0,0,0,-1
71.2,0,0,0,-1
71.25,0,0,0,-1
71.3,0,0,0,-1
71.35,0,0,0,-1
71.4,0,0,0,-1
71.45,0,0,0,-1
71.5,0,0,0,-1
71.55,0,0,0,-1
71.6,0,0,0,-1
71.65,0,0,0,-1
71.7,0,0,0,-1
71.75,0,0,0,-1
71.8,0,0,0,-1
71.85,0,0,0,-1
71.9,0,0,0,-1
71.95,0,0,0,-1
72,0,0,0,-1
72.05,0,0,0,-1
72.1,0,0,0,-1
72.15,0,0,0,-1
72.2,0,0,0,-1
72.25,0,0,0,-1
72.3,0,0,0,-1
72.35,0,0,0,-1
72.4,0,0,0,-1
72.45,0,0,0,-1
72.5,0,0,0,-1
72.55,0,0,0,-1
72.6,0,0,0,-1
72.65,0,0,0,-1
72.7,0,0,0,-1
72.75,0,0,0,-1
72.8,0,0,0,-1
72.85,0,0,0,-1
72.9,0,0,0,-1
72.95,0,0,0,-1
73,0,0,0,-1
73.05,0,0,0,-1
73.1,0,0,0,-1
73.15,0,0,0,-1
73.2,0,0,0,-1
73.25,0,0,0,-1
73.3,0,0,0,-1
73.35,0,0,0,-1
73.4,0,0,0,-1
73.45,0,0,0,-1
73.5,0,0,0,-1
73.55,0,0,0,-1
73.6,0,0,0,-1
73.65,0,0,0,-1
73.7,0,0,0,-1
73.75,0,0,0,-1
73.8,0,0,0,-1
73.85,0,0,0,-1
73.9,0,0,0,-1
73.95,0,0,0,-1
74,0,0,0,-1
74.05,0,0,0,-1
74.1,0,0,0,-1
74.15,0,0,0,-1
74.2,0,0,0,-1
74.25,0,0,0,-1
74.3,0,0,0,-1
74.35,0,0,0,-1
74.4,0,0,0,-1
74.45,0,0,0,-1
74.5,0,0,0,-1
74.55,0,0,0,-1
74.6,0,0,0,-1
74.65,0,0,0,-1
74.7,0,0,0,-1
74.75,0,0,0,-1
74.8,0,0,0,-1
74.85,0,0,0,-1
74.9,0,0,0,-1
74.95,0,0,0,-1
75,0,0,0,-1
75.05,0,0,0,-1
75.1,0,0,0,-1
75.15,0,0,0,-1
75.2,0,0,0,-1
75.25,0,0,0,-1
75.3,0,0,0,-1
75.35,0,0,0,-1
75.4,0,0,0,-1
75.45,0,0,0,-1
75.5,0,0,0,-1
75.55,0,0,0,-1
75.6,0,0,0,-1
75.65,0,0,0,-1
75.7,0,0,0,-1
75.75,0,0,0,-1
75.8,0,0,0,-1
75.85,0,0,0,-1
75.9,0,0,0,-1
75.95,0,0,0,-1
76,0,0,0,-1
76.05,0,0,0,-1
76.1,0,0,0,-1
76.15,0,0,0,-1
76.2,0,0,0,-1
76.25,0,0,0,-1
76.3,0,0,0,-1
76.35,0,0,0,-1
76.4,0,0,0,-1
76.45,0,0,0,-1
76.5,0,0,0,-1
76.55,0,0,0,-1
76.6,0,0,0,-1
76.65,0,0,0,-1
76.7,0,0,0,-1
76.75,0,0,0,-1
76.8,0,0,0,-1
76.85,0,0,0,-1
76.9,0,0,0,-1
76.95,0,0,0,-1
77,0,0,0,-1
77.05,0,0,0,-1
77.1,0,0,0,-1
77.15,0,0,0,-1
77.2,0,0,0,-1
77.25,0,0,0,-1
77.3,0,0,0,-1
77.35,0,0,0,-1
77.4,0,0,0,-1
77.45,0,0,0,-1
77.5,0,0,0,-1
77.55,0,0,0,-1
77.6,0,0,0,-1
77.65,0,0,0,-1
77.7,0,0,0,-1
77.75,0,0,0,-1
77.8,0,0,0,-1
77.85,0,0,0,-1
77.9,0,0,0,-1
77.95,0,0,0,-1
78,0,0,0,-1
78.05,0,0,0,-1
78.1,0,0,0,-1
78.15,0,0,0,-1
78.2,0,0,0,-1
78.25,0,0,0,-1
78.3,0,0,0,-1
78.35,0,0,0,-1
78.4,0,0,0,-1
78.45,0,0,0,-1
78.5,0,0,0,-1
78.55,0,0,0,-1
78.6,0,0,0,-1
78.65,0,0,0,-1
78.7,0,0,0,-1
78.75,0,0,0,-1
78.8,0,0,0,-1
78.85,0,0,0,-1
78.9,0,0,0,-1
78.95,0,0,0,-1
79,0,0,0,-1
79.05,0,0,0,-1
79.1,0,0,0,-1
79.15,0,0,0,-1
79.2,0,0,0,-1
79.25,0,0,0,-1
79.3,0,0,0,-1
79.35,0,0,0,-1
79.4,0,0,0,-1
79.45,0,0,0,-1
79.5,0,0,0,-1
79.55,0,0,0,-1
79.6,0,0,0,-1
79.65,0,0,0,-1
79.7,0,0,0,-1
79.75,0,0,0,-1
79.8,0,0,0,-1
79.85,0,0,0,-1
79.9,0,0,0,-1
79.95,0,0,0,-1
80,0,0,0,-1
80.05,0,0,0,-1
80.1,0,0,0,-1
80.15,0,0,0,-1
80.2,0,0,0,-1
80.25,0,0,0,-1
80.3,0,0,0,-1
80.35,0,0,0,-1
80.4,0,0,0,-1
80.45,0,0,0,-1
80.5,0,0,0,-1
80.55,0,0,0,-1
80.6,0,0,0,-1
80.65,0,0,0,-1
80.7,0,0,0,-1
80.75,0,0,0,-1
80.8,0,0,0,-1
80.85,0,0,0,-1
80.9,0,0,0,-1
80.95,0,0,0,-1
81,0,0,0,-1
81.05,0,0,0,-1
81.1,0,0,0,-1
81.15,0,0,0,-1
81.2,0,0,0,-1
81.25,0,0,0,-1
81.3,0,0,0,-1
81.35,0,0,0,-1
81.4,0,0,0,-1
81.45,0,0,0,-1
81.5,0,0,0,-1
81.55,0,0,0,-1
81.6,0,0,0,-1
81.65,0,0,0,-1
81.7,0,0,0,-1
81.75,0,0,0,-1
81.8,0,0,0,-1
81.85,0,0,0,-1
81.9,0,0,0,-1
81.95,0,0,0,-1
82,0,0,0,-1
82.05,0,0,0,-1
82.1,0,0,0,-1
82.15,0,0,0,-1
82.2,0,0,0,-1
82.25,0,0,0,-1
82.3,0,0,0,-1
82.35,0,0,0,-1
82.4,0,0,0,-1
82.45,0,0,0,-1
82.5,0,0,0,-1
82.55,0,0,0,-1
82.6,0,0,0,-1
82.65,0,0,0,-1
82.7,0,0,0,-1
82.75,0,0,0,-1
82.8,0,0,0,-1
82.85,0,0,0,-1
82.9,0,0,0,-1
82.95,0,0,0,-1
83,0,0,0,-1
83.05,0,0,0,-1
83.1,0,0,0,-1
83.15,0,0,0,-1
83.2,0,0,0,-1
83.25,0,0,0,-1
83.3,0,0,0,-1
83.35,0,0,0,-1
83.4,0,0,0,-1
83.45,0,0,0,-1
83.5,0,0,0,-1
83.55,0,0,0,-1
83.6,0,0,0,-1
83.65,0,0,0,-1
83.7,0,0,0,-1
83.75,0,0,0,-1
83.8,0,0,0,-1
83.85,0,0,0,-1
83.9,0,0,0,-1
83.95,0,0,0,-1
84,0,0,0,-1
84.05,0,0,0,-1
84.1,0,0,0,-1
84.15,0,0,0,-1
84.2,0,0,0,-1
84.25,0,0,0,-1
84.3,0,0,0,-1
84.35,0,0,0,-1
84.4,0,0,0,-1
84.45,0,0,0,-1
84.5,0,0,0,-1
84.55,0,0,0,-1
84.6,0,0,0,-1
84.65,0,0,0,-1
84.7,0,0,0,-1
84.75,0,0,0,-1
84.8,0,0,0,-1
84.85,0,0,0,-1
84.9,0,0,0,-1
84.95,0,0,0,-1
85,0,0,0,-1
85.05,0,0,0,-1
85.1,0,0,0,-1
85.15,0,0,0,-1
85.2,0,0,0,-1
85.25,0,0,0,-1
85.3,0,0,0,-1
85.35,0,0,0,-1
85.4,0,0,0,-1
85.45,0,0,0,-1
85.5,0,0,0,-1
85.55,0,0,0,-1
85.6,0,0,0,-1
85.65,0,0,0,-1
85.7,0,0,0,-1
85.75,0,0,0,-1
85.8,0,0,0,-1
85.85,0,0,0,-1
85.9,0,0,0,-1
85.95,0,0,0,-1
86,0,0,0,-1
86.05,0,0,0,-1
86.1,0,0,0,-1
86.15,0,0,0,-1
86.2,0,0,0,-1
86.25,0,0,0,-1
86.3,0,0,0,-1
86.35,0,0,0,-1
86.4,0,0,0,-1
86.45,0,0,0,-1
86.5,0,0,0,-1
86.55,0,0,0,-1
86.6,0,0,0,-1
86.65,0,0,0,-1
86.7,0,0,0,-1
86.75,0,0,0,-1
86.8,0,0,0,-1
86.85,0,0,0,-1
86.9,0,0,0,-1
86.95,0,0,0,-1
87,0,0,0,-1
87.05,0,0,0,-1
87.1,0,0,0,-1
87.15,0,0,0,-1
87.2,0,0,0,-1
87.25,0,0,0,-1
87.3,0,0,0,-1
87.35,0,0,0,-1
87.4,0,0,0,-1
87.45,0,0,0,-1
87.5,0,0,0,-1
87.55,0,0,0,-1
87.6,0,0,0,-1
87.65,0,0,0,-1
87.7,0,0,0,-1
87.75,0,0,0,-1
87.8,0,0,0,-1
87.85,0,0,0,-1
87.9,0,0,0,-1
87.95,0,0,0,-1
88,0,0,0,-1
88.05,0,0,0,-1
88.1,0,0,0,-1
88.15,0,0,0,-1
88.2,0,0,0,-1
88.25,0,0,0,-1
88.3,0,0,0,-1
88.35,0,0,0,-1
88.4,0,0,0,-1
88.45,0,0,0,-1
88.5,0,0,0,-1
88.55,0,0,0,-1
88.6,0,0,0,-1
88.65,0,0,0,-1
88.7,0,0,0,-1
88.75,0,0,0,-1
88.8,0,0,0,-1
88.85,0,0,0,-1
88.9,0,0,0,-1
88.95,0,0,0,-1
89,0,0,0,-1
89.05,0,0,0,-1
89.1,0,0,0,-1
89.15,0,0,0,-1
89.2,0,0,0,-1
89.25,0,0,0,-1
89.3,0,0,0,-1
89.35,0,0,0,-1
89.4,0,0,0,-1
89.45,0,0,0,-1
89.5,0,0,0,-1
89.55,0,0,0,-1
89.6,0,0,0,-1
89.65,0,0,0,-1
89.7,0,0,0,-1
89.75,0,0,0,-1
89.8,0,0,0,-1
89.85,0,0,0,-1
89.9,0,0,0,-1
89.95,0,0,0,-1
90,0,0,0,-1
90.05,0,0,0,-1
90.1,0,0,0,-1
90.15,0,0,0,-1
90.2,0,0,0,-1
90.25,0,0,0,-1
90.3,0,0,0,-1
90.35,0,0,0,-1
90.4,0,0,0,-1
90.45,0,0,0,-1
90.5,0,0,0,-1
90.55,0,0,0,-1
90.6,0,0,0,-1
90.65,0,0,0,-1
90.7,0,0,0,-1
90.75,0,0,0,-1
90.8,0,0,0,-1
90.85,0,0,0,-1
90.9,0,0,0,-1
90.95,0,0,0,-1
91,0,0,0,-1
91.05,0,0,0,-1
91.1,0,0,0,-1
91.15,0,0,0,-1
91.2,0,0,0,-1
91.25,0,0,0,-1
91.3,0,0,0,-1
91.35,0,0,0,-1
91.4,0,0,0,-1
91.45,0,0,0,-1
91.5,0,0,0,-1
91.55,0,0,0,-1
91.6,0,0,0,-1
91.65,0,0,0,-1
91.7,0,0,0,-1
91.75,0,0,0,-1
91.8,0,0,0,-1
91.85,0,0,0,-1
91.9,0,0,0,-1
91.95,0,0,0,-1
92,0,0,0,-1
92.05,0,0,0,-1
92.1,0,0,0,-1
92.15,0,0,0,-1
92.2,0,0,0,-1
92.25,0,0,0,-1
92.3,0,0,0,-1
92.35,0,0,0,-1
92.4,0,0,0,-1
92.45,0,0,0,-1
92.5,0,0,0,-1
92.55,0,0,0,-1
92.6,0,0,0,-1
92.65,0,0,0,-1
92.7,0,0,0,-1
92.75,0,0,0,-1
92.8,0,0,0,-1
92.85,0,0,0,-1
92.9,0,0,0,-1
92.95,0,0,0,-1
93,0,0,0,-1
93.05,0,0,0,-1
93.1,0,0,0,-1
93.15,0,0,0,-1
93.2,0,0,0,-1
93.25,0,0,0,-1
93.3,0,0,0,-1
93.35,0,0,0,-1
93.4,0,0,0,-1
93.45,0,0,0,-1
93.5,0,0,0,-1
93.55,0,0,0,-1
93.6,0,0,0,-1
93.65,0,0,0,-1
93.7,0,0,0,-1
93.75,0,0,0,-1
93.8,0,0,0,-1
93.85,0,0,0,-1
93.9,0,0,0,-1
93.95,0,0,0,-1
94,0,0,0,-1
94.05,0,0,0,-1
94.1,0,0,0,-1
94.15,0,0,0,-1
94.2,0,0,0,-1
94.25,0,0,0,-1
94.3,0,0,0,-1
94.35,0,0,0,-1
94.4,0,0,0,-1
94.45,0,0,0,-1
94.5,0,0,0,-1
94.55,0,0,0,-1
94.6,0,0,0,-1
94.65,0,0,0,-1
94.7,0,0,0,-1
94.75,0,0,0,-1
94.8,0,0,0,-1
94.85,0,0,0,-1
94.9,0,0,0,-1
94.95,0,0,0,-1
95,0,0,0,-1
95.05,0,0,0,-1
95.1,0,0,0,-1
95.15,0,0,0,-1
95.2,0,0,0,-1
95.25,0,0,0,-1
95.3,0,0,0,-1
95.35,0,0,0,-1
95.4,0,0,0,-1
95.45,0,0,0,-1
95.5,0,0,0,-1
95.55,0,0,0,-1
95.6,0,0,0,-1
95.65,0,0,0,-1
95.7,0,0,0,-1
95.75,0,0,0,-1
95.8,0,0,0,-1
95.85,0,0,0,-1
95.9,0,0,0,-1
95.95,0,0,0,-1
96,0,0,0,-1
96.05,0,0,0,-1
96.1,0,0,0,-1
96.15,0,0,0,-1
96.2,0,0,0,-1
96.25,0,0,0,-1
96.3,0,0,0,-1
96.35,0,0,0,-1
96.4,0,0,0,-1
96.45,0,0,0,-1
96.5,0,0,0,-1
96.55,0,0,0,-1
96.6,0,0,0,-1
96.65,0,0,0,-1
96.7,0,0,0,-1
96.75,0,0,0,-1
96.8,0,0,0,-1
96.85,0,0,0,-1
96.9,0,0,0,-1
96.95,0,0,0,-1
97,0,0,0,-1
97.05,0,0,0,-1
97.1,0,0,0,-1
97.15,0,0,0,-1
97.2,0,0,0,-1
97.25,0,0,0,-1
97.3,0,0,0,-1
97.35,0,0,0,-1
97.4,0,0,0,-1
97.45,0,0,0,-1
97.5,0,0,0,-1
97.55,0,0,0,-1
97.6,0,0,0,-1
97.65,0,0,0,-1
97.7,0,0,0,-1
97.75,0,0,0,-1
97.8,0,0,0,-1
97.85,0,0,0,-1
97.9,0,0,0,-1
97.95,0,0,0,-1
98,0,0,0,-1
98.05,0,0,0,-1
98.1,0,0,0,-1
98.15,0,0,0,-1
98.2,0,0,0,-1
98.25,0,0,0,-1
98.3,0,0,0,-1
98.35,0,0,0,-1
98.4,0,0,0,-1
98.45,0,0,0,-1
98.5,0,0,0,-1
98.55,0,0,0,-1
98.6,0,0,0,-1
98.65,0,0,0,-1
98.7,0,0,0,-1
98.75,0,0,0,-1
98.8,0,0,0,-1
98.85,0,0,0,-1
98.9,0,0,0,-1
98.95,0,0,0,-1
99,0,0,0,-1
99.05,0,0,0,-1
99.1,0,0,0,-1
99.15,0,0,0,-1
99.2,0,0,0,-1
99.25,0,0,0,-1
99.3,0,0,0,-1
99.35,0,0,0,-1
99.4,0,0,0,-1
99.45,0,0,0,-1
99.5,0,0,0,-1
99.55,0,0,0,-1
99.6,0,0,0,-1
99.65,0,0,0,-1
99.7,0,0,0,-1
99.75,0,0,0,-1
99.8,0,0,0,-1
99.85,0,0,0,-1
99.9,0,0,0,-1
99.95,0,0,0,-1
100,0,0,0,-1
100.05,0,0,0,-1
100.1,0,0,0,-1
100.15,0,0,0,-1
100.2,0,0,0,-1
100.25,0,0,0,-1
100.3,0,0,0,-1
100.35,0,0,0,-1
100.4,0,0,0,-1
100.45,0,0,0,-1
100.5,0,0,0,-1
100.55,0,0,0,-1
100.6,0,0,0,-1
100.65,0,0,0,-1
100.7,0,0,0,-1
100.75,0,0,0,-1
100.8,0,0,0,-1
100.85,0,0,0,-1
100.9,0,0,0,-1
100.95,0,0,0,-1
101,0,0,0,-1
101.05,0,0,0,-1
101.1,0,0,0,-1
101.15,0,0,0,-1
101.2,0,0,0,-1
101.25,0,0,0,-1
101.3,0,0,0,-1
101.35,0,0,0,-1
101.4,0,0,0,-1
101.45,0,0,0,-1
101.5,0,0,0,-1
101.55,0,0,0,-1
101.6,0,0,0,-1
101.65,0,0,0,-1
101.7,0,0,0,-1
101.75,0,0,0,-1
101.8,0,0,0,-1
101.85,0,0,0,-1
101.9,0,0,0,-1
101.95,0,0,0,-1
102,0,0,0,-1
102.05,0,0,0,-1
102.1,0,0,0,-1
102.15,0,0,0,-1
102.2,0,0,0,-1
102.25,0,0,0,-1
102.3,0,0,0,-1
102.35,0,0,0,-1
102.4,0,0,0,-1
102.45,0,0,0,-1
102.5,0,0,0,-1
102.55,0,0,0,-1
102.6,0,0,0,-1
102.65,0,0,0,-1
102.7,0,0,0,-1
102.75,0,0,0,-1
102.8,0,0,0,-1
102.85,0,0,0,-1
102.9,0,0,0,-1
102.95,0,0,0,-1
103,0,0,0,-1
103.05,0,0,0,-1
103.1,0,0,0,-1
103.15,0,0,0,-1
103.2,0,0,0,-1
103.25,0,0,0,-1
103.3,0,0,0,-1
103.35,0,0,0,-1
103.4,0,0,0,-1
103.45,0,0,0,-1
103.5,0,0,0,-1
103.55,0,0,0,-1
103.6,0,0,0,-1
103.65,0,0,0,-1
103.7,0,0,0,-1
103.75,0,0,0,-1
103.8,0,0,0,-1
103.85,0,0,0,-1
103.9,0,0,0,-1
103.95,0,0,0,-1
104,0,0,0,-1
104.05,0,0,0,-1
104.1,0,0,0,-1
104.15,0,0,0,-1
104.2,0,0,0,-1
104.25,0,0,0,-1
104.3,0,0,0,-1
104.35,0,0,0,-1
104.4,0,0,0,-1
104.45,0,0,0,-1
104.5,0,0,0,-1
104.55,0,0,0,-1
104.6,0,0,0,-1
104.65,0,0,0,-1
104.7,0,0,0,-1
104.75,0,0,0,-1
104.8,0,0,0,-1
104.85,0,0,0,-1
104.9,0,0,0,-1
104.95,0,0,0,-1
105,0,0,0,-1
105.05,0,0,0,-1
105.1,0,0,0,-1
105.15,0,0,0,-1
105.2,0,0,0,-1
105.25,0,0,0,-1
105.3,0,0,0,-1
105.35,0,0,0,-1
105.4,0,0,0,-1
105.45,0,0,0,-1
105.5,0,0,0,-1
105.55,0,0,0,-1
105.6,0,0,0,-1
105.65,0,0,0,-1
105.7,0,0,0,-1
105.75,0,0,0,-1
105.8,0,0,0,-1
105.85,0,0,0,-1
105.9,0,0,0,-1
105.95,0,0,0,-1
106,0,0,0,-1
106.05,0,0,0,-1
106.1,0,0,0,-1
106.15,0,0,0,-1
106.2,0,0,0,-1
106.25,0,0,0,-1
106.3,0,0,0,-1
106.35,0,0,0,-1
106.4,0,0,0,-1
106.45,0,0,0,-1
106.5,0,0,0,-1
106.55,0,0,0,-1
106.6,0,0,0,-1
106.65,0,0,0,-1
106.7,0,0,0,-1
106.75,0,0,0,-1
106.8,0,0,0,-1
106.85,0,0,0,-1
106.9,0,0,0,-1
106.95,0,0,0,-1
107,0,0,0,-1
107.05,0,0,0,-1
107.1,0,0,0,-1
107.15,0,0,0,-1
107.2,0,0,0,-1
107.25,0,0,0,-1
107.3,0,0,0,-1
107.35,0,0,0,-1
107.4,0,0,0,-1
107.45,0,0,0,-1
107.5,0,0,0,-1
107.55,0,0,0,-1
107.6,0,0,0,-1
107.65,0,0,0,-1
107.7,0,0,0,-1
107.75,0,0,0,-1
107.8,0,0,0,-1
107.85,0,0,0,-1
107.9,0,0,0,-1
107.95,0,0,0,-1
108,0,0,0,-1
108.05,0,0,0,-1
108.1,0,0,0,-1
108.15,0,0,0,-1
108.2,0,0,0,-1
108.25,0,0,0,-1
108.3,0,0,0,-1
108.35,0,0,0,-1
108.4,0,0,0,-1
108.45,0,0,0,-1
108.5,0,0,0,-1
108.55,0,0,0,-1
108.6,0,0,0,-1
108.65,0,0,0,-1
108.7,0,0,0,-1
108.75,0,0,0,-1
108.8,0,0,0,-1
108.85,0,0,0,-1
108.9,0,0,0,-1
108.95,0,0,0,-1
109,0,0,0,-1
109.05,0,0,0,-1
109.1,0,0,0,-1
109.15,0,0,0,-1
109.2,0,0,0,-1
109.25,0,0,0,-1
109.3,0,0,0,-1
109.35,0,0,0,-1
109.4,0,0,0,-1
109.45,0,0,0,-1
109.5,0,0,0,-1
109.55,0,0,0,-1
109.6,0,0,0,-1
109.65,0,0,0,-1
109.7,0,0,0,-1
109.75,0,0,0,-1
109.8,0,0,0,-1
109.85,0,0,0,-1
109.9,0,0,0,-1
109.95,0,0,0,-1
110,0,0,0,-1
110.05,0,0,0,-1
110.1,0,0,0,-1
110.15,0,0,0,-1
110.2,0,0,0,-1
110.25,0,0,0,-1
110.3,0,0,0,-1
110.35,0,0,0,-1
110.4,0,0,0,-1
110.45,0,0,0,-1
110.5,0,0,0,-1
110.55,0,0,0,-1
110.6,0,0,0,-1
110.65,0,0,0,-1
110.7,0,0,0,-1
110.75,0,0,0,-1
110.8,0,0,0,-1
110.85,0,0,0,-1
110.9,0,0,0,-1
110.95,0,0,0,-1
111,0,0,0,-1
111.05,0,0,0,-1
111.1,0,0,0,-1
111.15,0,0,0,-1
111.2,0,0,0,-1
111.25,0,0,0,-1
111.3,0,0,0,-1
111.35,0,0,0,-1
111.4,0,0,0,-1
111.45,0,0,0,-1
111.5,0,0,0,-1
111.55,0,0,0,-1
111.6,0,0,0,-1
111.65,0,0,0,-1
111.7,0,0,0,-1
111.75,0,0,0,-1
111.8,0,0,0,-1
111.85,0,0,0,-1
111.9,0,0,0,-1
111.95,0,0,0,-1
112,0,0,0,-1
112.05,0,0,0,-1
112.1,0,0,0,-1
112.15,0,0,0,-1
112.2,0,0,0,-1
112.25,0,0,0,-1
112.3,0,0,0,-1
112.35,0,0,0,-1
112.4,0,0,0,-1
112.45,0,0,0,-1
112.5,0,0,0,-1
112.55,0,0,0,-1
112.6,0,0,0,-1
112.65,0,0,0,-1
112.7,0,0,0,-1
112.75,0,0,0,-1
112.8,0,0,0,-1
112.85,0,0,0,-1
112.9,0,0,0,-1
112.95,0,0,0,-1
113,0,0,0,-1
113.05,0,0,0,-1
113.1,0,0,0,-1
113.15,0,0,0,-1
113.2,0,0,0,-1
113.25,0,0,0,-1
113.3,0,0,0,-1
113.35,0,0,0,-1
113.4,0,0,0,-1
113.45,0,0,0,-1
113.5,0,0,0,-1
113.55,0,0,0,-1
113.6,0,0,0,-1
113.65,0,0,0,-1
113.7,0,0,0,-1
113.75,0,0,0,-1
113.8,0,0,0,-1
113.85,0,0,0,-1
113.9,0,0,0,-1
113.95,0,0,0,-1
114,0,0,0,-1
114.05,0,0,0,-1
114.1,0,0,0,-1
114.15,0,0,0,-1
114.2,0,0,0,-1
114.25,0,0,0,-1
114.3,0,0,0,-1
114.35,0,0,0,-1
114.4,0,0,0,-1
114.45,0,0,0,-1
114.5,0,0,0,-1
114.55,0,0,0,-1
114.6,0,0,0,-1
114.65,0,0,0,-1
114.7,0,0,0,-1
114.75,0,0,0,-1
114.8,0,0,0,-1
114.85,0,0,0,-1
114.9,0,0,0,-1
114.95,0,0,0,-1
115,0,0,0,-1
115.05,0,0,0,-1
115.1,0,0,0,-1
115.15,0,0,0,-1
115.2,0,0,0,-1
115.25,0,0,0,-1
115.3,0,0,0,-1
115.35,0,0,0,-1
115.4,0,0,0,-1
115.45,0,0,0,-1
115.5,0,0,0,-1
115.55,0,0,0,-1
115.6,0,0,0,-1
115.65,0,0,0,-1
115.7,0,0,0,-1
115.75,0,0,0,-1
115.8,0,0,0,-1
115.85,0,0,0,-1
115.9,0,0,0,-1
115.95,0,0,0,-1
116,0,0,0,-1
116.05,0,0,0,-1
116.1,0,0,0,-1
116.15,0,0,0,-1
116.2,0,0,0,-1
116.25,0,0,0,-1
116.3,0,0,0,-1
116.35,0,0,0,-1
116.4,0,0,0,-1
116.45,0,0,0,-1
116.5,0,0,0,-1
116.55,0,0,0,-1
116.6,0,0,0,-1
116.65,0,0,0,-1
116.7,0,0,0,-1
116.75,0,0,0,-1
116.8,0,0,0,-1
116.85,0,0,0,-1
116.9,0,0,0,-1
116.95,0,0,0,-1
117,0,0,0,-1
117.05,0,0,0,-1
117.1,0,0,0,-1
117.15,0,0,0,-1
117.2,0,0,0,-1
117.25,0,0,0,-1
117.3,0,0,0,-1
117.35,0,0,0,-1
117.4,0,0,0,-1
117.45,0,0,0,-1
117.5,0,0,0,-1
117.55,0,0,0,-1
117.6,0,0,0,-1
117.65,0,0,0,-1
117.7,0,0,0,-1
117.75,0,0,0,-1
117.8,0,0,0,-1
117.85,0,0,0,-1
117.9,0,0,0,-1
117.95,0,0,0,-1
118,0,0,0,-1
118.05,0,0,0,-1
118.1,0,0,0,-1
118.15,0,0,0,-1
118.2,0,0,0,-1
118.25,0,0,0,-1
118.3,0,0,0,-1
118.35,0,0,0,-1
118.4,0,0,0,-1
118.45,0,0,0,-1
118.5,0,0,0,-1
118.55,0,0,0,-1
118.6,0,0,0,-1
118.65,0,0,0,-1
118.7,0,0,0,-1
118.75,0,0,0,-1
118.8,0,0,0,-1
118.85,0,0,0,-1
118.9,0,0,0,-1
118.95,0,0,0,-1
119,0,0,0,-1
119.05,0,0,0,-1
119.1,0,0,0,-1
119.15,0,0,0,-1
119.2,0,0,0,-1
119.25,0,0,0,-1
119.3,0,0,0,-1
119.35,0,0,0,-1
119.4,0,0,0,-1
119.45,0,0,0,-1
119.5,0,0,0,-1
119.55,0,0,0,-1
119.6,0,0,0,-1
119.65,0,0,0,-1
119.7,0,0,0,-1
119.75,0,0,0,-1
119.8,0,0,0,-1
119.85,0,0,0,-1
119.9,0,0,0,-1
119.95,0,0,0,-1
120,0,0,0,-1
120.05,0,0,0,-1
120.1,0,0,0,-1
120.15,0,0,0,-1
120.2,0,0,0,-1
120.25,0,0,0,-1
120.3,0,0,0,-1
120.35,0,0,0,-1
120.4,0,0,0,-1
120.45,0,0,0,-1
120.5,0,0,0,-1
120.55,0,0,0,-1
120.6,0,0,0,-1
120.65,0,0,0,-1
120.7,0,0,0,-1
120.75,0,0,0,-1
120.8,0,0,0,-1
120.85,0,0,0,-1
120.9,0,0,0,-1
120.95,0,0,0,-1
121,0,0,0,-1
121.05,0,0,0,-1
121.1,0,0,0,-1
121.15,0,0,0,-1
121.2,0,0,0,-1
121.25,0,0,0,-1
121.3,0,0,0,-1
121.35,0,0,0,-1
121.4,0,0,0,-1
121.45,0,0,0,-1
121.5,0,0,0,-1
121.55,0,0,0,-1
121.6,0,0,0,-1
121.65,0,0,0,-1
121.7,0,0,0,-1
121.75,0,0,0,-1
121.8,0,0,0,-1
121.85,0,0,0,-1
121.9,0,0,0,-1
121.95,0,0,0,-1
122,0,0,0,-1
122.05,0,0,0,-1
122.1,0,0,0,-1
122.15,0,0,0,-1
122.2,0,0,0,-1
122.25,0,0,0,-1
122.3,0,0,0,-1
122.35,0,0,0,-1
122.4,0,0,0,-1
122.45,0,0,0,-1
122.5,0,0,0,-1
122.55,0,0,0,-1
122.6,0,0,0,-1
122.65,0,0,0,-1
122.7,0,0,0,-1
122.75,0,0,0,-1
122.8,0,0,0,-1
122.85,0,0,0,-1
122.9,0,0,0,-1
122.95,0,0,0,-1
123,0,0,0,-1
123.05,0,0,0,-1
123.1,0,0,0,-1
123.15,0,0,0,-1
123.2,0,0,0,-1
123.25,0,0,0,-1
123.3,0,0,0,-1
123.35,0,0,0,-1
123.4,0,0,0,-1
123.45,0,0,0,-1
123.5,0,0,0,-1
123.55,0,0,0,-1
123.6,0,0,0,-1
123.65,0,0,0,-1
123.7,0,0,0,-1
123.75,0,0,0,-1
123.8,0,0,0,-1
123.85,0,0,0,-1
123.9,0,0,0,-1
123.95,0,0,0,-1
124,0,0,0,-1
124.05,0,0,0,-1
124.1,0,0,0,-1
124.15,0,0,0,-1
124.2,0,0,0,-1
124.25,0,0,0,-1
124.3,0,0,0,-1
124.35,0,0,0,-1
124.4,0,0,0,-1
124.45,0,0,0,-1
124.5,0,0,0,-1
124.55,0,0,0,-1
124.6,0,0,0,-1
124.65,0,0,0,-1
124.7,0,0,0,-1
124.75,0,0,0,-1
124.8,0,0,0,-1
124.85,0,0,0,-1
124.9,0,0,0,-1
124.95,0,0,0,-1
125,0,0,0,-1
125.05,0,0,0,-1
125.1,0,0,0,-1
125.15,0,0,0,-1
125.2,0,0,0,-1
125.25,0,0,0,-1
125.3,0,0,0,-1
125.35,0,0,0,-1
125.4,0,0,0,-1
125.45,0,0,0,-1
125.5,0,0,0,-1
125.55,0,0,0,-1
125.6,0,0,0,-1
125.65,0,0,0,-1
125.7,0,0,0,-1
125.75,0,0,0,-1
125.8,0,0,0,-1
125.85,0,0,0,-1
125.9,0,0,0,-1
125.95,0,0,0,-1
126,0,0,0,-1
126.05,0,0,0,-1
126.1,0,0,0,-1
126.15,0,0,0,-1
126.2,0,0,0,-1
126.25,0,0,0,-1
126.3,0,0,0,-1
126.35,0,0,0,-1
126.4,0,0,0,-1
126.45,0,0,0,-1
126.5,0,0,0,-1
126.55,0,0,0,-1
126.6,0,0,0,-1
126.65,0,0,0,-1
126.7,0,0,0,-1
126.75,0,0,0,-1
126.8,0,0,0,-1
126.85,0,0,0,-1
126.9,0,0,0,-1
126.95,0,0,0,-1
127,0,0,0,-1
127.05,0,0,0,-1
127.1,0,0,0,-1
127.15,0,0,0,-1
127.2,0,0,0,-1
127.25,0,0,0,-1
127.3,0,0,0,-1
127.35,0,0,0,-1
127.4,0,0,0,-1
127.45,0,0,0,-1
127.5,0,0,0,-1
127.55,0,0,0,-1
127.6,0,0,0,-1
127.65,0,0,0,-1
127.7,0,0,0,-1
127.75,0,0,0,-1
127.8,0,0,0,-1
127.85,0,0,0,-1
127.9,0,0,0,-1
127.95,0,0,0,-1
128,0,0,0,-1
128.05,0,0,0,-1
128.1,0,0,0,-1
128.15,0,0,0,-1
128.2,0,0,0,-1
128.25,0,0,0,-1
128.3,0,0,0,-1
128.35,0,0,0,-1
128.4,0,0,0,-1
128.45,0,0,0,-1
128.5,0,0,0,-1
128.55,0,0,0,-1
128.6,0,0,0,-1
128.65,0,0,0,-1
128.7,0,0,0,-1
128.75,0,0,0,-1
128.8,0,0,0,-1
128.85,0,0,0,-1
128.9,0,0,0,-1
128.95,0,0,0,-1
129,0,0,0,-1
129.05,0,0,0,-1
129.1,0,0,0,-1
129.15,0,0,0,-1
129.2,0,0,0,-1
129.25,0,0,0,-1
129.3,0,0,0,-1
129.35,0,0,0,-1
129.4,0,0,0,-1
129.45,0,0,0,-1
129.5,0,0,0,-1
129.55,0,0,0,-1
129.6,0,0,0,-1
129.65,0,0,0,-1
129.7,0,0,0,-1
129.75,0,0,0,-1
129.8,0,0,0,-1
129.85,0,0,0,-1
129.9,0,0,0,-1
129.95,0,0,0,-1
130,0,0,0,-1
130.05,0,0,0,-1
130.1,0,0,0,-1
130.15,0,0,0,-1
130.2,0,0,0,-1
130.25,0,0,0,-1
130.3,0,0,0,-1
130.35,0,0,0,-1
130.4,0,0,0,-1
130.45,0,0,0,-1
130.5,0,0,0,-1
130.55,0,0,0,-1
130.6,0,0,0,-1
130.65,0,0,0,-1
130.7,0,0,0,-1
130.75,0,0,0,-1
130.8,0,0,0,-1
130.85,0,0,0,-1
130.9,0,0,0,-1
130.95,0,0,0,-1
131,0,0,0,-1
131.05,0,0,0,-1
131.1,0,0,0,-1
131.15,0,0,0,-1
131.2,0,0,0,-1
131.25,0,0,0,-1
131.3,0,0,0,-1
131.35,0,0,0,-1
131.4,0,0,0,-1
131.45,0,0,0,-1
131.5,0,0,0,-1
131.55,0,0,0,-1
131.6,0,0,0,-1
131.65,0,0,0,-1
131.7,0,0,0,-1
131.75,0,0,0,-1
131.8,0,0,0,-1
131.85,0,0,0,-1
131.9,0,0,0,-1
131.95,0,0,0,-1
132,0,0,0,-1
132.05,0,0,0,-1
132.1,0,0,0,-1
132.15,0,0,0,-1
132.2,0,0,0,-1
132.25,0,0,0,-1
132.3,0,0,0,-1
132.35,0,0,0,-1
132.4,0,0,0,-1
132.45,0,0,0,-1
132.5,0,0,0,-1
132.55,0,0,0,-1
132.6,0,0,0,-1
132.65,0,0,0,-1
132.7,0,0,0,-1
132.75,0,0,0,-1
132.8,0,0,0,-1
132.85,0,0,0,-1
132.9,0,0,0,-1
132.95,0,0,0,-1
133,0,0,0,-1
133.05,0,0,0,-1
133.1,0,0,0,-1
133.15,0,0,0,-1
133.2,0,0,0,-1
133.25,0,0,0,-1
133.3,0,0,0,-1
133.35,0,0,0,-1
133.4,0,0,0,-1
133.45,0,0,0,-1
133.5,0,0,0,-1
133.55,0,0,0,-1
133.6,0,0,0,-1
133.65,0,0,0,-1
133.7,0,0,0,-1
133.75,0,0,0,-1
133.8,0,0,0,-1
133.85,0,0,0,-1
133.9,0,0,0,-1
133.95,0,0,0,-1
134,0,0,0,-1
134.05,0,0,0,-1
134.1,0,0,0,-1
134.15,0,0,0,-1
134.2,0,0,0,-1
134.25,0,0,0,-1
134.3,0,0,0,-1
134.35,0,0,0,-1
134.4,0,0,0,-1
134.45,0,0,0,-1
134.5,0,0,0,-1
134.55,0,0,0,-1
134.6,0,0,0,-1
134.65,0,0,0,-1
134.7,0,0,0,-1
134.75,0,0,0,-1
134.8,0,0,0,-1
134.85,0,0,0,-1
134.9,0,0,0,-1
134.95,0,0,0,-1
135,0,0,0,-1
135.05,0,0,0,-1
135.1,0,0,0,-1
135.15,0,0,0,-1
135.2,0,0,0,-1
135.25,0,0,0,-1
135.3,0,0,0,-1
135.35,0,0,0,-1
135.4,0,0,0,-1
135.45,0,0,0,-1
135.5,0,0,0,-1
135.55,0,0,0,-1
135.6,0,0,0,-1
135.65,0,0,0,-1
135.7,0,0,0,-1
135.75,0,0,0,-1
135.8,0,0,0,-1
135.85,0,0,0,-1
135.9,0,0,0,-1
135.95,0,0,0,-1
136,0,0,0,-1
136.05,0,0,0,-1
136.1,0,0,0,-1
136.15,0,0,0,-1
136.2,0,0,0,-1
136.25,0,0,0,-1
136.3,0,0,0,-1
136.35,0,0,0,-1
136.4,0,0,0,-1
136.45,0,0,0,-1
136.5,0,0,0,-1
136.55,0,0,0,-1
136.6,0,0,0,-1
136.65,0,0,0,-1
136.7,0,0,0,-1
136.75,0,0,0,-1
136.8,0,0,0,-1
136.85,0,0,0,-1
136.9,0,0,0,-1
136.95,0,0,0,-1
137,0,0,0,-1
137.05,0,0,0,-1
137.1,0,0,0,-1
137.15,0,0,0,-1
137.2,0,0,0,-1
137.25,0,0,0,-1
137.3,0,0,0,-1
137.35,0,0,0,-1
137.4,0,0,0,-1
137.45,0,0,0,-1
137.5,0,0,0,-1
137.55,0,0,0,-1
137.6,0,0,0,-1
137.65,0,0,0,-1
137.7,0,0,0,-1
137.75,0,0,0,-1
137.8,0,0,0,-1
137.85,0,0,0,-1
137.9,0,0,0,-1
137.95,0,0,0,-1
138,0,0,0,-1
138.05,0,0,0,-1
138.1,0,0,0,-1
138.15,0,0,0,-1
138.2,0,0,0,-1
138.25,0,0,0,-1
138.3,0,0,0,-1
138.35,0,0,0,-1
138.4,0,0,0,-1
138.45,0,0,0,-1
138.5,0,0,0,-1
138.55,0,0,0,-1
138.6,0,0,0,-1
138.65,0,0,0,-1
138.7,0,0,0,-1
138.75,0,0,0,-1
138.8,0,0,0,-1
138.85,0,0,0,-1
138.9,0,0,0,-1
138.95,0,0,0,-1
139,0,0,0,-1
139.05,0,0,0,-1
139.1,0,0,0,-1
139.15,0,0,0,-1
139.2,0,0,0,-1
139.25,0,0,0,-1
139.3,0,0,0,-1
139.35,0,0,0,-1
139.4,0,0,0,-1
139.45,0,0,0,-1
139.5,0,0,0,-1
139.55,0,0,0,-1
139.6,0,0,0,-1
139.65,0,0,0,-1
139.7,0,0,0,-1
139.75,0,0,0,-1
139.8,0,0,0,-1
139.85,0,0,0,-1
139.9,0,0,0,-1
139.95,0,0,0,-1
140,0,0,0,-1
140.05,0,0,0,-1
140.1,0,0,0,-1
140.15,0,0,0,-1
140.2,0,0,0,-1
140.25,0,0,0,-1
140.3,0,0,0,-1
140.35,0,0,0,-1
140.4,0,0,0,-1
140.45,0,0,0,-1
140.5,0,0,0,-1
140.55,0,0,0,-1
140.6,0,0,0,-1
140.65,0,0,0,-1
140.7,0,0,0,-1
140.75,0,0,0,-1
140.8,0,0,0,-1
140.85,0,0,0,-1
140.9,0,0,0,-1
140.95,0,0,0,-1
141,0,0,0,-1
141.05,0,0,0,-1
141.1,0,0,0,-1
141.15,0,0,0,-1
141.2,0,0,0,-1
141.25,0,0,0,-1
141.3,0,0,0,-1
141.35,0,0,0,-1
141.4,0,0,0,-1
141.45,0,0,0,-1
141.5,0,0,0,-1
141.55,0,0,0,-1
141.6,0,0,0,-1
141.65,0,0,0,-1
141.7,0,0,0,-1
141.75,0,0,0,-1
141.8,0,0,0,-1
141.85,0,0,0,-1
141.9,0,0,0,-1
141.95,0,0,0,-1
142,0,0,0,-1
142.05,0,0,0,-1
142.1,0,0,0,-1
142.15,0,0,0,-1
142.2,0,0,0,-1
142.25,0,0,0,-1
142.3,0,0,0,-1
142.35,0,0,0,-1
142.4,0,0,0,-1
142.45,0,0,0,-1
142.5,0,0,0,-1
142.55,0,0,0,-1
142.6,0,0,0,-1
142.65,0,0,0,-1
142.7,0,0,0,-1
142.75,0,0,0,-1
142.8,0,0,0,-1
142.85,0,0,0,-1
142.9,0,0,0,-1
142.95,0,0,0,-1
143,0,0,0,-1
143.05,0,0,0,-1
143.1,0,0,0,-1
143.15,0,0,0,-1
143.2,0,0,0,-1
143.25,0,0,0,-1
143.3,0,0,0,-1
143.35,0,0,0,-1
143.4,0,0,0,-1
143.45,0,0,0,-1
143.5,0,0,0,-1
143.55,0,0,0,-1
143.6,0,0,0,-1
143.65,0,0,0,-1
143.7,0,0,0,-1
143.75,0,0,0,-1
143.8,0,0,0,-1
143.85,0,0,0,-1
143.9,0,0,0,-1
143.95,0,0,0,-1
144,0,0,0,-1
144.05,0,0,0,-1
144.1,0,0,0,-1
144.15,0,0,0,-1
144.2,0,0,0,-1
144.25,0,0,0,-1
144.3,0,0,0,-1
144.35,0,0,0,-1
144.4,0,0,0,-1
144.45,0,0,0,-1
144.5,0,0,0,-1
144.55,0,0,0,-1
144.6,0,0,0,-1
144.65,0,0,0,-1
144.7,0,0,0,-1
144.75,0,0,0,-1
144.8,0,0,0,-1
144.85,0,0,0,-1
144.9,0,0,0,-1
144.95,0,0,0,-1
145,0,0,0,-1
145.05,0,0,0,-1
145.1,0,0,0,-1
145.15,0,0,0,-1
145.2,0,0,0,-1
145.25,0,0,0,-1
145.3,0,0,0,-1
145.35,0,0,0,-1
145.4,0,0,0,-1
145.45,0,0,0,-1
145.5,0,0,0,-1
145.55,0,0,0,-1
145.6,0,0,0,-1
145.65,0,0,0,-1
145.7,0,0,0,-1
145.75,0,0,0,-1
145.8,0,0,0,-1
145.85,0,0,0,-1
145.9,0,0,0,-1
145.95,0,0,0,-1
146,0,0,0,-1
146.05,0,0,0,-1
146.1,0,0,0,-1
146.15,0,0,0,-1
146.2,0,0,0,-1
146.25,0,0,0,-1
146.3,0,0,0,-1
146.35,0,0,0,-1
146.4,0,0,0,-1
146.45,0,0,0,-1
146.5,0,0,0,-1
146.55,0,0,0,-1
146.6,0,0,0,-1
146.65,0,0,0,-1
146.7,0,0,0,-1
146.75,0,0,0,-1
146.8,0,0,0,-1
146.85,0,0,0,-1
146.9,0,0,0,-1
146.95,0,0,0,-1
147,0,0,0,-1
147.05,0,0,0,-1
147.1,0,0,0,-1
147.15,0,0,0,-1
147.2,0,0,0,-1
147.25,0,0,0,-1
147.3,0,0,0,-1
147.35,0,0,0,-1
147.4,0,0,0,-1
147.45,0,0,0,-1
147.5,0,0,0,-1
147.55,0,0,0,-1
147.6,0,0,0,-1
147.65,0,0,0,-1
147.7,0,0,0,-1
147.75,0,0,0,-1
147.8,0,0,0,-1
147.85,0,0,0,-1
147.9,0,0,0,-1
147.95,0,0,0,-1
148,0,0,0,-1
148.05,0,0,0,-1
148.1,0,0,0,-1
148.15,0,0,0,-1
148.2,0,0,0,-1
148.25,0,0,0,-1
148.3,0,0,0,-1
148.35,0,0,0,-1
148.4,0,0,0,-1
148.45,0,0,0,-1
148.5,0,0,0,-1
148.55,0,0,0,-1
148.6,0,0,0,-1
148.65,0,0,0,-1
148.7,0,0,0,-1
148.75,0,0,0,-1
148.8,0,0,0,-1
148.85,0,0,0,-1
148.9,0,0,0,-1
148.95,0,0,0,-1
149,0,0,0,-1
149.05,0,0,0,-1
149.1,0,0,0,-1
149.15,0,0,0,-1
149.2,0,0,0,-1
149.25,0,0,0,-1
149.3,0,0,0,-1
149.35,0,0,0,-1
149.4,0,0,0,-1
149.45,0,0,0,-1
149.5,0,0,0,-1
149.55,0,0,0,-1
149.6,0,0,0,-1
149.65,0,0,0,-1
149.7,0,0,0,-1
149.75,0,0,0,-1
149.8,0,0,0,-1
149.85,0,0,0,-1
149.9,0,0,0,-1
149.95,0,0,0,-1
150,0,0,0,-1
150.05,0,0,0,-1
150.1,0,0,0,-1
150.15,0,0,0,-1
150.2,0,0,0,-1
150.25,0,0,0,-1
150.3,0,0,0,-1
150.35,0,0,0,-1
150.4,0,0,0,-1
150.45,0,0,0,-1
150.5,0,0,0,-1
150.55,0,0,0,-1
150.6,0,0,0,-1
150.65,0,0,0,-1
150.7,0,0,0,-1
150.75,0,0,0,-1
150.8,0,0,0,-1
150.85,0,0,0,-1
150.9,0,0,0,-1
150.95,0,0,0,-1
151,0,0,0,-1
151.05,0,0,0,-1
151.1,0,0,0,-1
151.15,0,0,0,-1
151.2,0,0,0,-1
151.25,0,0,0,-1
151.3,0,0,0,-1
151.35,0,0,0,-1
151.4,0,0,0,-1
151.45,0,0,0,-1
151.5,0,0,0,-1
151.55,0,0,0,-1
151.6,0,0,0,-1
151.65,0,0,0,-1
151.7,0,0,0,-1
151.75,0,0,0,-1
151.8,0,0,0,-1
151.85,0,0,0,-1
151.9,0,0,0,-1
151.95,0,0,0,-1
152,0,0,0,-1
152.05,0,0,0,-1
152.1,0,0,0,-1
152.15,0,0,0,-1
152.2,0,0,0,-1
152.25,0,0,0,-1
152.3,0,0,0,-1
152.35,0,0,0,-1
152.4,0,0,0,-1
152.45,0,0,0,-1
152.5,0,0,0,-1
152.55,0,0,0,-1
152.6,0,0,0,-1
152.65,0,0,0,-1
152.7,0,0,0,-1
152.75,0,0,0,-1
152.8,0,0,0,-1
152.85,0,0,0,-1
152.9,0,0,0,-1
152.95,0,0,0,-1
153,0,0,0,-1
153.05,0,0,0,-1
153.1,0,0,0,-1
153.15,0,0,0,-1
153.2,0,0,0,-1
153.25,0,0,0,-1
153.3,0,0,0,-1
153.35,0,0,0,-1
153.4,0,0,0,-1
153.45,0,0,0,-1
153.5,0,0,0,-1
153.55,0,0,0,-1
153.6,0,0,0,-1
153.65,0,0,0,-1
153.7,0,0,0,-1
153.75,0,0,0,-1
153.8,0,0,0,-1
153.85,0,0,0,-1
153.9,0,0,0,-1
153.95,0,0,0,-1
154,0,0,0,-1
154.05,0,0,0,-1
154.1,0,0,0,-1
154.15,0,0,0,-1
154.2,0,0,0,-1
154.25,0,0,0,-1
154.3,0,0,0,-1
154.35,0,0,0,-1
154.4,0,0,0,-1
154.45,0,0,0,-1
154.5,0,0,0,-1
154.55,0,0,0,-1
154.6,0,0,0,-1
154.65,0,0,0,-1
154.7,0,0,0,-1
154.75,0,0,0,-1
154.8,0,0,0,-1
154.85,0,0,0,-1
154.9,0,0,0,-1
154.95,0,0,0,-1
155,0,0,0,-1
155.05,0,0,0,-1
155.1,0,0,0,-1
155.15,0,0,0,-1
155.2,0,0,0,-1
155.25,0,0,0,-1
155.3,0,0,0,-1
155.35,0,0,0,-1
155.4,0,0,0,-1
155.45,0,0,0,-1
155.5,0,0,0,-1
155.55,0,0,0,-1
155.6,0,0,0,-1
155.65,0,0,0,-1
155.7,0,0,0,-1
155.75,0,0,0,-1
155.8,0,0,0,-1
155.85,0,0,0,-1
155.9,0,0,0,-1
155.95,0,0,0,-1
156,0,0,0,-1
156.05,0,0,0,-1
156.1,0,0,0,-1
156.15,0,0,0,-1
156.2,0,0,0,-1
156.25,0,0,0,-1
156.3,0,0,0,-1
156.35,0,0,0,-1
156.4,0,0,0,-1
156.45,0,0,0,-1
156.5,0,0,0,-1
156.55,0,0,0,-1
156.6,0,0,0,-1
156.65,0,0,0,-1
156.7,0,0,0,-1
156.75,0,0,0,-1
156.8,0,0,0,-1
156.85,0,0,0,-1
156.9,0,0,0,-1
156.95,0,0,0,-1
157,0,0,0,-1
157.05,0,0,0,-1
157.1,0,0,0,-1
157.15,0,0,0,-1
157.2,0,0,0,-1
157.25,0,0,0,-1
157.3,0,0,0,-1
157.35,0,0,0,-1
157.4,0,0,0,-1
157.45,0,0,0,-1
157.5,0,0,0,-1
157.55,0,0,0,-1
157.6,0,0,0,-1
157.65,0,0,0,-1
157.7,0,0,0,-1
157.75,0,0,0,-1
157.8,0,0,0,-1
157.85,0,0,0,-1
157.9,0,0,0,-1
157.95,0,0,0,-1
158,0,0,0,-1
158.05,0,0,0,-1
158.1,0,0,0,-1
158.15,0,0,0,-1
158.2,0,0,0,-1
158.25,0,0,0,-1
158.3,0,0,0,-1
158.35,0,0,0,-1
158.4,0,0,0,-1
158.45,0,0,0,-1
158.5,0,0,0,-1
158.55,0,0,0,-1
158.6,0,0,0,-1
158.65,0,0,0,-1
158.7,0,0,0,-1
158.75,0,0,0,-1
158.8,0,0,0,-1
158.85,0,0,0,-1
158.9,0,0,0,-1
158.95,0,0,0,-1
159,0,0,0,-1
159.05,0,0,0,-1
159.1,0,0,0,-1
159.15,0,0,0,-1
159.2,0,0,0,-1
159.25,0,0,0,-1
159.3,0,0,0,-1
159.35,0,0,0,-1
159.4,0,0,0,-1
159.45,0,0,0,-1
159.5,0,0,0,-1
159.55,0,0,0,-1
159.6,0,0,0,-1
159.65,0,0,0,-1
159.7,0,0,0,-1
159.75,0,0,0,-1
159.8,0,0,0,-1
159.85,0,0,0,-1
159.9,0,0,0,-1
159.95,0,0,0,-1
160,0,0,0,-1
160.05,0,0,0,-1
160.1,0,0,0,-1
160.15,0,0,0,-1
160.2,0,0,0,-1
160.25,0,0,0,-1
160.3,0,0,0,-1
160.35,0,0,0,-1
160.4,0,0,0,-1
160.45,0,0,0,-1
160.5,0,0,0,-1
160.55,0,0,0,-1
160.6,0,0,0,-1
160.65,0,0,0,-1
160.7,0,0,0,-1
160.75,0,0,0,-1
160.8,0,0,0,-1
160.85,0,0,0,-1
160.9,0,0,0,-1
160.95,0,0,0,-1
161,0,0,0,-1
161.05,0,0,0,-1
161.1,0,0,0,-1
161.15,0,0,0,-1
161.2,0,0,0,-1
161.25,0,0,0,-1
161.3,0,0,0,-1
161.35,0,0,0,-1
161.4,0,0,0,-1
161.45,0,0,0,-1
161.5,0,0,0,-1
161.55,0,0,0,-1
161.6,0,0,0,-1
161.65,0,0,0,-1
161.7,0,0,0,-1
161.75,0,0,0,-1
161.8,0,0,0,-1
161.85,0,0,0,-1
161.9,0,0,0,-1
161.95,0,0,0,-1
162,0,0,0,-1
162.05,0,0,0,-1
162.1,0,0,0,-1
162.15,0,0,0,-1
162.2,0,0,0,-1
162.25,0,0,0,-1
162.3,0,0,0,-1
162.35,0,0,0,-1
162.4,0,0,0,-1
162.45,0,0,0,-1
162.5,0,0,0,-1
162.55,0,0,0,-1
162.6,0,0,0,-1
162.65,0,0,0,-1
162.7,0,0,0,-1
162.75,0,0,0,-1
162.8,0,0,0,-1
162.85,0,0,0,-1
162.9,0,0,0,-1
162.95,0,0,0,-1
163,0,0,0,-1
163.05,0,0,0,-1
163.1,0,0,0,-1
163.15,0,0,0,-1
163.2,0,0,0,-1
163.25,0,0,0,-1
163.3,0,0,0,-1
163.35,0,0,0,-1
163.4,0,0,0,-1
163.45,0,0,0,-1
163.5,0,0,0,-1
163.55,0,0,0,-1
163.6,0,0,0,-1
163.65,0,0,0,-1
163.7,0,0,0,-1
163.75,0,0,0,-1
163.8,0,0,0,-1
163.85,0,0,0,-1
163.9,0,0,0,-1
163.95,0,0,0,-1
164,0,0,0,-1
164.05,0,0,0,-1
164.1,0,0,0,-1
164.15,0,0,0,-1
164.2,0,0,0,-1
164.25,0,0,0,-1
164.3,0,0,0,-1
164.35,0,0,0,-1
164.4,0,0,0,-1
164.45,0,0,0,-1
164.5,0,0,0,-1
164.55,0,0,0,-1
164.6,0,0,0,-1
164.65,0,0,0,-1
164.7,0,0,0,-1
164.75,0,0,0,-1
164.8,0,0,0,-1
164.85,0,0,0,-1
164.9,0,0,0,-1
164.95,0,0,0,-1
165,0,0,0,-1
165.05,0,0,0,-1
165.1,0,0,0,-1
165.15,0,0,0,-1
165.2,0,0,0,-1
165.25,0,0,0,-1
165.3,0,0,0,-1
165.35,0,0,0,-1
165.4,0,0,0,-1
165.45,0,0,0,-1
165.5,0,0,0,-1
165.55,0,0,0,-1
165.6,0,0,0,-1
165.65,0,0,0,-1
165.7,0,0,0,-1
165.75,0,0,0,-1
165.8,0,0,0,-1
165.85,0,0,0,-1
165.9,0,0,0,-1
165.95,0,0,0,-1
166,0,0,0,-1
166.05,0,0,0,-1
166.1,0,0,0,-1
166.15,0,0,0,-1
166.2,0,0,0,-1
166.25,0,0,0,-1
166.3,0,0,0,-1
166.35,0,0,0,-1
166.4,0,0,0,-1
166.45,0,0,0,-1
166.5,0,0,0,-1
166.55,0,0,0,-1
166.6,0,0,0,-1
166.65,0,0,0,-1
166.7,0,0,0,-1
166.75,0,0,0,-1
166.8,0,0,0,-1
166.85,0,0,0,-1
166.9,0,0,0,-1
166.95,0,0,0,-1
167,0,0,0,-1
167.05,0,0,0,-1
167.1,0,0,0,-1
167.15,0,0,0,-1
167.2,0,0,0,-1
167.25,0,0,0,-1
167.3,0,0,0,-1
167.35,0,0,0,-1
167.4,0,0,0,-1
167.45,0,0,0,-1
167.5,0,0,0,-1
167.55,0,0,0,-1
167.6,0,0,0,-1
167.65,0,0,0,-1
167.7,0,0,0,-1
167.75,0,0,0,-1
167.8,0,0,0,-1
167.85,0,0,0,-1
167.9,0,0,0,-1
167.95,0,0,0,-1
168,0,0,0,-1
168.05,0,0,0,-1
168.1,0,0,0,-1
168.15,0,0,0,-1
168.2,0,0,0,-1
168.25,0,0,0,-1
168.3,0,0,0,-1
168.35,0,0,0,-1
168.4,0,0,0,-1
168.45,0,0,0,-1
168.5,0,0,0,-1
168.55,0,0,0,-1
168.6,0,0,0,-1
168.65,0,0,0,-1
168.7,0,0,0,-1
168.75,0,0,0,-1
168.8,0,0,0,-1
168.85,0,0,0,-1
168.9,0,0,0,-1
168.95,0,0,0,-1
169,0,0,0,-1
169.05,0,0,0,-1
169.1,0,0,0,-1
169.15,0,0,0,-1
169.2,0,0,0,-1
169.25,0,0,0,-1
169.3,0,0,0,-1
169.35,0,0,0,-1
169.4,0,0,0,-1
169.45,0,0,0,-1
169.5,0,0,0,-1
169.55,0,0,0,-1
169.6,0,0,0,-1
169.65,0,0,0,-1
169.7,0,0,0,-1
169.75,0,0,0,-1
169.8,0,0,0,-1
169.85,0,0,0,-1
169.9,0,0,0,-1
169.95,0,0,0,-1
170,0,0,0,-1
170.05,0,0,0,-1
170.1,0,0,0,-1
170.15,0,0,0,-1
170.2,0,0,0,-1
170.25,0,0,0,-1
170.3,0,0,0,-1
170.35,0,0,0,-1
170.4,0,0,0,-1
170.45,0,0,0,-1
170.5,0,0,0,-1
170.55,0,0,0,-1
170.6,0,0,0,-1
170.65,0,0,0,-1
170.7,0,0,0,-1
170.75,0,0,0,-1
170.8,0,0,0,-1
170.85,0,0,0,-1
170.9,0,0,0,-1
170.95,0,0,0,-1
171,0,0,0,-1
171.05,0,0,0,-1
171.1,0,0,0,-1
171.15,0,0,0,-1
171.2,0,0,0,-1
171.25,0,0,0,-1
171.3,0,0,0,-1
171.35,0,0,0,-1
171.4,0,0,0,-1
171.45,0,0,0,-1
171.5,0,0,0,-1
171.55,0,0,0,-1
171.6,0,0,0,-1
171.65,0,0,0,-1
171.7,0,0,0,-1
171.75,0,0,0,-1
171.8,0,0,0,-1
171.85,0,0,0,-1
171.9,0,0,0,-1
171.95,0,0,0,-1
172,0,0,0,-1
172.05,0,0,0,-1
172.1,0,0,0,-1
172.15,0,0,0,-1
172.2,0,0,0,-1
172.25,0,0,0,-1
172.3,0,0,0,-1
172.35,0,0,0,-1
172.4,0,0,0,-1
172.45,0,0,0,-1
172.5,0,0,0,-1
172.55,0,0,0,-1
172.6,0,0,0,-1
172.65,0,0,0,-1
172.7,0,0,0,-1
172.75,0,0,0,-1
172.8,0,0,0,-1
172.85,0,0,0,-1
172.9,0,0,0,-1
172.95,0,0,0,-1
173,0,0,0,-1
173.05,0,0,0,-1
173.1,0,0,0,-1
173.15,0,0,0,-1
173.2,0,0,0,-1
173.25,0,0,0,-1
173.3,0,0,0,-1
173.35,0,0,0,-1
173.4,0,0,0,-1
173.45,0,0,0,-1
173.5,0,0,0,-1
173.55,0,0,0,-1
173.6,0,0,0,-1
173.65,0,0,0,-1
173.7,0,0,0,-1
173.75,0,0,0,-1
173.8,0,0,0,-1
173.85,0,0,0,-1
173.9,0,0,0,-1
173.95,0,0,0,-1
174,0,0,0,-1
174.05,0,0,0,-1
174.1,0,0,0,-1
174.15,0,0,0,-1
174.2,0,0,0,-1
174.25,0,0,0,-1
174.3,0,0,0,-1
174.35,0,0,0,-1
174.4,0,0,0,-1
174.45,0,0,0,-1
174.5,0,0,0,-1
174.55,0,0,0,-1
174.6,0,0,0,-1
174.65,0,0,0,-1
174.7,0,0,0,-1
174.75,0,0,0,-1
174.8,0,0,0,-1
174.85,0,0,0,-1
174.9,0,0,0,-1
174.95,0,0,0,-1
175,0,0,0,-1
175.05,0,0,0,-1
175.1,0,0,0,-1
175.15,0,0,0,-1
175.2,0,0,0,-1
175.25,0,0,0,-1
175.3,0,0,0,-1
175.35,0,0,0,-1
175.4,0,0,0,-1
175.45,0,0,0,-1
175.5,0,0,0,-1
175.55,0,0,0,-1
175.6,0,0,0,-1
175.65,0,0,0,-1
175.7,0,0,0,-1
175.75,0,0,0,-1
175.8,0,0,0,-1
175.85,0,0,0,-1
175.9,0,0,0,-1
175.95,0,0,0,-1
176,0,0,0,-1
176.05,0,0,0,-1
176.1,0,0,0,-1
176.15,0,0,0,-1
176.2,0,0,0,-1
176.25,0,0,0,-1
176.3,0,0,0,-1
176.35,0,0,0,-1
176.4,0,0,0,-1
176.45,0,0,0,-1
176.5,0,0,0,-1
176.55,0,0,0,-1
176.6,0,0,0,-1
176.65,0,0,0,-1
176.7,0,0,0,-1
176.75,0,0,0,-1
176.8,0,0,0,-1
176.85,0,0,0,-1
176.9,0,0,0,-1
176.95,0,0,0,-1
177,0,0,0,-1
177.05,0,0,0,-1
177.1,0,0,0,-1
177.15,0,0,0,-1
177.2,0,0,0,-1
177.25,0,0,0,-1
177.3,0,0,0,-1
177.35,0,0,0,-1
177.4,0,0,0,-1
177.45,0,0,0,-1
177.5,0,0,0,-1
177.55,0,0,0,-1
177.6,0,0,0,-1
177.65,0,0,0,-1
177.7,0,0,0,-1
177.75,0,0,0,-1
177.8,0,0,0,-1
177.85,0,0,0,-1
177.9,0,0,0,-1
177.95,0,0,0,-1
178,0,0,0,-1
178.05,0,0,0,-1
178.1,0,0,0,-1
178.15,0,0,0,-1
178.2,0,0,0,-1
178.25,0,0,0,-1
178.3,0,0,0,-1
178.35,0,0,0,-1
178.4,0,0,0,-1
178.45,0,0,0,-1
178.5,0,0,0,-1
178.55,0,0,0,-1
178.6,0,0,0,-1
178.65,0,0,0,-1
178.7,0,0,0,-1
178.75,0,0,0,-1
178.8,0,0,0,-1
178.85,0,0,0,-1
178.9,0,0,0,-1
178.95,0,0,0,-1
179,0,0,0,-1
179.05,0,0,0,-1
179.1,0,0,0,-1
179.15,0,0,0,-1
179.2,0,0,0,-1
179.25,0,0,0,-1
179.3,0,0,0,-1
179.35,0,0,0,-1
179.4,0,0,0,-1
179.45,0,0,0,-1
179.5,0,0,0,-1
179.55,0,0,0,-1
179.6,0,0,0,-1
179.65,0,0,0,-1
179.7,0,0,0,-1
179.75,0,0,0,-1
179.8,0,0,0,-1
179.85,0,0,0,-1
179.9,0,0,0,-1
179.95,0,0,0,-1
180,0,0,0,-1
180.05,0,0,0,-1
180.1,0,0,0,-1
180.15,0,0,0,-1
180.2,0,0,0,-1
180.25,0,0,0,-1
180.3,0,0,0,-1
180.35,0,0,0,-1
180.4,0,0,0,-1
180.45,0,0,0,-1
180.5,0,0,0,-1
180.55,0,0,0,-1
180.6,0,0,0,-1
180.65,0,0,0,-1
180.7,0,0,0,-1
180.75,0,0,0,-1
180.8,0,0,0,-1
180.85,0,0,0,-1
180.9,0,0,0,-1
180.95,0,0,0,-1
181,0,0,0,-1
181.05,0,0,0,-1
181.1,0,0,0,-1
181.15,0,0,0,-1
181.2,0,0,0,-1
181.25,0,0,0,-1
181.3,0,0,0,-1
181.35,0,0,0,-1
181.4,0,0,0,-1
181.45,0,0,0,-1
181.5,0,0,0,-1
181.55,0,0,0,-1
181.6,0,0,0,-1
181.65,0,0,0,-1
181.7,0,0,0,-1
181.75,0,0,0,-1
181.8,0,0,0,-1
181.85,0,0,0,-1
181.9,0,0,0,-1
181.95,0,0,0,-1
182,0,0,0,-1
182.05,0,0,0,-1
182.1,0,0,0,-1
182.15,0,0,0,-1
182.2,0,0,0,-1
182.25,0,0,0,-1
182.3,0,0,0,-1
182.35,0,0,0,-1
182.4,0,0,0,-1
182.45,0,0,0,-1
182.5,0,0,0,-1
182.55,0,0,0,-1
182.6,0,0,0,-1
182.65,0,0,0,-1
182.7,0,0,0,-1
182.75,0,0,0,-1
182.8,0,0,0,-1
182.85,0,0,0,-1
182.9,0,0,0,-1
182.95,0,0,0,-1
183,0,0,0,-1
183.05,0,0,0,-1
183.1,0,0,0,-1
183.15,0,0,0,-1
183.2,0,0,0,-1
183.25,0,0,0,-1
183.3,0,0,0,-1
183.35,0,0,0,-1
183.4,0,0,0,-1
183.45,0,0,0,-1
183.5,0,0,0,-1
183.55,0,0,0,-1
183.6,0,0,0,-1
183.65,0,0,0,-1
183.7,0,0,0,-1
183.75,0,0,0,-1
183.8,0,0,0,-1
183.85,0,0,0,-1
183.9,0,0,0,-1
183.95,0,0,0,-1
184,0,0,0,-1
184.05,0,0,0,-1
184.1,0,0,0,-1
184.15,0,0,0,-1
184.2,0,0,0,-1
184.25,0,0,0,-1
184.3,0,0,0,-1
184.35,0,0,0,-1
184.4,0,0,0,-1
184.45,0,0,0,-1
184.5,0,0,0,-1
184.55,0,0,0,-1
184.6,0,0,0,-1
184.65,0,0,0,-1
184.7,0,0,0,-1
184.75,0,0,0,-1
184.8,0,0,0,-1
184.85,0,0,0,-1
184.9,0,0,0,-1
184.95,0,0,0,-1
185,0,0,0,-1
185.05,0,0,0,-1
185.1,0,0,0,-1
185.15,0,0,0,-1
185.2,0,0,0,-1
185.25,0,0,0,-1
185.3,0,0,0,-1
185.35,0,0,0,-1
185.4,0,0,0,-1
185.45,0,0,0,-1
185.5,0,0,0,-1
185.55,0,0,0,-1
185.6,0,0,0,-1
185.65,0,0,0,-1
185.7,0,0,0,-1
185.75,0,0,0,-1
185.8,0,0,0,-1
185.85,0,0,0,-1
185.9,0,0,0,-1
185.95,0,0,0,-1
186,0,0,0,-1
186.05,0,0,0,-1
186.1,0,0,0,-1
186.15,0,0,0,-1
186.2,0,0,0,-1
186.25,0,0,0,-1
186.3,0,0,0,-1
186.35,0,0,0,-1
186.4,0,0,0,-1
186.45,0,0,0,-1
186.5,0,0,0,-1
186.55,0,0,0,-1
186.6,0,0,0,-1
186.65,0,0,0,-1
186.7,0,0,0,-1
186.75,0,0,0,-1
186.8,0,0,0,-1
186.85,0,0,0,-1
186.9,0,0,0,-1
186.95,0,0,0,-1
187,0,0,0,-1
187.05,0,0,0,-1
187.1,0,0,0,-1
187.15,0,0,0,-1
187.2,0,0,0,-1
187.25,0,0,0,-1
187.3,0,0,0,-1
187.35,0,0,0,-1
187.4,0,0,0,-1
187.45,0,0,0,-1
187.5,0,0,0,-1
187.55,0,0,0,-1
187.6,0,0,0,-1
187.65,0,0,0,-1
187.7,0,0,0,-1
187.75,0,0,0,-1
187.8,0,0,0,-1
187.85,0,0,0,-1
187.9,0,0,0,-1
187.95,0,0,0,-1
188,0,0,0,-1
188.05,0,0,0,-1
188.1,0,0,0,-1
188.15,0,0,0,-1
188.2,0,0,0,-1
188.25,0,0,0,-1
188.3,0,0,0,-1
188.35,0,0,0,-1
188.4,0,0,0,-1
188.45,0,0,0,-1
188.5,0,0,0,-1
188.55,0,0,0,-1
188.6,0,0,0,-1
188.65,0,0,0,-1
188.7,0,0,0,-1
188.75,0,0,0,-1
188.8,0,0,0,-1
188.85,0,0,0,-1
188.9,0,0,0,-1
188.95,0,0,0,-1
189,0,0,0,-1
189.05,0,0,0,-1
189.1,0,0,0,-1
189.15,0,0,0,-1
189.2,0,0,0,-1
189.25,0,0,0,-1
189.3,0,0,0,-1
189.35,0,0,0,-1
189.4,0,0,0,-1
189.45,0,0,0,-1
189.5,0,0,0,-1
189.55,0,0,0,-1
189.6,0,0,0,-1
189.65,0,0,0,-1
189.7,0,0,0,-1
189.75,0,0,0,-1
189.8,0,0,0,-1
189.85,0,0,0,-1
189.9,0,0,0,-1
189.95,0,0,0,-1
190,0,0,0,-1
190.05,0,0,0,-1
190.1,0,0,0,-1
190.15,0,0,0,-1
190.2,0,0,0,-1
190.25,0,0,0,-1
190.3,0,0,0,-1
190.35,0,0,0,-1
190.4,0,0,0,-1
190.45,0,0,0,-1
190.5,0,0,0,-1
190.55,0,0,0,-1
190.6,0,0,0,-1
190.65,0,0,0,-1
190.7,0,0,0,-1
190.75,0,0,0,-1
190.8,0,0,0,-1
190.85,0,0,0,-1
190.9,0,0,0,-1
190.95,0,0,0,-1
191,0,0,0,-1
191.05,0,0,0,-1
191.1,0,0,0,-1
191.15,0,0,0,-1
191.2,0,0,0,-1
191.25,0,0,0,-1
191.3,0,0,0,-1
191.35,0,0,0,-1
191.4,0,0,0,-1
191.45,0,0,0,-1
191.5,0,0,0,-1
191.55,0,0,0,-1
191.6,0,0,0,-1
191.65,0,0,0,-1
191.7,0,0,0,-1
191.75,0,0,0,-1
191.8,0,0,0,-1
191.85,0,0,0,-1
191.9,0,0,0,-1
191.95,0,0,0,-1
192,0,0,0,-1
192.05,0,0,0,-1
192.1,0,0,0,-1
192.15,0,0,0,-1
192.2,0,0,0,-1
192.25,0,0,0,-1
192.3,0,0,0,-1
192.35,0,0,0,-1
192.4,0,0,0,-1
192.45,0,0,0,-1
192.5,0,0,0,-1
192.55,0,0,0,-1
192.6,0,0,0,-1
192.65,0,0,0,-1
192.7,0,0,0,-1
192.75,0,0,0,-1
192.8,0,0,0,-1
192.85,0,0,0,-1
192.9,0,0,0,-1
192.95,0,0,0,-1
193,0,0,0,-1
193.05,0,0,0,-1
193.1,0,0,0,-1
193.15,0,0,0,-1
193.2,0,0,0,-1
193.25,0,0,0,-1
193.3,0,0,0,-1
193.35,0,0,0,-1
193.4,0,0,0,-1
193.45,0,0,0,-1
193.5,0,0,0,-1
193.55,0,0,0,-1
193.6,0,0,0,-1
193.65,0,0,0,-1
193.7,0,0,0,-1
193.75,0,0,0,-1
193.8,0,0,0,-1
193.85,0,0,0,-1
193.9,0,0,0,-1
193.95,0,0,0,-1
194,0,0,0,-1
194.05,0,0,0,-1
194.1,0,0,0,-1
194.15,0,0,0,-1
194.2,0,0,0,-1
194.25,0,0,0,-1
194.3,0,0,0,-1
194.35,0,0,0,-1
194.4,0,0,0,-1
194.45,0,0,0,-1
194.5,0,0,0,-1
194.55,0,0,0,-1
194.6,0,0,0,-1
194.65,0,0,0,-1
194.7,0,0,0,-1
194.75,0,0,0,-1
194.8,0,0,0,-1
194.85,0,0,0,-1
194.9,0,0,0,-1
194.95,0,0,0,-1
195,0,0,0,-1
195.05,0,0,0,-1
195.1,0,0,0,-1
195.15,0,0,0,-1
195.2,0,0,0,-1
195.25,0,0,0,-1
195.3,0,0,0,-1
195.35,0,0,0,-1
195.4,0,0,0,-1
195.45,0,0,0,-1
195.5,0,0,0,-1
195.55,0,0,0,-1
195.6,0,0,0,-1
195.65,0,0,0,-1
195.7,0,0,0,-1
195.75,0,0,0,-1
195.8,0,0,0,-1
195.85,0,0,0,-1
195.9,0,0,0,-1
195.95,0,0,0,-1
196,0,0,0,-1
196.05,0,0,0,-1
196.1,0,0,0,-1
196.15,0,0,0,-1
196.2,0,0,0,-1
196.25,0,0,0,-1
196.3,0,0,0,-1
196.35,0,0,0,-1
196.4,0,0,0,-1
196.45,0,0,0,-1
196.5,0,0,0,-1
196.55,0,0,0,-1
196.6,0,0,0,-1
196.65,0,0,0,-1
196.7,0,0,0,-1
196.75,0,0,0,-1
196.8,0,0,0,-1
196.85,0,0,0,-1
196.9,0,0,0,-1
196.95,0,0,0,-1
197,0,0,0,-1
197.05,0,0,0,-1
197.1,0,0,0,-1
197.15,0,0,0,-1
197.2,0,0,0,-1
197.25,0,0,0,-1
197.3,0,0,0,-1
197.35,0,0,0,-1
197.4,0,0,0,-1
197.45,0,0,0,-1
197.5,0,0,0,-1
197.55,0,0,0,-1
197.6,0,0,0,-1
197.65,0,0,0,-1
197.7,0,0,0,-1
197.75,0,0,0,-1
197.8,0,0,0,-1
197.85,0,0,0,-1
197.9,0,0,0,-1
197.95,0,0,0,-1
198,0,0,0,-1
198.05,0,0,0,-1
198.1,0,0,0,-1
198.15,0,0,0,-1
198.2,0,0,0,-1
198.25,0,0,0,-1
198.3,0,0,0,-1
198.35,0,0,0,-1
198.4,0,0,0,-1
198.45,0,0,0,-1
198.5,0,0,0,-1
198.55,0,0,0,-1
198.6,0,0,0,-1
198.65,0,0,0,-1
198.7,0,0,0,-1
198.75,0,0,0,-1
198.8,0,0,0,-1
198.85,0,0,0,-1
198.9,0,0,0,-1
198.95,0,0,0,-1
199,0,0,0,-1
199.05,0,0,0,-1
199.1,0,0,0,-1
199.15,0,0,0,-1
199.2,0,0,0,-1
199.25,0,0,0,-1
199.3,0,0,0,-1
199.35,0,0,0,-1
199.4,0,0,0,-1
199.45,0,0,0,-1
199.5,0,0,0,-1
199.55,0,0,0,-1
199.6,0,0,0,-1
199.65,0,0,0,-1
199.7,0,0,0,-1
199.75,0,0,0,-1
199.8,0,0,0,-1
199.85,0,0,0,-1
199.9,0,0,0,-1
199.95,0,0,0,-1
200,0,0,0,-1
200.05,0,0,0,-1
200.1,0,0,0,-1
200.15,0,0,0,-1
200.2,0,0,0,-1
200.25,0,0,0,-1
200.3,0,0,0,-1
200.35,0,0,0,-1
200.4,0,0,0,-1
200.45,0,0,0,-1
200.5,0,0,0,-1
200.55,0,0,0,-1
200.6,0,0,0,-1
200.65,0,0,0,-1
200.7,0,0,0,-1
200.75,0,0,0,-1
200.8,0,0,0,-1
200.85,0,0,0,-1
200.9,0,0,0,-1
200.95,0,0,0,-1
201,0,0,0,-1
201.05,0,0,0,-1
201.1,0,0,0,-1
201.15,0,0,0,-1
201.2,0,0,0,-1
201.25,0,0,0,-1
201.3,0,0,0,-1
201.35,0,0,0,-1
201.4,0,0,0,-1
201.45,0,0,0,-1
201.5,0,0,0,-1
201.55,0,0,0,-1
201.6,0,0,0,-1
201.65,0,0,0,-1
201.7,0,0,0,-1
201.75,0,0,0,-1
201.8,0,0,0,-1
201.85,0,0,0,-1
201.9,0,0,0,-1
201.95,0,0,0,-1
202,0,0,0,-1
202.05,0,0,0,-1
202.1,0,0,0,-1
202.15,0,0,0,-1
202.2,0,0,0,-1
202.25,0,0,0,-1
202.3,0,0,0,-1
202.35,0,0,0,-1
202.4,0,0,0,-1
202.45,0,0,0,-1
202.5,0,0,0,-1
202.55,0,0,0,-1
202.6,0,0,0,-1
202.65,0,0,0,-1
202.7,0,0,0,-1
202.75,0,0,0,-1
202.8,0,0,0,-1
202.85,0,0,0,-1
202.9,0,0,0,-1
202.95,0,0,0,-1
203,0,0,0,-1
203.05,0,0,0,-1
203.1,0,0,0,-1
203.15,0,0,0,-1
203.2,0,0,0,-1
203.25,0,0,0,-1
203.3,0,0,0,-1
203.35,0,0,0,-1
203.4,0,0,0,-1
203.45,0,0,0,-1
203.5,0,0,0,-1
203.55,0,0,0,-1
203.6,0,0,0,-1
203.65,0,0,0,-1
203.7,0,0,0,-1
203.75,0,0,0,-1
203.8,0,0,0,-1
203.85,0,0,0,-1
203.9,0,0,0,-1
203.95,0,0,0,-1
204,0,0,0,-1
204.05,0,0,0,-1
204.1,0,0,0,-1
204.15,0,0,0,-1
204.2,0,0,0,-1
204.25,0,0,0,-1
204.3,0,0,0,-1
204.35,0,0,0,-1
204.4,0,0,0,-1
204.45,0,0,0,-1
204.5,0,0,0,-1
204.55,0,0,0,-1
204.6,0,0,0,-1
204.65,0,0,0,-1
204.7,0,0,0,-1
204.75,0,0,0,-1
204.8,0,0,0,-1
204.85,0,0,0,-1
204.9,0,0,0,-1
204.95,0,0,0,-1
205,0,0,0,-1
205.05,0,0,0,-1
205.1,0,0,0,-1
205.15,0,0,0,-1
205.2,0,0,0,-1
205.25,0,0,0,-1
205.3,0,0,0,-1
205.35,0,0,0,-1
205.4,0,0,0,-1
205.45,0,0,0,-1
205.5,0,0,0,-1
205.55,0,0,0,-1
205.6,0,0,0,-1
205.65,0,0,0,-1
205.7,0,0,0,-1
205.75,0,0,0,-1
205.8,0,0,0,-1
205.85,0,0,0,-1
205.9,0,0,0,-1
205.95,0,0,0,-1
206,0,0,0,-1
206.05,0,0,0,-1
206.1,0,0,0,-1
206.15,0,0,0,-1
206.2,0,0,0,-1
206.25,0,0,0,-1
206.3,0,0,0,-1
206.35,0,0,0,-1
206.4,0,0,0,-1
206.45,0,0,0,-1
206.5,0,0,0,-1
206.55,0,0,0,-1
206.6,0,0,0,-1
206.65,0,0,0,-1
206.7,0,0,0,-1
206.75,0,0,0,-1
206.8,0,0,0,-1
206.85,0,0,0,-1
206.9,0,0,0,-1
206.95,0,0,0,-1
207,0,0,0,-1
207.05,0,0,0,-1
207.1,0,0,0,-1
207.15,0,0,0,-1
207.2,0,0,0,-1
207.25,0,0,0,-1
207.3,0,0,0,-1
207.35,0,0,0,-1
207.4,0,0,0,-1
207.45,0,0,0,-1
207.5,0,0,0,-1
207.55,0,0,0,-1
207.6,0,0,0,-1
207.65,0,0,0,-1
207.7,0,0,0,-1
207.75,0,0,0,-1
207.8,0,0,0,-1
207.85,0,0,0,-1
207.9,0,0,0,-1
207.95,0,0,0,-1
208,0,0,0,-1
208.05,0,0,0,-1
208.1,0,0,0,-1
208.15,0,0,0,-1
208.2,0,0,0,-1
208.25,0,0,0,-1
208.3,0,0,0,-1
208.35,0,0,0,-1
208.4,0,0,0,-1
208.45,0,0,0,-1
208.5,0,0,0,-1
208.55,0,0,0,-1
208.6,0,0,0,-1
208.65,0,0,0,-1
208.7,0,0,0,-1
208.75,0,0,0,-1
208.8,0,0,0,-1
208.85,0,0,0,-1
208.9,0,0,0,-1
208.95,0,0,0,-1
209,0,0,0,-1
209.05,0,0,0,-1
209.1,0,0,0,-1
209.15,0,0,0,-1
209.2,0,0,0,-1
209.25,0,0,0,-1
209.3,0,0,0,-1
209.35,0,0,0,-1
209.4,0,0,0,-1
209.45,0,0,0,-1
209.5,0,0,0,-1
209.55,0,0,0,-1
209.6,0,0,0,-1
209.65,0,0,0,-1
209.7,0,0,0,-1
209.75,0,0,0,-1
209.8,0,0,0,-1
209.85,0,0,0,-1
209.9,0,0,0,-1
209.95,0,0,0,-1
210,0,0,0,-1
210.05,0,0,0,-1
210.1,0,0,0,-1
210.15,0,0,0,-1
210.2,0,0,0,-1
210.25,0,0,0,-1
210.3,0,0,0,-1
210.35,0,0,0,-1
210.4,0,0,0,-1
210.45,0,0,0,-1
210.5,0,0,0,-1
210.55,0,0,0,-1
210.6,0,0,0,-1
210.65,0,0,0,-1
210.7,0,0,0,-1
210.75,0,0,0,-1
210.8,0,0,0,-1
210.85,0,0,0,-1
210.9,0,0,0,-1
210.95,0,0,0,-1
211,0,0,0,-1
211.05,0,0,0,-1
211.1,0,0,0,-1
211.15,0,0,0,-1
211.2,0,0,0,-1
211.25,0,0,0,-1
211.3,0,0,0,-1
211.35,0,0,0,-1
211.4,0,0,0,-1
211.45,0,0,0,-1
211.5,0,0,0,-1
211.55,0,0,0,-1
211.6,0,0,0,-1
211.65,0,0,0,-1
211.7,0,0,0,-1
211.75,0,0,0,-1
211.8,0,0,0,-1
211.85,0,0,0,-1
211.9,0,0,0,-1
211.95,0,0,0,-1
212,0,0,0,-1
212.05,0,0,0,-1
212.1,0,0,0,-1
212.15,0,0,0,-1
212.2,0,0,0,-1
212.25,0,0,0,-1
212.3,0,0,0,-1
212.35,0,0,0,-1
212.4,0,0,0,-1
212.45,0,0,0,-1
212.5,0,0,0,-1
212.55,0,0,0,-1
212.6,0,0,0,-1
212.65,0,0,0,-1
212.7,0,0,0,-1
212.75,0,0,0,-1
212.8,0,0,0,-1
212.85,0,0,0,-1
212.9,0,0,0,-1
212.95,0,0,0,-1
213,0,0,0,-1
213.05,0,0,0,-1
213.1,0,0,0,-1
213.15,0,0,0,-1
213.2,0,0,0,-1
213.25,0,0,0,-1
213.3,0,0,0,-1
213.35,0,0,0,-1
213.4,0,0,0,-1
213.45,0,0,0,-1
213.5,0,0,0,-1
213.55,0,0,0,-1
213.6,0,0,0,-1
213.65,0,0,0,-1
213.7,0,0,0,-1
213.75,0,0,0,-1
213.8,0,0,0,-1
213.85,0,0,0,-1
213.9,0,0,0,-1
213.95,0,0,0,-1
214,0,0,0,-1
214.05,0,0,0,-1
214.1,0,0,0,-1
214.15,0,0,0,-1
214.2,0,0,0,-1
214.25,0,0,0,-1
214.3,0,0,0,-1
214.35,0,0,0,-1
214.4,0,0,0,-1
214.45,0,0,0,-1
214.5,0,0,0,-1
214.55,0,0,0,-1
214.6,0,0,0,-1
214.65,0,0,0,-1
214.7,0,0,0,-1
214.75,0,0,0,-1
214.8,0,0,0,-1
214.85,0,0,0,-1
214.9,0,0,0,-1
214.95,0,0,0,-1
215,0,0,0,-1
215.05,0,0,0,-1
215.1,0,0,0,-1
215.15,0,0,0,-1
215.2,0,0,0,-1
215.25,0,0,0,-1
215.3,0,0,0,-1
215.35,0,0,0,-1
215.4,0,0,0,-1
215.45,0,0,0,-1
215.5,0,0,0,-1
215.55,0,0,0,-1
215.6,0,0,0,-1
215.65,0,0,0,-1
215.7,0,0,0,-1
215.75,0,0,0,-1
215.8,0,0,0,-1
215.85,0,0,0,-1
215.9,0,0,0,-1
215.95,0,0,0,-1
216,0,0,0,-1
216.05,0,0,0,-1
216.1,0,0,0,-1
216.15,0,0,0,-1
216.2,0,0,0,-1
216.25,0,0,0,-1
216.3,0,0,0,-1
216.35,0,0,0,-1
216.4,0,0,0,-1
216.45,0,0,0,-1
216.5,0,0,0,-1
216.55,0,0,0,-1
216.6,0,0,0,-1
216.65,0,0,0,-1
216.7,0,0,0,-1
216.75,0,0,0,-1
216.8,0,0,0,-1
216.85,0,0,0,-1
216.9,0,0,0,-1
216.95,0,0,0,-1
217,0,0,0,-1
217.05,0,0,0,-1
217.1,0,0,0,-1
217.15,0,0,0,-1
217.2,0,0,0,-1
217.25,0,0,0,-1
217.3,0,0,0,-1
217.35,0,0,0,-1
217.4,0,0,0,-1
217.45,0,0,0,-1
217.5,0,0,0,-1
217.55,0,0,0,-1
217.6,0,0,0,-1
217.65,0,0,0,-1
217.7,0,0,0,-1
217.75,0,0,0,-1
217.8,0,0,0,-1
217.85,0,0,0,-1
217.9,0,0,0,-1
217.95,0,0,0,-1
218,0,0,0,-1
218.05,0,0,0,-1
218.1,0,0,0,-1
218.15,0,0,0,-1
218.2,0,0,0,-1
218.25,0,0,0,-1
218.3,0,0,0,-1
218.35,0,0,0,-1
218.4,0,0,0,-1
218.45,0,0,0,-1
218.5,0,0,0,-1
218.55,0,0,0,-1
218.6,0,0,0,-1
218.65,0,0,0,-1
218.7,0,0,0,-1
218.75,0,0,0,-1
218.8,0,0,0,-1
218.85,0,0,0,-1
218.9,0,0,0,-1
218.95,0,0,0,-1
219,0,0,0,-1
219.05,0,0,0,-1
219.1,0,0,0,-1
219.15,0,0,0,-1
219.2,0,0,0,-1
219.25,0,0,0,-1
219.3,0,0,0,-1
219.35,0,0,0,-1
219.4,0,0,0,-1
219.45,0,0,0,-1
219.5,0,0,0,-1
219.55,0,0,0,-1
219.6,0,0,0,-1
219.65,0,0,0,-1
219.7,0,0,0,-1
219.75,0,0,0,-1
219.8,0,0,0,-1
219.85,0,0,0,-1
219.9,0,0,0,-1
219.95,0,0,0,-1
220,0,0,0,-1
220.05,0,0,0,-1
220.1,0,0,0,-1
220.15,0,0,0,-1
220.2,0,0,0,-1
220.25,0,0,0,-1
220.3,0,0,0,-1
220.35,0,0,0,-1
220.4,0,0,0,-1
220.45,0,0,0,-1
220.5,0,0,0,-1
220.55,0,0,0,-1
220.6,0,0,0,-1
220.65,0,0,0,-1
220.7,0,0,0,-1
220.75,0,0,0,-1
220.8,0,0,0,-1
220.85,0,0,0,-1
220.9,0,0,0,-1
220.95,0,0,0,-1
221,0,0,0,-1
221.05,0,0,0,-1
221.1,0,0,0,-1
221.15,0,0,0,-1
221.2,0,0,0,-1
221.25,0,0,0,-1
221.3,0,0,0,-1
221.35,0,0,0,-1
221.4,0,0,0,-1
221.45,0,0,0,-1
221.5,0,0,0,-1
221.55,0,0,0,-1
221.6,0,0,0,-1
221.65,0,0,0,-1
221.7,0,0,0,-1
221.75,0,0,0,-1
221.8,0,0,0,-1
221.85,0,0,0,-1
221.9,0,0,0,-1
221.95,0,0,0,-1
222,0,0,0,-1
222.05,0,0,0,-1
222.1,0,0,0,-1
222.15,0,0,0,-1
222.2,0,0,0,-1
222.25,0,0,0,-1
222.3,0,0,0,-1
222.35,0,0,0,-1
222.4,0,0,0,-1
222.45,0,0,0,-1
222.5,0,0,0,-1
222.55,0,0,0,-1
222.6,0,0,0,-1
222.65,0,0,0,-1
222.7,0,0,0,-1
222.75,0,0,0,-1
222.8,0,0,0,-1
222.85,0,0,0,-1
222.9,0,0,0,-1
222.95,0,0,0,-1
223,0,0,0,-1
223.05,0,0,0,-1
223.1,0,0,0,-1
223.15,0,0,0,-1
223.2,0,0,0,-1
223.25,0,0,0,-1
223.3,0,0,0,-1
223.35,0,0,0,-1
223.4,0,0,0,-1
223.45,0,0,0,-1
223.5,0,0,0,-1
223.55,0,0,0,-1
223.6,0,0,0,-1
223.65,0,0,0,-1
223.7,0,0,0,-1
223.75,0,0,0,-1
223.8,0,0,0,-1
223.85,0,0,0,-1
223.9,0,0,0,-1
223.95,0,0,0,-1
224,0,0,0,-1
224.05,0,0,0,-1
224.1,0,0,0,-1
224.15,0,0,0,-1
224.2,0,0,0,-1
224.25,0,0,0,-1
224.3,0,0,0,-1
224.35,0,0,0,-1
224.4,0,0,0,-1
224.45,0,0,0,-1
224.5,0,0,0,-1
224.55,0,0,0,-1
224.6,0,0,0,-1
224.65,0,0,0,-1
224.7,0,0,0,-1
224.75,0,0,0,-1
224.8,0,0,0,-1
224.85,0,0,0,-1
224.9,0,0,0,-1
224.95,0,0,0,-1
225,0,0,0,-1
225.05,0,0,0,-1
225.1,0,0,0,-1
225.15,0,0,0,-1
225.2,0,0,0,-1
225.25,0,0,0,-1
225.3,0,0,0,-1
225.35,0,0,0,-1
225.4,0,0,0,-1
225.45,0,0,0,-1
225.5,0,0,0,-1
225.55,0,0,0,-1
225.6,0,0,0,-1
225.65,0,0,0,-1
225.7,0,0,0,-1
225.75,0,0,0,-1
225.8,0,0,0,-1
225.85,0,0,0,-1
225.9,0,0,0,-1
225.95,0,0,0,-1
226,0,0,0,-1
226.05,0,0,0,-1
226.1,0,0,0,-1
226.15,0,0,0,-1
226.2,0,0,0,-1
226.25,0,0,0,-1
226.3,0,0,0,-1
226.35,0,0,0,-1
226.4,0,0,0,-1
226.45,0,0,0,-1
226.5,0,0,0,-1
226.55,0,0,0,-1
226.6,0,0,0,-1
226.65,0,0,0,-1
226.7,0,0,0,-1
226.75,0,0,0,-1
226.8,0,0,0,-1
226.85,0,0,0,-1
226.9,0,0,0,-1
226.95,0,0,0,-1
227,0,0,0,-1
227.05,0,0,0,-1
227.1,0,0,0,-1
227.15,0,0,0,-1
227.2,0,0,0,-1
227.25,0,0,0,-1
227.3,0,0,0,-1
227.35,0,0,0,-1
227.4,0,0,0,-1
227.45,0,0,0,-1
227.5,0,0,0,-1
227.55,0,0,0,-1
227.6,0,0,0,-1
227.65,0,0,0,-1
227.7,0,0,0,-1
227.75,0,0,0,-1
227.8,0,0,0,-1
227.85,0,0,0,-1
227.9,0,0,0,-1
227.95,0,0,0,-1
228,0,0,0,-1
228.05,0,0,0,-1
228.1,0,0,0,-1
228.15,0,0,0,-1
228.2,0,0,0,-1
228.25,0,0,0,-1
228.3,0,0,0,-1
228.35,0,0,0,-1
228.4,0,0,0,-1
228.45,0,0,0,-1
228.5,0,0,0,-1
228.55,0,0,0,-1
228.6,0,0,0,-1
228.65,0,0,0,-1
228.7,0,0,0,-1
228.75,0,0,0,-1
228.8,0,0,0,-1
228.85,0,0,0,-1
228.9,0,0,0,-1
228.95,0,0,0,-1
229,0,0,0,-1
229.05,0,0,0,-1
229.1,0,0,0,-1
229.15,0,0,0,-1
229.2,0,0,0,-1
229.25,0,0,0,-1
229.3,0,0,0,-1
229.35,0,0,0,-1
229.4,0,0,0,-1
229.45,0,0,0,-1
229.5,0,0,0,-1
229.55,0,0,0,-1
229.6,0,0,0,-1
229.65,0,0,0,-1
229.7,0,0,0,-1
229.75,0,0,0,-1
229.8,0,0,0,-1
229.85,0,0,0,-1
229.9,0,0,0,-1
229.95,0,0,0,-1
230,0,0,0,-1
230.05,0,0,0,-1
230.1,0,0,0,-1
230.15,0,0,0,-1
230.2,0,0,0,-1
230.25,0,0,0,-1
230.3,0,0,0,-1
230.35,0,0,0,-1
230.4,0,0,0,-1
230.45,0,0,0,-1
230.5,0,0,0,-1
230.55,0,0,0,-1
230.6,0,0,0,-1
230.65,0,0,0,-1
230.7,0,0,0,-1
230.75,0,0,0,-1
230.8,0,0,0,-1
230.85,0,0,0,-1
230.9,0,0,0,-1
230.95,0,0,0,-1
231,0,0,0,-1
231.05,0,0,0,-1
231.1,0,0,0,-1
231.15,0,0,0,-1
231.2,0,0,0,-1
231.25,0,0,0,-1
231.3,0,0,0,-1
231.35,0,0,0,-1
231.4,0,0,0,-1
231.45,0,0,0,-1
231.5,0,0,0,-1
231.55,0,0,0,-1
231.6,0,0,0,-1
231.65,0,0,0,-1
231.7,0,0,0,-1
231.75,0,0,0,-1
231.8,0,0,0,-1
231.85,0,0,0,-1
231.9,0,0,0,-1
231.95,0,0,0,-1
232,0,0,0,-1
232.05,0,0,0,-1
232.1,0,0,0,-1
232.15,0,0,0,-1
232.2,0,0,0,-1
232.25,0,0,0,-1
232.3,0,0,0,-1
232.35,0,0,0,-1
232.4,0,0,0,-1
232.45,0,0,0,-1
232.5,0,0,0,-1
232.55,0,0,0,-1
232.6,0,0,0,-1
232.65,0,0,0,-1
232.7,0,0,0,-1
232.75,0,0,0,-1
232.8,0,0,0,-1
232.85,0,0,0,-1
232.9,0,0,0,-1
232.95,0,0,0,-1
233,0,0,0,-1
233.05,0,0,0,-1
233.1,0,0,0,-1
233.15,0,0,0,-1
233.2,0,0,0,-1
233.25,0,0,0,-1
233.3,0,0,0,-1
233.35,0,0,0,-1
233.4,0,0,0,-1
233.45,0,0,0,-1
233.5,0,0,0,-1
233.55,0,0,0,-1
233.6,0,0,0,-1
233.65,0,0,0,-1
233.7,0,0,0,-1
233.75,0,0,0,-1
233.8,0,0,0,-1
233.85,0,0,0,-1
233.9,0,0,0,-1
233.95,0,0,0,-1
234,0,0,0,-1
234.05,0,0,0,-1
234.1,0,0,0,-1
234.15,0,0,0,-1
234.2,0,0,0,-1
234.25,0,0,0,-1
234.3,0,0,0,-1
234.35,0,0,0,-1
234.4,0,0,0,-1
234.45,0,0,0,-1
234.5,0,0,0,-1
234.55,0,0,0,-1
234.6,0,0,0,-1
234.65,0,0,0,-1
234.7,0,0,0,-1
234.75,0,0,0,-1
234.8,0,0,0,-1
234.85,0,0,0,-1
234.9,0,0,0,-1
234.95,0,0,0,-1
235,0,0,0,-1
235.05,0,0,0,-1
235.1,0,0,0,-1
235.15,0,0,0,-1
235.2,0,0,0,-1
235.25,0,0,0,-1
235.3,0,0,0,-1
235.35,0,0,0,-1
235.4,0,0,0,-1
235.45,0,0,0,-1
235.5,0,0,0,-1
235.55,0,0,0,-1
235.6,0,0,0,-1
235.65,0,0,0,-1
235.7,0,0,0,-1
235.75,0,0,0,-1
235.8,0,0,0,-1
235.85,0,0,0,-1
235.9,0,0,0,-1
235.95,0,0,0,-1
236,0,0,0,-1
236.05,0,0,0,-1
236.1,0,0,0,-1
236.15,0,0,0,-1
236.2,0,0,0,-1
236.25,0,0,0,-1
236.3,0,0,0,-1
236.35,0,0,0,-1
236.4,0,0,0,-1
236.45,0,0,0,-1
236.5,0,0,0,-1
236.55,0,0,0,-1
236.6,0,0,0,-1
236.65,0,0,0,-1
236.7,0,0,0,-1
236.75,0,0,0,-1
236.8,0,0,0,-1
236.85,0,0,0,-1
236.9,0,0,0,-1
236.95,0,0,0,-1
237,0,0,0,-1
237.05,0,0,0,-1
237.1,0,0,0,-1
237.15,0,0,0,-1
237.2,0,0,0,-1
237.25,0,0,0,-1
237.3,0,0,0,-1
237.35,0,0,0,-1
237.4,0,0,0,-1
237.45,0,0,0,-1
237.5,0,0,0,-1
237.55,0,0,0,-1
237.6,0,0,0,-1
237.65,0,0,0,-1
237.7,0,0,0,-1
237.75,0,0,0,-1
237.8,0,0,0,-1
237.85,0,0,0,-1
237.9,0,0,0,-1
237.95,0,0,0,-1
238,0,0,0,-1
238.05,0,0,0,-1
238.1,0,0,0,-1
238.15,0,0,0,-1
238.2,0,0,0,-1
238.25,0,0,0,-1
238.3,0,0,0,-1
238.35,0,0,0,-1
238.4,0,0,0,-1
238.45,0,0,0,-1
238.5,0,0,0,-1
238.55,0,0,0,-1
238.6,0,0,0,-1
238.65,0,0,0,-1
238.7,0,0,0,-1
238.75,0,0,0,-1
238.8,0,0,0,-1
238.85,0,0,0,-1
238.9,0,0,0,-1
238.95,0,0,0,-1
239,0,0,0,-1
239.05,0,0,0,-1
239.1,0,0,0,-1
239.15,0,0,0,-1
239.2,0,0,0,-1
239.25,0,0,0,-1
239.3,0,0,0,-1
239.35,0,0,0,-1
239.4,0,0,0,-1
239.45,0,0,0,-1
239.5,0,0,0,-1
239.55,0,0,0,-1
239.6,0,0,0,-1
239.65,0,0,0,-1
239.7,0,0,0,-1
239.75,0,0,0,-1
239.8,0,0,0,-1
239.85,0,0,0,-1
239.9,0,0,0,-1
239.95,0,0,0,-1
240,0,0,0,-1
240.05,0,0,0,-1
240.1,0,0,0,-1
240.15,0,0,0,-1
240.2,0,0,0,-1
240.25,0,0,0,-1
240.3,0,0,0,-1
240.35,0,0,0,-1
240.4,0,0,0,-1
240.45,0,0,0,-1
240.5,0,0,0,-1
240.55,0,0,0,-1
240.6,0,0,0,-1
240.65,0,0,0,-1
240.7,0,0,0,-1
240.75,0,0,0,-1
240.8,0,0,0,-1
240.85,0,0,0,-1
240.9,0,0,0,-1
240.95,0,0,0,-1
241,0,0,0,-1
241.05,0,0,0,-1
241.1,0,0,0,-1
241.15,0,0,0,-1
241.2,0,0,0,-1
241.25,0,0,0,-1
241.3,0,0,0,-1
241.35,0,0,0,-1
241.4,0,0,0,-1
241.45,0,0,0,-1
241.5,0,0,0,-1
241.55,0,0,0,-1
241.6,0,0,0,-1
241.65,0,0,0,-1
241.7,0,0,0,-1
241.75,0,0,0,-1
241.8,0,0,0,-1
241.85,0,0,0,-1
241.9,0,0,0,-1
241.95,0,0,0,-1
242,0,0,0,-1
242.05,0,0,0,-1
242.1,0,0,0,-1
242.15,0,0,0,-1
242.2,0,0,0,-1
242.25,0,0,0,-1
242.3,0,0,0,-1
242.35,0,0,0,-1
242.4,0,0,0,-1
242.45,0,0,0,-1
242.5,0,0,0,-1
242.55,0,0,0,-1
242.6,0,0,0,-1
242.65,0,0,0,-1
242.7,0,0,0,-1
242.75,0,0,0,-1
242.8,0,0,0,-1
242.85,0,0,0,-1
242.9,0,0,0,-1
242.95,0,0,0,-1
243,0,0,0,-1
243.05,0,0,0,-1
243.1,0,0,0,-1
243.15,0,0,0,-1
243.2,0,0,0,-1
243.25,0,0,0,-1
243.3,0,0,0,-1
243.35,0,0,0,-1
243.4,0,0,0,-1
243.45,0,0,0,-1
243.5,0,0,0,-1
243.55,0,0,0,-1
243.6,0,0,0,-1
243.65,0,0,0,-1
243.7,0,0,0,-1
243.75,0,0,0,-1
243.8,0,0,0,-1
243.85,0,0,0,-1
243.9,0,0,0,-1
243.95,0,0,0,-1
244,0,0,0,-1
244.05,0,0,0,-1
244.1,0,0,0,-1
244.15,0,0,0,-1
244.2,0,0,0,-1
244.25,0,0,0,-1
244.3,0,0,0,-1
244.35,0,0,0,-1
244.4,0,0,0,-1
244.45,0,0,0,-1
244.5,0,0,0,-1
244.55,0,0,0,-1
244.6,0,0,0,-1
244.65,0,0,0,-1
244.7,0,0,0,-1
244.75,0,0,0,-1
244.8,0,0,0,-1
244.85,0,0,0,-1
244.9,0,0,0,-1
244.95,0,0,0,-1
245,0,0,0,-1
245.05,0,0,0,-1
245.1,0,0,0,-1
245.15,0,0,0,-1
245.2,0,0,0,-1
245.25,0,0,0,-1
245.3,0,0,0,-1
245.35,0,0,0,-1
245.4,0,0,0,-1
245.45,0,0,0,-1
245.5,0,0,0,-1
245.55,0,0,0,-1
245.6,0,0,0,-1
245.65,0,0,0,-1
245.7,0,0,0,-1
245.75,0,0,0,-1
245.8,0,0,0,-1
245.85,0,0,0,-1
245.9,0,0,0,-1
245.95,0,0,0,-1
246,0,0,0,-1
246.05,0,0,0,-1
246.1,0,0,0,-1
246.15,0,0,0,-1
246.2,0,0,0,-1
246.25,0,0,0,-1
246.3,0,0,0,-1
246.35,0,0,0,-1
246.4,0,0,0,-1
246.45,0,0,0,-1
246.5,0,0,0,-1
246.55,0,0,0,-1
246.6,0,0,0,-1
246.65,0,0,0,-1
246.7,0,0,0,-1
246.75,0,0,0,-1
246.8,0,0,0,-1
246.85,0,0,0,-1
246.9,0,0,0,-1
246.95,0,0,0,-1
247,0,0,0,-1
247.05,0,0,0,-1
247.1,0,0,0,-1
247.15,0,0,0,-1
247.2,0,0,0,-1
247.25,0,0,0,-1
247.3,0,0,0,-1
247.35,0,0,0,-1
247.4,0,0,0,-1
247.45,0,0,0,-1
247.5,0,0,0,-1
247.55,0,0,0,-1
247.6,0,0,0,-1
247.65,0,0,0,-1
247.7,0,0,0,-1
247.75,0,0,0,-1
247.8,0,0,0,-1
247.85,0,0,0,-1
247.9,0,0,0,-1
247.95,0,0,0,-1
248,0,0,0,-1
248.05,0,0,0,-1
248.1,0,0,0,-1
248.15,0,0,0,-1
248.2,0,0,0,-1
248.25,0,0,0,-1
248.3,0,0,0,-1
248.35,0,0,0,-1
248.4,0,0,0,-1
248.45,0,0,0,-1
248.5,0,0,0,-1
248.55,0,0,0,-1
248.6,0,0,0,-1
248.65,0,0,0,-1
248.7,0,0,0,-1
248.75,0,0,0,-1
248.8,0,0,0,-1
248.85,0,0,0,-1
248.9,0,0,0,-1
248.95,0,0,0,-1
249,0,0,0,-1
249.05,0,0,0,-1
249.1,0,0,0,-1
249.15,0,0,0,-1
249.2,0,0,0,-1
249.25,0,0,0,-1
249.3,0,0,0,-1
249.35,0,0,0,-1
249.4,0,0,0,-1
249.45,0,0,0,-1
249.5,0,0,0,-1
249.55,0,0,0,-1
249.6,0,0,0,-1
249.65,0,0,0,-1
249.7,0,0,0,-1
249.75,0,0,0,-1
249.8,0,0,0,-1
249.85,0,0,0,-1
249.9,0,0,0,-1
249.95,0,0,0,-1
250,0,0,0,-1
250.05,0,0,0,-1
250.1,0,0,0,-1
250.15,0,0,0,-1
250.2,0,0,0,-1
250.25,0,0,0,-1
250.3,0,0,0,-1
250.35,0,0,0,-1
250.4,0,0,0,-1
250.45,0,0,0,-1
250.5,0,0,0,-1
250.55,0,0,0,-1
250.6,0,0,0,-1
250.65,0,0,0,-1
250.7,0,0,0,-1
250.75,0,0,0,-1
250.8,0,0,0,-1
250.85,0,0,0,-1
250.9,0,0,0,-1
250.95,0,0,0,-1
251,0,0,0,-1
251.05,0,0,0,-1
251.1,0,0,0,-1
251.15,0,0,0,-1
251.2,0,0,0,-1
251.25,0,0,0,-1
251.3,0,0,0,-1
251.35,0,0,0,-1
251.4,0,0,0,-1
251.45,0,0,0,-1
251.5,0,0,0,-1
251.55,0,0,0,-1
251.6,0,0,0,-1
251.65,0,0,0,-1
251.7,0,0,0,-1
251.75,0,0,0,-1
251.8,0,0,0,-1
251.85,0,0,0,-1
251.9,0,0,0,-1
251.95,0,0,0,-1
252,0,0,0,-1
252.05,0,0,0,-1
252.1,0,0,0,-1
252.15,0,0,0,-1
252.2,0,0,0,-1
252.25,0,0,0,-1
252.3,0,0,0,-1
252.35,0,0,0,-1
252.4,0,0,0,-1
252.45,0,0,0,-1
252.5,0,0,0,-1
252.55,0,0,0,-1
252.6,0,0,0,-1
252.65,0,0,0,-1
252.7,0,0,0,-1
252.75,0,0,0,-1
252.8,0,0,0,-1
252.85,0,0,0,-1
252.9,0,0,0,-1
252.95,0,0,0,-1
253,0,0,0,-1
253.05,0,0,0,-1
253.1,0,0,0,-1
253.15,0,0,0,-1
253.2,0,0,0,-1
253.25,0,0,0,-1
253.3,0,0,0,-1
253.35,0,0,0,-1
253.4,0,0,0,-1
253.45,0,0,0,-1
253.5,0,0,0,-1
253.55,0,0,0,-1
253.6,0,0,0,-1
253.65,0,0,0,-1
253.7,0,0,0,-1
253.75,0,0,0,-1
253.8,0,0,0,-1
253.85,0,0,0,-1
253.9,0,0,0,-1
253.95,0,0,0,-1
254,0,0,0,-1
254.05,0,0,0,-1
254.1,0,0,0,-1
254.15,0,0,0,-1
254.2,0,0,0,-1
254.25,0,0,0,-1
254.3,0,0,0,-1
254.35,0,0,0,-1
254.4,0,0,0,-1
254.45,0,0,0,-1
254.5,0,0,0,-1
254.55,0,0,0,-1
254.6,0,0,0,-1
254.65,0,0,0,-1
254.7,0,0,0,-1
254.75,0,0,0,-1
254.8,0,0,0,-1
254.85,0,0,0,-1
254.9,0,0,0,-1
254.95,0,0,0,-1
255,0,0,0,-1
255.05,0,0,0,-1
255.1,0,0,0,-1
255.15,0,0,0,-1
255.2,0,0,0,-1
255.25,0,0,0,-1
255.3,0,0,0,-1
255.35,0,0,0,-1
255.4,0,0,0,-1
255.45,0,0,0,-1
255.5,0,0,0,-1
255.55,0,0,0,-1
255.6,0,0,0,-1
255.65,0,0,0,-1
255.7,0,0,0,-1
255.75,0,0,0,-1
255.8,0,0,0,-1
255.85,0,0,0,-1
255.9,0,0,0,-1
255.95,0,0,0,-1
256,0,0,0,-1
256.05,0,0,0,-1
256.1,0,0,0,-1
256.15,0,0,0,-1
256.2,0,0,0,-1
256.25,0,0,0,-1
256.3,0,0,0,-1
256.35,0,0,0,-1
256.4,0,0,0,-1
256.45,0,0,0,-1
256.5,0,0,0,-1
256.55,0,0,0,-1
256.6,0,0,0,-1
256.65,0,0,0,-1
256.7,0,0,0,-1
256.75,0,0,0,-1
256.8,0,0,0,-1
256.85,0,0,0,-1
256.9,0,0,0,-1
256.95,0,0,0,-1
257,0,0,0,-1
257.05,0,0,0,-1
257.1,0,0,0,-1
257.15,0,0,0,-1
257.2,0,0,0,-1
257.25,0,0,0,-1
257.3,0,0,0,-1
257.35,0,0,0,-1
257.4,0,0,0,-1
257.45,0,0,0,-1
257.5,0,0,0,-1
257.55,0,0,0,-1
257.6,0,0,0,-1
257.65,0,0,0,-1
257.7,0,0,0,-1
257.75,0,0,0,-1
257.8,0,0,0,-1
257.85,0,0,0,-1
257.9,0,0,0,-1
257.95,0,0,0,-1
258,0,0,0,-1
258.05,0,0,0,-1
258.1,0,0,0,-1
258.15,0,0,0,-1
258.2,0,0,0,-1
258.25,0,0,0,-1
258.3,0,0,0,-1
258.35,0,0,0,-1
258.4,0,0,0,-1
258.45,0,0,0,-1
258.5,0,0,0,-1
258.55,0,0,0,-1
258.6,0,0,0,-1
258.65,0,0,0,-1
258.7,0,0,0,-1
258.75,0,0,0,-1
258.8,0,0,0,-1
258.85,0,0,0,-1
258.9,0,0,0,-1
258.95,0,0,0,-1
259,0,0,0,-1
259.05,0,0,0,-1
259.1,0,0,0,-1
259.15,0,0,0,-1
259.2,0,0,0,-1
259.25,0,0,0,-1
259.3,0,0,0,-1
259.35,0,0,0,-1
259.4,0,0,0,-1
259.45,0,0,0,-1
259.5,0,0,0,-1
259.55,0,0,0,-1
259.6,0,0,0,-1
259.65,0,0,0,-1
259.7,0,0,0,-1
259.75,0,0,0,-1
259.8,0,0,0,-1
259.85,0,0,0,-1
259.9,0,0,0,-1
259.95,0,0,0,-1
260,0,0,0,-1
260.05,0,0,0,-1
260.1,0,0,0,-1
260.15,0,0,0,-1
260.2,0,0,0,-1
260.25,0,0,0,-1
260.3,0,0,0,-1
260.35,0,0,0,-1
260.4,0,0,0,-1
260.45,0,0,0,-1
260.5,0,0,0,-1
260.55,0,0,0,-1
260.6,0,0,0,-1
260.65,0,0,0,-1
260.7,0,0,0,-1
260.75,0,0,0,-1
260.8,0,0,0,-1
260.85,0,0,0,-1
260.9,0,0,0,-1
260.95,0,0,0,-1
261,0,0,0,-1
261.05,0,0,0,-1
261.1,0,0,0,-1
261.15,0,0,0,-1
261.2,0,0,0,-1
261.25,0,0,0,-1
261.3,0,0,0,-1
261.35,0,0,0,-1
261.4,0,0,0,-1
261.45,0,0,0,-1
261.5,0,0,0,-1
261.55,0,0,0,-1
261.6,0,0,0,-1
261.65,0,0,0,-1
261.7,0,0,0,-1
261.75,0,0,0,-1
261.8,0,0,0,-1
261.85,0,0,0,-1
261.9,0,0,0,-1
261.95,0,0,0,-1
262,0,0,0,-1
262.05,0,0,0,-1
262.1,0,0,0,-1
262.15,0,0,0,-1
262.2,0,0,0,-1
262.25,0,0,0,-1
262.3,0,0,0,-1
262.35,0,0,0,-1
262.4,0,0,0,-1
262.45,0,0,0,-1
262.5,0,0,0,-1
262.55,0,0,0,-1
262.6,0,0,0,-1
262.65,0,0,0,-1
262.7,0,0,0,-1
262.75,0,0,0,-1
262.8,0,0,0,-1
262.85,0,0,0,-1
262.9,0,0,0,-1
262.95,0,0,0,-1
263,0,0,0,-1
263.05,0,0,0,-1
263.1,0,0,0,-1
263.15,0,0,0,-1
263.2,0,0,0,-1
263.25,0,0,0,-1
263.3,0,0,0,-1
263.35,0,0,0,-1
263.4,0,0,0,-1
263.45,0,0,0,-1
263.5,0,0,0,-1
263.55,0,0,0,-1
263.6,0,0,0,-1
263.65,0,0,0,-1
263.7,0,0,0,-1
263.75,0,0,0,-1
263.8,0,0,0,-1
263.85,0,0,0,-1
263.9,0,0,0,-1
263.95,0,0,0,-1
264,0,0,0,-1
264.05,0,0,0,-1
264.1,0,0,0,-1
264.15,0,0,0,-1
264.2,0,0,0,-1
264.25,0,0,0,-1
264.3,0,0,0,-1
264.35,0,0,0,-1
264.4,0,0,0,-1
264.45,0,0,0,-1
264.5,0,0,0,-1
264.55,0,0,0,-1
264.6,0,0,0,-1
264.65,0,0,0,-1
264.7,0,0,0,-1
264.75,0,0,0,-1
264.8,0,0,0,-1
264.85,0,0,0,-1
264.9,0,0,0,-1
264.95,0,0,0,-1
265,0,0,0,-1
265.05,0,0,0,-1
265.1,0,0,0,-1
265.15,0,0,0,-1
265.2,0,0,0,-1
265.25,0,0,0,-1
265.3,0,0,0,-1
265.35,0,0,0,-1
265.4,0,0,0,-1
265.45,0,0,0,-1
265.5,0,0,0,-1
265.55,0,0,0,-1
265.6,0,0,0,-1
265.65,0,0,0,-1
265.7,0,0,0,-1
265.75,0,0,0,-1
265.8,0,0,0,-1
265.85,0,0,0,-1
265.9,0,0,0,-1
265.95,0,0,0,-1
266,0,0,0,-1
266.05,0,0,0,-1
266.1,0,0,0,-1
266.15,0,0,0,-1
266.2,0,0,0,-1
266.25,0,0,0,-1
266.3,0,0,0,-1
266.35,0,0,0,-1
266.4,0,0,0,-1
266.45,0,0,0,-1
266.5,0,0,0,-1
266.55,0,0,0,-1
266.6,0,0,0,-1
266.65,0,0,0,-1
266.7,0,0,0,-1
266.75,0,0,0,-1
266.8,0,0,0,-1
266.85,0,0,0,-1
266.9,0,0,0,-1
266.95,0,0,0,-1
267,0,0,0,-1
267.05,0,0,0,-1
267.1,0,0,0,-1
267.15,0,0,0,-1
267.2,0,0,0,-1
267.25,0,0,0,-1
267.3,0,0,0,-1
267.35,0,0,0,-1
267.4,0,0,0,-1
267.45,0,0,0,-1
267.5,0,0,0,-1
267.55,0,0,0,-1
267.6,0,0,0,-1
267.65,0,0,0,-1
267.7,0,0,0,-1
267.75,0,0,0,-1
267.8,0,0,0,-1
267.85,0,0,0,-1
267.9,0,0,0,-1
267.95,0,0,0,-1
268,0,0,0,-1
268.05,0,0,0,-1
268.1,0,0,0,-1
268.15,0,0,0,-1
268.2,0,0,0,-1
268.25,0,0,0,-1
268.3,0,0,0,-1
268.35,0,0,0,-1
268.4,0,0,0,-1
268.45,0,0,0,-1
268.5,0,0,0,-1
268.55,0,0,0,-1
268.6,0,0,0,-1
268.65,0,0,0,-1
268.7,0,0,0,-1
268.75,0,0,0,-1
268.8,0,0,0,-1
268.85,0,0,0,-1
268.9,0,0,0,-1
268.95,0,0,0,-1
269,0,0,0,-1
269.05,0,0,0,-1
269.1,0,0,0,-1
269.15,0,0,0,-1
269.2,0,0,0,-1
269.25,0,0,0,-1
269.3,0,0,0,-1
269.35,0,0,0,-1
269.4,0,0,0,-1
269.45,0,0,0,-1
269.5,0,0,0,-1
269.55,0,0,0,-1
269.6,0,0,0,-1
269.65,0,0,0,-1
269.7,0,0,0,-1
269.75,0,0,0,-1
269.8,0,0,0,-1
269.85,0,0,0,-1
269.9,0,0,0,-1
269.95,0,0,0,-1
270,0,0,0,-1
270.05,0,0,0,-1
270.1,0,0,0,-1
270.15,0,0,0,-1
270.2,0,0,0,-1
270.25,0,0,0,-1
270.3,0,0,0,-1
270.35,0,0,0,-1
270.4,0,0,0,-1
270.45,0,0,0,-1
270.5,0,0,0,-1
270.55,0,0,0,-1
270.6,0,0,0,-1
270.65,0,0,0,-1
270.7,0,0,0,-1
270.75,0,0,0,-1
270.8,0,0,0,-1
270.85,0,0,0,-1
270.9,0,0,0,-1
270.95,0,0,0,-1
271,0,0,0,-1
271.05,0,0,0,-1
271.1,0,0,0,-1
271.15,0,0,0,-1
271.2,0,0,0,-1
271.25,0,0,0,-1
271.3,0,0,0,-1
271.35,0,0,0,-1
271.4,0,0,0,-1
271.45,0,0,0,-1
271.5,0,0,0,-1
271.55,0,0,0,-1
271.6,0,0,0,-1
271.65,0,0,0,-1
271.7,0,0,0,-1
271.75,0,0,0,-1
271.8,0,0,0,-1
271.85,0,0,0,-1
271.9,0,0,0,-1
271.95,0,0,0,-1
272,0,0,0,-1
272.05,0,0,0,-1
272.1,0,0,0,-1
272.15,0,0,0,-1
272.2,0,0,0,-1
272.25,0,0,0,-1
272.3,0,0,0,-1
272.35,0,0,0,-1
272.4,0,0,0,-1
272.45,0,0,0,-1
272.5,0,0,0,-1
272.55,0,0,0,-1
272.6,0,0,0,-1
272.65,0,0,0,-1
272.7,0,0,0,-1
272.75,0,0,0,-1
272.8,0,0,0,-1
272.85,0,0,0,-1
272.9,0,0,0,-1
272.95,0,0,0,-1
273,0,0,0,-1
273.05,0,0,0,-1
273.1,0,0,0,-1
273.15,0,0,0,-1
273.2,0,0,0,-1
273.25,0,0,0,-1
273.3,0,0,0,-1
273.35,0,0,0,-1
273.4,0,0,0,-1
273.45,0,0,0,-1
273.5,0,0,0,-1
273.55,0,0,0,-1
273.6,0,0,0,-1
273.65,0,0,0,-1
273.7,0,0,0,-1
273.75,0,0,0,-1
273.8,0,0,0,-1
273.85,0,0,0,-1
273.9,0,0,0,-1
273.95,0,0,0,-1
274,0,0,0,-1
274.05,0,0,0,-1
274.1,0,0,0,-1
274.15,0,0,0,-1
274.2,0,0,0,-1
274.25,0,0,0,-1
274.3,0,0,0,-1
274.35,0,0,0,-1
274.4,0,0,0,-1
274.45,0,0,0,-1
274.5,0,0,0,-1
274.55,0,0,0,-1
274.6,0,0,0,-1
274.65,0,0,0,-1
274.7,0,0,0,-1
274.75,0,0,0,-1
274.8,0,0,0,-1
274.85,0,0,0,-1
274.9,0,0,0,-1
274.95,0,0,0,-1
275,0,0,0,-1
275.05,0,0,0,-1
275.1,0,0,0,-1
275.15,0,0,0,-1
275.2,0,0,0,-1
275.25,0,0,0,-1
275.3,0,0,0,-1
275.35,0,0,0,-1
275.4,0,0,0,-1
275.45,0,0,0,-1
275.5,0,0,0,-1
275.55,0,0,0,-1
275.6,0,0,0,-1
275.65,0,0,0,-1
275.7,0,0,0,-1
275.75,0,0,0,-1
275.8,0,0,0,-1
275.85,0,0,0,-1
275.9,0,0,0,-1
275.95,0,0,0,-1
276,0,0,0,-1
276.05,0,0,0,-1
276.1,0,0,0,-1
276.15,0,0,0,-1
276.2,0,0,0,-1
276.25,0,0,0,-1
276.3,0,0,0,-1
276.35,0,0,0,-1
276.4,0,0,0,-1
276.45,0,0,0,-1
276.5,0,0,0,-1
276.55,0,0,0,-1
276.6,0,0,0,-1
276.65,0,0,0,-1
276.7,0,0,0,-1
276.75,0,0,0,-1
276.8,0,0,0,-1
276.85,0,0,0,-1
276.9,0,0,0,-1
276.95,0,0,0,-1
277,0,0,0,-1
277.05,0,0,0,-1
277.1,0,0,0,-1
277.15,0,0,0,-1
277.2,0,0,0,-1
277.25,0,0,0,-1
277.3,0,0,0,-1
277.35,0,0,0,-1
277.4,0,0,0,-1
277.45,0,0,0,-1
277.5,0,0,0,-1
277.55,0,0,0,-1
277.6,0,0,0,-1
277.65,0,0,0,-1
277.7,0,0,0,-1
277.75,0,0,0,-1
277.8,0,0,0,-1
277.85,0,0,0,-1
277.9,0,0,0,-1
277.95,0,0,0,-1
278,0,0,0,-1
278.05,0,0,0,-1
278.1,0,0,0,-1
278.15,0,0,0,-1
278.2,0,0,0,-1
278.25,0,0,0,-1
278.3,0,0,0,-1
278.35,0,0,0,-1
278.4,0,0,0,-1
278.45,0,0,0,-1
278.5,0,0,0,-1
278.55,0,0,0,-1
278.6,0,0,0,-1
278.65,0,0,0,-1
278.7,0,0,0,-1
278.75,0,0,0,-1
278.8,0,0,0,-1
278.85,0,0,0,-1
278.9,0,0,0,-1
278.95,0,0,0,-1
279,0,0,0,-1
279.05,0,0,0,-1
279.1,0,0,0,-1
279.15,0,0,0,-1
279.2,0,0,0,-1
279.25,0,0,0,-1
279.3,0,0,0,-1
279.35,0,0,0,-1
279.4,0,0,0,-1
279.45,0,0,0,-1
279.5,0,0,0,-1
279.55,0,0,0,-1
279.6,0,0,0,-1
279.65,0,0,0,-1
279.7,0,0,0,-1
279.75,0,0,0,-1
279.8,0,0,0,-1
279.85,0,0,0,-1
279.9,0,0,0,-1
279.95,0,0,0,-1
280,0,0,0,-1
280.05,0,0,0,-1
280.1,0,0,0,-1
280.15,0,0,0,-1
280.2,0,0,0,-1
280.25,0,0,0,-1
280.3,0,0,0,-1
280.35,0,0,0,-1
280.4,0,0,0,-1
280.45,0,0,0,-1
280.5,0,0,0,-1
280.55,0,0,0,-1
280.6,0,0,0,-1
280.65,0,0,0,-1
280.7,0,0,0,-1
280.75,0,0,0,-1
280.8,0,0,0,-1
280.85,0,0,0,-1
280.9,0,0,0,-1
280.95,0,0,0,-1
281,0,0,0,-1
281.05,0,0,0,-1
281.1,0,0,0,-1
281.15,0,0,0,-1
281.2,0,0,0,-1
281.25,0,0,0,-1
281.3,0,0,0,-1
281.35,0,0,0,-1
281.4,0,0,0,-1
281.45,0,0,0,-1
281.5,0,0,0,-1
281.55,0,0,0,-1
281.6,0,0,0,-1
281.65,0,0,0,-1
281.7,0,0,0,-1
281.75,0,0,0,-1
281.8,0,0,0,-1
281.85,0,0,0,-1
281.9,0,0,0,-1
281.95,0,0,0,-1
282,0,0,0,-1
282.05,0,0,0,-1
282.1,0,0,0,-1
282.15,0,0,0,-1
282.2,0,0,0,-1
282.25,0,0,0,-1
282.3,0,0,0,-1
282.35,0,0,0,-1
282.4,0,0,0,-1
282.45,0,0,0,-1
282.5,0,0,0,-1
282.55,0,0,0,-1
282.6,0,0,0,-1
282.65,0,0,0,-1
282.7,0,0,0,-1
282.75,0,0,0,-1
282.8,0,0,0,-1
282.85,0,0,0,-1
282.9,0,0,0,-1
282.95,0,0,0,-1
283,0,0,0,-1
283.05,0,0,0,-1
283.1,0,0,0,-1
283.15,0,0,0,-1
283.2,0,0,0,-1
283.25,0,0,0,-1
283.3,0,0,0,-1
283.35,0,0,0,-1
283.4,0,0,0,-1
283.45,0,0,0,-1
283.5,0,0,0,-1
283.55,0,0,0,-1
283.6,0,0,0,-1
283.65,0,0,0,-1
283.7,0,0,0,-1
283.75,0,0,0,-1
283.8,0,0,0,-1
283.85,0,0,0,-1
283.9,0,0,0,-1
283.95,0,0,0,-1
284,0,0,0,-1
284.05,0,0,0,-1
284.1,0,0,0,-1
284.15,0,0,0,-1
284.2,0,0,0,-1
284.25,0,0,0,-1
284.3,0,0,0,-1
284.35,0,0,0,-1
284.4,0,0,0,-1
284.45,0,0,0,-1
284.5,0,0,0,-1
284.55,0,0,0,-1
284.6,0,0,0,-1
284.65,0,0,0,-1
284.7,0,0,0,-1
284.75,0,0,0,-1
284.8,0,0,0,-1
284.85,0,0,0,-1
284.9,0,0,0,-1
284.95,0,0,0,-1
285,0,0,0,-1
285.05,0,0,0,-1
285.1,0,0,0,-1
285.15,0,0,0,-1
285.2,0,0,0,-1
285.25,0,0,0,-1
285.3,0,0,0,-1
285.35,0,0,0,-1
285.4,0,0,0,-1
285.45,0,0,0,-1
285.5,0,0,0,-1
285.55,0,0,0,-1
285.6,0,0,0,-1
285.65,0,0,0,-1
285.7,0,0,0,-1
285.75,0,0,0,-1
285.8,0,0,0,-1
285.85,0,0,0,-1
285.9,0,0,0,-1
285.95,0,0,0,-1
286,0,0,0,-1
286.05,0,0,0,-1
286.1,0,0,0,-1
286.15,0,0,0,-1
286.2,0,0,0,-1
286.25,0,0,0,-1
286.3,0,0,0,-1
286.35,0,0,0,-1
286.4,0,0,0,-1
286.45,0,0,0,-1
286.5,0,0,0,-1
286.55,0,0,0,-1
286.6,0,0,0,-1
286.65,0,0,0,-1
286.7,0,0,0,-1
286.75,0,0,0,-1
286.8,0,0,0,-1
286.85,0,0,0,-1
286.9,0,0,0,-1
286.95,0,0,0,-1
287,0,0,0,-1
287.05,0,0,0,-1
287.1,0,0,0,-1
287.15,0,0,0,-1
287.2,0,0,0,-1
287.25,0,0,0,-1
287.3,0,0,0,-1
287.35,0,0,0,-1
287.4,0,0,0,-1
287.45,0,0,0,-1
287.5,0,0,0,-1
287.55,0,0,0,-1
287.6,0,0,0,-1
287.65,0,0,0,-1
287.7,0,0,0,-1
287.75,0,0,0,-1
287.8,0,0,0,-1
287.85,0,0,0,-1
287.9,0,0,0,-1
287.95,0,0,0,-1
288,0,0,0,-1
288.05,0,0,0,-1
288.1,0,0,0,-1
288.15,0,0,0,-1
288.2,0,0,0,-1
288.25,0,0,0,-1
288.3,0,0,0,-1
288.35,0,0,0,-1
288.4,0,0,0,-1
288.45,0,0,0,-1
288.5,0,0,0,-1
288.55,0,0,0,-1
288.6,0,0,0,-1
288.65,0,0,0,-1
288.7,0,0,0,-1
288.75,0,0,0,-1
288.8,0,0,0,-1
288.85,0,0,0,-1
288.9,0,0,0,-1
288.95,0,0,0,-1
289,0,0,0,-1
289.05,0,0,0,-1
289.1,0,0,0,-1
289.15,0,0,0,-1
289.2,0,0,0,-1
289.25,0,0,0,-1
289.3,0,0,0,-1
289.35,0,0,0,-1
289.4,0,0,0,-1
289.45,0,0,0,-1
289.5,0,0,0,-1
289.55,0,0,0,-1
289.6,0,0,0,-1
289.65,0,0,0,-1
289.7,0,0,0,-1
289.75,0,0,0,-1
289.8,0,0,0,-1
289.85,0,0,0,-1
289.9,0,0,0,-1
289.95,0,0,0,-1
290,0,0,0,-1
290.05,0,0,0,-1
290.1,0,0,0,-1
290.15,0,0,0,-1
290.2,0,0,0,-1
290.25,0,0,0,-1
290.3,0,0,0,-1
290.35,0,0,0,-1
290.4,0,0,0,-1
290.45,0,0,0,-1
290.5,0,0,0,-1
290.55,0,0,0,-1
290.6,0,0,0,-1
290.65,0,0,0,-1
290.7,0,0,0,-1
290.75,0,0,0,-1
290.8,0,0,0,-1
290.85,0,0,0,-1
290.9,0,0,0,-1
290.95,0,0,0,-1
291,0,0,0,-1
291.05,0,0,0,-1
291.1,0,0,0,-1
291.15,0,0,0,-1
291.2,0,0,0,-1
291.25,0,0,0,-1
291.3,0,0,0,-1
291.35,0,0,0,-1
291.4,0,0,0,-1
291.45,0,0,0,-1
291.5,0,0,0,-1
291.55,0,0,0,-1
291.6,0,0,0,-1
291.65,0,0,0,-1
291.7,0,0,0,-1
291.75,0,0,0,-1
291.8,0,0,0,-1
291.85,0,0,0,-1
291.9,0,0,0,-1
291.95,0,0,0,-1
292,0,0,0,-1
292.05,0,0,0,-1
292.1,0,0,0,-1
292.15,0,0,0,-1
292.2,0,0,0,-1
292.25,0,0,0,-1
292.3,0,0,0,-1
292.35,0,0,0,-1
292.4,0,0,0,-1
292.45,0,0,0,-1
292.5,0,0,0,-1
292.55,0,0,0,-1
292.6,0,0,0,-1
292.65,0,0,0,-1
292.7,0,0,0,-1
292.75,0,0,0,-1
292.8,0,0,0,-1
292.85,0,0,0,-1
292.9,0,0,0,-1
292.95,0,0,0,-1
293,0,0,0,-1
293.05,0,0,0,-1
293.1,0,0,0,-1
293.15,0,0,0,-1
293.2,0,0,0,-1
293.25,0,0,0,-1
293.3,0,0,0,-1
293.35,0,0,0,-1
293.4,0,0,0,-1
293.45,0,0,0,-1
293.5,0,0,0,-1
293.55,0,0,0,-1
293.6,0,0,0,-1
293.65,0,0,0,-1
293.7,0,0,0,-1
293.75,0,0,0,-1
293.8,0,0,0,-1
293.85,0,0,0,-1
293.9,0,0,0,-1
293.95,0,0,0,-1
294,0,0,0,-1
294.05,0,0,0,-1
294.1,0,0,0,-1
294.15,0,0,0,-1
294.2,0,0,0,-1
294.25,0,0,0,-1
294.3,0,0,0,-1
294.35,0,0,0,-1
294.4,0,0,0,-1
294.45,0,0,0,-1
294.5,0,0,0,-1
294.55,0,0,0,-1
294.6,0,0,0,-1
294.65,0,0,0,-1
294.7,0,0,0,-1
294.75,0,0,0,-1
294.8,0,0,0,-1
294.85,0,0,0,-1
294.9,0,0,0,-1
294.95,0,0,0,-1
295,0,0,0,-1
295.05,0,0,0,-1
295.1,0,0,0,-1
295.15,0,0,0,-1
295.2,0,0,0,-1
295.25,0,0,0,-1
295.3,0,0,0,-1
295.35,0,0,0,-1
295.4,0,0,0,-1
295.45,0,0,0,-1
295.5,0,0,0,-1
295.55,0,0,0,-1
295.6,0,0,0,-1
295.65,0,0,0,-1
295.7,0,0,0,-1
295.75,0,0,0,-1
295.8,0,0,0,-1
295.85,0,0,0,-1
295.9,0,0,0,-1
295.95,0,0,0,-1
296,0,0,0,-1
296.05,0,0,0,-1
296.1,0,0,0,-1
296.15,0,0,0,-1
296.2,0,0,0,-1
296.25,0,0,0,-1
296.3,0,0,0,-1
296.35,0,0,0,-1
296.4,0,0,0,-1
296.45,0,0,0,-1
296.5,0,0,0,-1
296.55,0,0,0,-1
296.6,0,0,0,-1
296.65,0,0,0,-1
296.7,0,0,0,-1
296.75,0,0,0,-1
296.8,0,0,0,-1
296.85,0,0,0,-1
296.9,0,0,0,-1
296.95,0,0,0,-1
297,0,0,0,-1
297.05,0,0,0,-1
297.1,0,0,0,-1
297.15,0,0,0,-1
297.2,0,0,0,-1
297.25,0,0,0,-1
297.3,0,0,0,-1
297.35,0,0,0,-1
297.4,0,0,0,-1
297.45,0,0,0,-1
297.5,0,0,0,-1
297.55,0,0,0,-1
297.6,0,0,0,-1
297.65,0,0,0,-1
297.7,0,0,0,-1
297.75,0,0,0,-1
297.8,0,0,0,-1
297.85,0,0,0,-1
297.9,0,0,0,-1
297.95,0,0,0,-1
298,0,0,0,-1
298.05,0,0,0,-1
298.1,0,0,0,-1
298.15,0,0,0,-1
298.2,0,0,0,-1
298.25,0,0,0,-1
298.3,0,0,0,-1
298.35,0,0,0,-1
298.4,0,0,0,-1
298.45,0,0,0,-1
298.5,0,0,0,-1
298.55,0,0,0,-1
298.6,0,0,0,-1
298.65,0,0,0,-1
298.7,0,0,0,-1
298.75,0,0,0,-1
298.8,0,0,0,-1
298.85,0,0,0,-1
298.9,0,0,0,-1
298.95,0,0,0,-1
299,0,0,0,-1
299.05,0,0,0,-1
299.1,0,0,0,-1
299.15,0,0,0,-1
299.2,0,0,0,-1
299.25,0,0,0,-1
299.3,0,0,0,-1
299.35,0,0,0,-1
299.4,0,0,0,-1
299.45,0,0,0,-1
299.5,0,0,0,-1
299.55,0,0,0,-1
299.6,0,0,0,-1
299.65,0,0,0,-1
299.7,0,0,0,-1
299.75,0,0,0,-1
299.8,0,0,0,-1
299.85,0,0,0,-1
299.9,0,0,0,-1
299.95,0,0,0,-1
300,0,0,0,-1
